gift_id,donor_id,first_name,last_name,email,phone,constituent_type,class_year,capacity_tier,city,state,gift_date,gift_amount,fund_designation
G200001,CA100712,Nicholas,Garcia,nicholas.garcia172@hotmail.com,648-557-4172x15622,Alumni,1999,Medium,South Johnshire,ND,2023-12-20,598.61,Unrestricted
G200002,CA101486,Oscar,Patterson,oscar.patterson215@hotmail.com,,Parent,,Low,Gomezhaven,ID,2026-08-02,148.27,Annual Fund
G200003,CA101477,Alicia,Ortega,alicia.ortega731@yahoo.com,4168276292,Friend,,High,Grahamhaven,MP,2025-06-30,6178.43,Unrestricted
G200004,CA100532,Andrea,King,andrea.king326@hotmail.com,(657)416-1768x802,Parent,,Medium,Brandonshire,AR,2023-10-31,230.12,Annual Fund
G200005,CA100561,Kristen,Sheppard,kristen.sheppard634@yahoo.com,(796)208-9319x925,Alumni,2015,Low,South Sarah,NM,2024-05-22,56.04,Annual Fund
G200006,CA101350,Megan,Nicholson,megan.nicholson282@hotmail.com,224.652.8413x5694,Alumni,1989,Low,Robinmouth,IL,2022-07-26,48.58,Unrestricted
G200007,CA101735,Joseph,Mahoney,josephmahoney313@yahoocom,001-547-361-2189,Alumni,2007,Low,South Erica,WV,2025-02-10,53.9,Athletics
G200008,CA100446,Paula,Warner,paula.warner587@yahoo.com,+1-711-880-7156,Alumni,1974,Medium,Port Katrina,UT,"December 01, 2025",322.55,Annual Fund
G200009,CA101611,Emily,Hughes,emily.hughes817@yahoo.com,+1-256-749-6741x9916,Alumni,2011,Low,New Erin,MS,"December 17, 2025",37.9,Scholarship Fund
G200010,CA101401,Jeffery,Walker,jeffery.walker868@gmail.com,,Parent,,Low,North Stephanieville,GA,2025-08-07,90.95,Annual Fund
G200011,CA100527,John,Hoover,john.hoover965@gmail.com,618.592.3923x1260,Parent,,Low,South Andres,ID,24-Oct-2023,172.81,Annual Fund
G200012,CA100158,Christopher,Beck,christopher.beck110@hotmail.com,(506)943-6110,Alumni,1968,Medium,East Brittneyhaven,TX,2026-04-25,270.01,Endowment
G200013,CA100050,Patrick,Chase,patrick.chase438@yahoo.com,7573662702,Parent,,Low,Garciamouth,AL,2024-10-13,44.6,Athletics
G200014,CA101273,Christopher,Barber,christopher.barber325@gmail.com,999-800-9378x14604,Parent,,Low,West Jeffreyhaven,PW,05/04/2023,47.63,Annual Fund
G200015,CA100641,Daniel,Mccarthy,daniel.mccarthy397@gmail.com,767.441.2415x131,Parent,,High,Joshuahaven,TX,2025-10-03,3162.65,Scholarship Fund
G200016,CA101345,Stephanie,Rivera,stephanie.rivera87@hotmail.com,265.255.7512x47640,Parent,,Low,Millsmouth,NC,2022-12-08,123.17,Scholarship Fund
G200017,CA101290,Shannon,MORROW,shannon.morrow216@hotmail.com,8397670243,Friend,,High,Port Kathy,UT,2025-06-15,3292.94,Unrestricted
G200018,CA100903,Matthew,Johnson,matthew.johnson918@gmail.com,001-700-201-5291x13717,Friend,,Medium,Lake Edwardstad,MD,2023-11-12,319.23,Athletics
G200019,CA100236,Adam,Sanchez,adam.sanchez856@gmail.com,001-364-452-5777x547,Parent,,Low,Port Juanberg,MH,17-Oct-2024,121.32,Athletics
G200020,CA100741,Robin,Davis,robin.davis990@yahoo.com,797-226-3475x57522,Faculty/Staff,,Principal,East Bonniehaven,UT,11/04/2024,61885.29,Scholarship Fund
G200021,CA100834,Andrea,Long,andrea.long590@gmail.com,847.578.9489,Alumni,1976,Low,Brentchester,SC,2024-02-08,140.75,Annual Fund
G200022,CA100303,Courtney,Wilson,courtney.wilson621@gmail.com,209.940.7778,Alumni,2005,Low,East Brianna,NJ,2023-07-04,107.5,Annual Fund
G200023,CA101567,Eric,Butler,eric.butler159@hotmail.com,391-206-1669,Alumni,2015,Low,Port Pamelahaven,SC,03/16/2023,175.91,Capital Campaign
G200024,CA100149,Daniel,Lambert,daniel.lambert390@yahoo.com,359.469.6915x57924,Alumni,1987,Medium,Davidport,DE,2026-06-28,313.94,Athletics
G200025,CA101211,Kevin,Thompson,kevin.thompson497@gmail.com,763.946.0191x530,Parent,,Principal,Lake Kyle,PR,2022-11-29,42928.46,Athletics
G200026,CA101291,  Kyle ,Bell,,001-664-481-8754x036,Alumni,,Low,West Morganshire,NV,2025-03-04,69.35,Endowment
G200027,CA101679,Mary,Savage,mary.savage775@hotmail.com,,Friend,,Medium,Lake Elijahfurt,SC,2026-02-19,1098.66,Athletics
G200028,CA101204,Eileen,PETERS,,001-345-782-9420x340,Alumni,1986,Low,West Kathryn,KY,2025-04-06,39.1,Unrestricted
G200029,CA101040,Eugene,Green,eugene.green169@yahoo.com,912.361.6850,Parent,,Low,Port Michaelside,SD,2024-04-13,150.62,Scholarship Fund
G200030,CA101497,Sarah,Coleman,sarah.coleman50@gmail.com,396-830-3995,Alumni,2012,Principal,Everettport,MA,12/12/2025,15902.99,Athletics
G200031,CA100560,Jennifer,Savage,jennifer.savage421@hotmail.com,542.701.6542,Parent,,Low,Olsonside,UT,2023-12-14,88.7,Annual Fund
G200032,CA100288,Daniel,Gutierrez,daniel.gutierrez216@yahoo.com,(435)959-0425x979,Alumni,1992,Low,Port Jesusstad,FL,2023-06-11,41.52,Annual Fund
G200033,CA101636,  Rachel ,Barker,rachel.barker696@gmail.com,,Parent,,Low,Nicholstown,NE,2024-07-26,53.99,Unrestricted
G200034,CA100258,Joshua,White,joshua.white139_at_hotmail.com,763-892-0867x808,Alumni,2005,High,South Tiffany,UT,2026-06-16,5238.71,Annual Fund
G200035,CA100538,Frank,Thompson,frank.thompson777@yahoo.com,+1-393-812-1637x61820,Alumni,1991,Low,Smithtown,WV,2022-12-09,50.72,Scholarship Fund
G200036,CA101038,Michelle,Braun,michelle.braun690@hotmail.com,,Alumni,2006,Low,New Cheryl,FM,2026-04-07,69.52,Endowment
G200037,CA100078,Jacob,Jacobs,jacob.jacobs919@hotmail.com,(507)915-1820,Alumni,1988,Low,Warrenburgh,MN,2024-04-11,38.67,Unrestricted
G200038,CA100072,Michael,Rodriguez,michael.rodriguez26_at_hotmail.com,+1-497-684-0369x00343,Organization,,Medium,Marktown,NM,2023-09-24,214.38,Athletics
G200039,CA100383,Charles,Walton,charles.walton635@yahoo.com,234.877.8485x880,Faculty/Staff,,Low,South Shannonfurt,NV,29-Dec-2022,119.02,Endowment
G200040,CA100137,Christian,Mcgee,christian.mcgee473@yahoo.com,8167315999,Alumni,1971,Medium,Lake Joshuamouth,NM,2022-09-18,393.61,Athletics
G200041,CA100480,Scott,Thompson,scott.thompson57@hotmail.com,9832708164,Parent,,Medium,North Kelseyborough,IA,2023-07-04,531.04,Scholarship Fund
G200042,CA101003,Wayne,Berry,wayne.berry8@gmail.com,986-488-3906x246,Alumni,1985,Medium,Guzmanland,NE,2025-03-12,666.84,Scholarship Fund
G200043,CA101546,Steve,Warren,steve.warren77@yahoo.com,5366562036,Alumni,2003,High,Erinborough,SC,2023-11-19,5146.59,Annual Fund
G200044,CA101352,  Dylan ,Wiggins,dylan.wiggins594@gmail.com,215.989.2584,Alumni,2008,Low,Port Larry,AZ,"March 28, 2025",195.64,Endowment
G200045,CA101742,Aaron,Rogers,aaron.rogers494@gmail.com,912.626.0082x2837,Alumni,2018,Medium,South Kimberly,MD,2024-09-09,589.27,Capital Campaign
G200046,CA100549,Erin,Liu,erin.liu714@hotmail.com,001-449-584-3624x186,Alumni,2002,Medium,Montgomerybury,MO,2022-10-02,395.8,Capital Campaign
G200047,CA101097,Lisa,Smith,lisa.smith298@gmail.com,(520)819-7121x24139,Parent,,Medium,Fordshire,SD,2025-12-08,180.0,Scholarship Fund
G200048,CA101479,Louis,Nichols,louis.nichols552@gmail.com,559-777-7265x97640,Parent,,Low,West Anthonyland,PW,2024-05-13,46.45,Unrestricted
G200049,CA100431,David,Sherman,david.sherman357@gmail.com,749.607.5399x893,Alumni,2000,Low,Elizabethshire,TX,2025-07-02,77.67,Endowment
G200050,CA100765,Jack,Lee,jack.lee523@hotmail.com,001-770-271-3984x8228,Friend,,Low,Lake Cameronhaven,ND,2022-07-28,74.87,Annual Fund
G200051,CA101027,Ryan,Wilson,ryan.wilson721@gmail.com,698.276.1081x43561,Friend,,Principal,New Keith,MD,03/09/2024,27668.96,Endowment
G200052,CA100557,Eric,Ross,eric.ross533@gmail.com,367.315.7787,Alumni,2002,Medium,Lake Daniel,MO,2024-09-28,1596.54,Endowment
G200053,CA100156,Aaron,Schroeder,aaron.schroeder560@hotmail.com,975-618-6363,Alumni,2005,Low,Mariamouth,OH,2025-07-14,132.29,Scholarship Fund
G200054,CA100801,Nicole,Hicks,nicole.hicks550@gmail.com,(532)680-9448x5862,Alumni,2009,Medium,Jamesview,MO,23-Apr-2024,181.63,Endowment
G200055,CA100415,Brenda,Gibson,brenda.gibson548@hotmail.com,294.252.3219x416,Parent,,Low,Wilsonburgh,SD,2023-09-29,99.97,Unrestricted
G200056,CA101439,Daniel,Mendoza,daniel.mendoza675@hotmail.com,,Alumni,2009,Low,Johnsonfort,SC,2025-04-13,93.48,Athletics
G200057,CA100926,Angela,Jacobs,angela.jacobs357@hotmail.com,001-771-384-2859x6932,Friend,,Medium,Andrewhaven,FM,2025-08-27,351.57,Athletics
G200058,CA100171,Ryan,Brandt,ryan.brandt932@gmail.com,,Alumni,2019,Medium,Josemouth,AS,2025-03-30,244.37,Annual Fund
G200059,CA100969,Stephanie,Jimenez,stephanie.jimenez822@hotmail.com,001-412-279-9702x9271,Faculty/Staff,,Medium,Johnmouth,WV,2022-10-29,468.83,Athletics
G200060,CA101708,Stephanie,Mcdonald,stephanie.mcdonald275@gmail.com,001-679-939-5795x5192,Alumni,1994,Medium,Evelynland,CA,2024-10-10,237.46,Athletics
G200061,CA101627,Melanie,Meza,melanie.meza924@hotmail.com,730-469-5235x786,Alumni,1988,Medium,Christopherhaven,MA,2023-10-26,394.18,Endowment
G200062,CA101514,Linda,Butler,linda.butler528@gmail.com,+1-542-815-2483x19686,Alumni,1981,Low,Timothyview,MS,2026-09-10,58.05,Scholarship Fund
G200063,CA100079,Nathan,Campbell,nathan.campbell861@yahoo.com,001-759-305-1518x64492,Faculty/Staff,,High,West Kyle,SD,2025-06-09,7458.02,Endowment
G200064,CA100018,William,King,william.king740@gmail.com,964-800-5242,Alumni,,Low,North Charlesberg,ND,2026-04-16,66.1,Athletics
G200065,CA101331,Sarah,Huang,sarah.huang45@yahoo.com,(799)424-2773x9238,Alumni,2001,Medium,East Johnburgh,AK,"December 09, 2025",248.53,Athletics
G200066,CA100947,Samuel,Crawford,samuel.crawford560@gmail.com,(258)893-7085,Alumni,2004,Low,Lake Colleen,IA,04/04/2023,62.14,Endowment
G200067,CA100852,Christy,Mitchell,christy.mitchell313@gmail.com,791.977.6808x98126,Faculty/Staff,,Low,Douglasborough,CO,2022-07-12,53.54,Scholarship Fund
G200068,CA100939,April,Beltran,april.beltran841@gmail.com,,Alumni,2020,Medium,Jessicafort,WY,17-May-2023,335.21,Endowment
G200069,CA101287,Sharon,Jennings,sharon.jennings570@hotmail.com,+1-461-227-6620x808,Alumni,2017,Low,New David,AR,2024-10-03,71.24,Unrestricted
G200070,CA100158,Christopher,Beck,christopher.beck110@hotmail.com,(506)943-6110,Alumni,1968,Medium,East Brittneyhaven,TX,2023-07-01,448.68,Annual Fund
G200071,CA101320,Katherine,Carroll,katherine.carroll493@hotmail.com,+1-253-419-2600x986,Alumni,2004,Medium,Baileyfort,LA,2025-10-25,607.19,Endowment
G200072,CA100969,Stephanie,Jimenez,stephanie.jimenez822@hotmail.com,001-412-279-9702x9271,Faculty/Staff,,Medium,Johnmouth,WV,2025-12-11,283.64,Scholarship Fund
G200073,CA100159,  Sean ,Smith,sean.smith675@yahoo.com,362-771-3611,Alumni,2011,Medium,Nicoleberg,MS,2024-04-30,412.2,Annual Fund
G200074,CA101584,Thomas,Fowler,thomas.fowler302@gmail.com,822-284-8349x276,Parent,,Low,Ryanton,CO,2025-06-04,74.68,Annual Fund
G200075,CA100340,Sean,Mosley,sean.mosley561@gmail.com,+1-800-864-2569x0877,Faculty/Staff,,Low,New Jeremiahfurt,UT,2025-03-30,279.27,Athletics
G200076,CA100891,John,Williams,john.williams282@yahoo.com,(473)585-7368x011,Alumni,2016,Medium,Delacruzborough,NH,09-Feb-2025,488.07,Athletics
G200077,CA101146,Andrew,Smith,andrew.smith56@hotmail.com,547.648.5994x641,Alumni,1994,Principal,South Stevenport,MP,"July 22, 2022",18440.42,Athletics
G200078,CA100635,Troy,Keith,troy.keith144@gmail.com,(370)421-6487,Alumni,2020,Low,Port Ryanburgh,CA,2024-01-11,184.44,Athletics
G200079,CA101424,Donald,Robinson,donald.robinson947@gmail.com,943.476.9929x64447,Friend,,Low,Leahtown,ND,2025-09-14,114.59,Endowment
G200080,CA101294,Charles,Chavez,charles.chavez616@hotmail.com,001-462-535-6999,Alumni,1975,Low,West Karen,WA,2026-02-16,85.86,Annual Fund
G200081,CA101460,Ann,Holland,ann.holland157@yahoo.com,915-502-5285x46130,Alumni,2019,Low,New Sabrinafort,DC,2023-03-27,29.15,Annual Fund
G200082,CA100127,Dennis,Sanchez,dennis.sanchez235@gmail.com,517-551-8304x69901,Faculty/Staff,,Low,Clarkmouth,ME,2023-08-02,29.33,
G200083,CA101737,Heather,Wright,heather.wright363@gmail.com,,Alumni,1996,Low,Nathanmouth,AS,2026-03-22,121.59,Endowment
G200084,CA101689,Lindsey,Johnson,lindsey.johnson804_at_gmail.com,570.517.7375x949,Alumni,1986,Low,South Allisonville,FM,2023-06-19,117.09,Athletics
G200085,CA100838,Stephen,Martin,stephen.martin537@gmail.com,841.903.4699,Alumni,2002,Medium,East Craig,CO,2022-07-07,106.74,Unrestricted
G200086,CA101163,Thomas,Smith,thomas.smith731@hotmail.com,(925)215-2174x65353,Faculty/Staff,,Medium,New Anneville,MI,2024-04-11,682.88,Annual Fund
G200087,CA100445,Natalie,Clark,natalie.clark61@hotmail.com,254-974-3553x79502,Alumni,2014,Medium,North Emilychester,OH,2023-11-18,524.85,Endowment
G200088,CA100391,Zachary,Powers,zachary.powers307@hotmail.com,(808)229-7374,Alumni,1989,Principal,West Steven,IA,2024-08-15,132791.37,Scholarship Fund
G200089,CA100847,Garrett,Hodge,garrett.hodge809@gmail.com,8318954196,Organization,,Low,Nathanielmouth,NM,"June 28, 2023",67.39,Athletics
G200090,CA101003,Wayne,Berry,wayne.berry8@gmail.com,986-488-3906x246,Alumni,1985,Medium,Guzmanland,NE,06-Jun-2025,319.17,Endowment
G200091,CA101709,Timothy,Robinson,timothy.robinson4@yahoo.com,403.786.2567x611,Alumni,1995,Low,Jessicaburgh,IL,2026-06-08,98.16,Endowment
G200092,CA100424,Eric,Clayton,eric.clayton46@hotmail.com,5159619318,Parent,,High,Victoriastad,WI,17-May-2025,3794.41,Athletics
G200093,CA100236,Adam,Sanchez,adam.sanchez856@gmail.com,001-364-452-5777x547,Parent,,Low,Port Juanberg,MH,2025-02-11,93.65,Athletics
G200094,CA100069,Jeremy,Patterson,jeremy.patterson524@hotmail.com,001-499-480-9402x44550,Alumni,2006,Low,Jonestown,CO,2022-07-17,75.93,Capital Campaign
G200095,CA100205,Patricia,Hatfield,patricia.hatfield774@gmail.com,421-975-2500x74329,Friend,,Low,East Christinachester,MO,2025-07-24,59.26,Annual Fund
G200096,CA101215,Brian,Barber,brian.barber889@hotmail.com,001-668-421-2156x49525,Alumni,1980,Low,South Donnaview,AS,2023-11-11,101.02,Athletics
G200097,CA100821,Megan,Perez,megan.perez956@yahoo.com,001-811-222-2990x775,Parent,,High,Cynthiaville,MT,01/03/2024,7913.83,Capital Campaign
G200098,CA100340,Sean,Mosley,sean.mosley561@gmail.com,+1-800-864-2569x0877,Faculty/Staff,,Low,New Jeremiahfurt,UT,10/19/2022,115.39,Athletics
G200099,CA100708,Jason,Shaw,jason.shaw151_at_yahoo.com,001-487-414-9392x52362,Faculty/Staff,,High,Suefort,SD,"April 29, 2023",-2809.04,Scholarship Fund
G200100,CA100483,Jason,Robinson,jason.robinson800@hotmail.com,495-601-3649x718,Faculty/Staff,,Low,New Markfurt,TX,"May 12, 2023",155.19,
G200101,CA100204,Michelle,Silva,michelle.silva454@hotmail.com,273-481-6846,Alumni,2020,High,East Matthew,OK,2025-02-22,2665.24,Capital Campaign
G200102,CA100196,Jenna,Powell,jenna.powell107@hotmail.com,001-202-733-0307,Alumni,2011,Medium,West Micheal,NH,2024-09-26,340.44,Athletics
G200103,CA100869,Jeffrey,Underwood,jeffrey.underwood632@gmail.com,(206)901-4886x0849,Parent,,Low,New Donna,LA,2026-04-02,107.61,Unrestricted
G200104,CA100364,Logan,Cooper,logan.cooper95@yahoo.com,482.284.1067x275,Alumni,1981,Principal,Deborahport,NJ,2022-07-04,65035.06,Capital Campaign
G200105,CA100282,William,Sandoval,william.sandoval602@hotmail.com,+1-575-858-5566x593,Friend,,Low,Michaelmouth,NV,"January 07, 2023",90.01,Endowment
G200106,CA100637,Shannon,Davenport,shannon.davenport111@yahoo.com,001-772-929-8120x99576,Alumni,1991,Low,New Jennifer,KY,2024-11-10,52.29,Capital Campaign
G200107,CA100952,  Ann ,Myers,ann.myers352@yahoo.com,7789468509,Friend,,High,Mallorybury,AL,03/05/2026,5231.96,Annual Fund
G200108,CA101038,Michelle,Braun,michelle.braun690@hotmail.com,,Alumni,2006,Low,New Cheryl,FM,03-Apr-2026,75.0,Annual Fund
G200109,CA101298,Manuel,Santana,manuel.santana8@hotmail.com,220.799.8656x4224,Friend,,High,North April,IN,2026-06-28,7978.26,Unrestricted
G200110,CA100366,Danielle,Silva,danielle.silva742@gmail.com,001-243-701-8718x63759,Faculty/Staff,,Medium,Hernandezchester,MN,"May 21, 2024",279.01,Endowment
G200111,CA101664,Matthew,Ross,matthew.ross352@hotmail.com,+1-426-972-8007,Organization,,Medium,Port Aaron,SC,2025-02-06,1014.75,Annual Fund
G200112,CA100102,Mitchell,Hoffman,mitchell.hoffman851@yahoo.com,671.847.3210,Alumni,2012,Low,Wrightburgh,GU,22-May-2024,260.97,Annual Fund
G200113,CA100730,Bryan,Diaz,bryan.diaz270@hotmail.com,6824137118,Parent,,Low,Kurtchester,OH,2022-09-11,79.15,Athletics
G200114,CA100811,Devin,Middleton,devin.middleton45@hotmail.com,478.520.5829x582,Friend,,Medium,Millerchester,FM,07/28/2026,304.15,Capital Campaign
G200115,CA100938,Shannon,Fleming,shannon.fleming868@gmail.com,(378)912-7782x2102,Parent,,Medium,North Courtney,KS,2026-08-09,521.84,Unrestricted
G200116,CA100763,Taylor,Rodriguez,,9624113695,Alumni,2002,Principal,Harperton,TN,2025-05-15,186837.09,Annual Fund
G200117,CA100618,Cathy,Gray,cathy.gray605@hotmail.com,001-908-370-6626x6821,Friend,,High,Michaelmouth,NE,2023-12-09,2710.36,Endowment
G200118,CA100887,Brian,Ellis,brian.ellis306@yahoo.com,261.942.4426,Alumni,1997,Low,New Shawnport,SD,22-May-2026,111.62,Athletics
G200119,CA100894,Diane,Dominguez,diane.dominguez539@gmail.com,736.751.1893x9406,Organization,,Low,Hawkinsburgh,AK,"April 23, 2025",48.38,Unrestricted
G200120,CA100583,Christopher,Miranda,christopher.miranda654@hotmail.com,558-233-1170,Friend,,Low,South Lori,ID,2024-10-26,64.79,Athletics
G200121,CA101300,Thomas,Diaz,thomas.diaz180_at_hotmail.com,7799661869,Parent,,Medium,Port Kathy,PW,2024-04-25,317.23,Unrestricted
G200122,CA101693,Kevin,Patterson,kevin.patterson288@gmail.com,487-923-8586x539,Alumni,2001,Low,Tranland,KS,2025-07-13,84.92,
G200123,CA100709,Caitlin,Butler,caitlin.butler614@hotmail.com,634-874-5245x557,Parent,,Low,Farmertown,WV,2025-04-17,124.74,Endowment
G200124,CA100825,Alan,Beard,alan.beard228@gmail.com,337-433-7773x12688,Parent,,Medium,Port William,VI,2025-06-19,444.26,Athletics
G200125,CA100957,Lisa,Pacheco,lisa.pacheco259@yahoo.com,,Parent,,Medium,Brownmouth,VI,2022-08-17,237.68,Athletics
G200126,CA100480,Scott,Thompson,scott.thompson57@hotmail.com,9832708164,Parent,,Medium,North Kelseyborough,IA,03/10/2023,305.63,Scholarship Fund
G200127,CA100592,Stephen,Carey,stephen.carey341@yahoo.com,,Parent,,Low,Patriciafort,DE,2026-08-13,64.86,Unrestricted
G200128,CA100856,Lisa,Hamilton,lisa.hamilton894@yahoo.com,584-976-0944x12833,Alumni,2003,Medium,North Heidi,NY,2026-01-11,714.52,Endowment
G200129,CA100650,Michelle,Jones,michelle.jones55@hotmail.com,001-760-808-9219x6394,Organization,,Low,West Joshuaborough,CT,2024-10-05,90.4,Capital Campaign
G200130,CA100321,Kristen,Graham,kristen.graham424@yahoo.com,+1-932-719-7199,Faculty/Staff,,Low,Port Seanport,MO,2025-06-25,140.07,Capital Campaign
G200131,CA100201,Edward,Cannon,edward.cannon411_at_gmail.com,,Alumni,1986,High,Guerreroberg,VA,2024-10-18,1990.61,Annual Fund
G200132,CA101269,Joshua,Patterson,joshua.patterson584@gmail.com,,Alumni,2001,Medium,Murphymouth,CT,2024-10-15,404.95,Athletics
G200133,CA101281,Linda,Ford,linda.ford86@yahoo.com,001-508-564-9426x9420,Parent,,Low,Lake Kelliemouth,ME,2026-08-30,87.66,Endowment
G200134,CA100395,Daniel,Navarro,,898.547.1391x55963,Alumni,2000,Low,North Gregory,KY,2023-11-03,128.81,Endowment
G200135,CA100600,Susan,Fisher,,+1-843-498-5298x940,Alumni,1979,Principal,Santiagomouth,AS,2024-12-25,44220.05,Scholarship Fund
G200136,CA100227,Joseph,Martin,joseph.martin625@yahoo.com,6579202590,Alumni,1972,Principal,Charlesmouth,NC,2026-09-11,10303.51,Endowment
G200137,CA100962,Stacy,Day,stacy.day451@gmail.com,001-302-458-2543x1832,Organization,,Medium,Port Bryan,ID,2023-03-05,359.48,Unrestricted
G200138,CA100048,Stacey,Holland,stacey.holland928@gmail.com,448.346.7737x8263,Organization,,Medium,Kendrachester,MA,2024-09-23,279.39,Endowment
G200139,CA101467,Michael,Armstrong,michael.armstrong767@gmail.com,+1-747-959-7833x54883,Alumni,2016,Low,New Jacobport,OK,2023-03-12,241.98,Athletics
G200140,CA101621,Vicki,Hughes,vicki.hughes205@yahoo.com,327-307-9959x4761,Alumni,1981,High,South Stephanieshire,NJ,"May 26, 2024",1701.09,Scholarship Fund
G200141,CA100198,Melissa,Chan,melissa.chan232@gmail.com,433.446.8007,Friend,,Low,East Johnnyport,VT,2026-06-22,55.92,Scholarship Fund
G200142,CA101411,Jennifer,Brown,jennifer.brown157@hotmail.com,698.599.4885x669,Friend,,Low,North Mikeshire,SC,"September 06, 2025",72.01,Annual Fund
G200143,CA100590,Tracy,Wright,tracy.wright141@gmail.com,3093438822,Alumni,2020,Low,Lindamouth,NV,2026-07-06,108.9,Endowment
G200144,CA101378,Nicole,Taylor,nicole.taylor877@yahoo.com,3187637263,Faculty/Staff,,Low,Englishmouth,MI,"April 27, 2023",45.31,Capital Campaign
G200145,CA101742,Aaron,Rogers,aaron.rogers494@gmail.com,912.626.0082x2837,Alumni,2018,Medium,South Kimberly,MD,2023-12-14,263.54,Unrestricted
G200146,CA100831,Keith,Palmer,keith.palmer427@yahoo.com,539-435-4358x64496,Alumni,2009,Principal,Jamesstad,VT,2026-02-08,26475.58,Unrestricted
G200147,CA101772,Kaitlyn,Gardner,kaitlyn.gardner802@gmail.com,,Alumni,2019,Principal,Duffymouth,HI,2024-08-16,97000.72,Annual Fund
G200148,CA100459,Michael,Jones,michael.jones926@gmail.com,+1-212-547-3950,Alumni,2013,Medium,West Grant,FM,2023-03-02,160.72,Athletics
G200149,CA101307,Cassidy,Jones,cassidy.jones26@yahoo.com,505.358.1157x44965,Faculty/Staff,,Medium,Williamsfort,GU,2026-03-22,416.62,Endowment
G200150,CA100137,Christian,Mcgee,christian.mcgee473@yahoo.com,8167315999,Alumni,1971,Medium,Lake Joshuamouth,NM,10/23/2022,872.86,Unrestricted
G200151,CA101514,Linda,Butler,linda.butler528@gmail.com,+1-542-815-2483x19686,Alumni,1981,Low,Timothyview,MS,"June 29, 2023",133.94,Unrestricted
G200152,CA101521,Michael,Meyers,michael.meyers405@hotmail.com,001-561-269-4963x78811,Parent,,Low,Morenoburgh,UT,2025-10-12,91.89,Capital Campaign
G200153,CA101600,Larry,Frazier,larry.frazier775@yahoo.com,001-721-559-3896x763,Faculty/Staff,,Medium,Tuckerbury,MN,2025-03-01,173.75,Unrestricted
G200154,CA100614,Christian,Patton,christian.patton900@yahoo.com,517-630-9850,Faculty/Staff,,High,Peterstad,CA,14-Feb-2023,3637.45,Capital Campaign
G200155,CA101650,John,Mclaughlin,john.mclaughlin955@yahoo.com,940-742-3169x79206,Friend,,Medium,Sophiabury,RI,2023-11-28,712.05,Unrestricted
G200156,CA100673,Deborah,Garcia,,927-582-0797x9966,Alumni,2016,Medium,Jennifermouth,NJ,05-Mar-2024,409.71,Unrestricted
G200157,CA101149,Pam,Johnson,pam.johnson216@yahoo.com,(270)466-4890,Alumni,1989,Medium,Amandaview,MI,2023-07-09,406.84,Athletics
G200158,CA101015,Sarah,Merritt,sarah.merritt385@yahoo.com,,Friend,,Medium,Taylorchester,WY,"December 24, 2024",364.81,Endowment
G200159,CA101594,Stephanie,Schneider,stephanie.schneider997@yahoo.com,734.794.3148x722,Parent,,Medium,Haydenmouth,MO,2024-03-17,238.82,Unrestricted
G200160,CA101248,Susan,Richard,susan.richard460@hotmail.com,6226154390,Faculty/Staff,,Low,New Jeffreyburgh,MI,2023-07-29,42.21,Scholarship Fund
G200161,CA100321,Kristen,Graham,kristen.graham424@yahoo.com,+1-932-719-7199,Faculty/Staff,,Low,Port Seanport,MO,2025-11-01,66.07,Endowment
G200162,CA100966,Scott,Martinez,scott.martinez950@yahoo.com,(417)233-7399,Alumni,,Low,Hunterberg,OK,2026-09-04,76.73,Athletics
G200163,CA100854,Jason,Ritter,jason.ritter264@gmail.com,,Alumni,2012,Medium,West Jessicaland,IN,2023-04-13,186.01,
G200164,CA100427,Christopher,Watson,christopher.watson656@yahoo.com,(732)286-3266x678,Alumni,2008,Low,Thomastown,VT,2022-08-18,108.51,Capital Campaign
G200165,CA100408,Scott,Zhang,scott.zhang971@hotmail.com,677.512.1513x4228,Alumni,2016,Low,New Katieburgh,MT,2024-01-13,175.42,Scholarship Fund
G200166,CA101477,Alicia,Ortega,alicia.ortega731@yahoo.com,4168276292,Friend,,High,Grahamhaven,MP,12-Mar-2026,30558.24,Endowment
G200167,CA101242,Andrea,Davis,andrea.davis640@yahoo.com,(364)971-0680,Alumni,1998,Low,Stephensontown,PW,01-Jun-2024,97.37,Athletics
G200168,CA100966,Scott,Martinez,scott.martinez950@yahoo.com,(417)233-7399,Alumni,,Low,Hunterberg,OK,07-May-2023,46.08,Unrestricted
G200169,CA100180,Benjamin,BROWN,benjamin.brown793@hotmail.com,708.470.5932,Alumni,1990,High,Brianberg,OR,2026-03-15,2669.64,Unrestricted
G200170,CA100287,Warren,Ayala,warren.ayala578_at_gmail.com,001-327-683-7693x89833,Alumni,2000,High,Morrisshire,CO,2026-06-26,4232.72,Athletics
G200171,CA100439,Janice,Clay,janice.clay469@yahoo.com,789-856-9070,Alumni,2003,High,South Andrew,NC,2024-05-13,1460.57,Endowment
G200172,CA100047,Cindy,Jimenez,cindy.jimenez352@yahoo.com,001-603-248-2477x10932,Alumni,2012,Medium,Davisville,NH,2025-03-23,143.31,Unrestricted
G200173,CA100764,Sarah,Wang,sarah.wang665@gmail.com,001-835-809-0254x25730,Alumni,2014,Medium,West William,IN,2025-04-28,166.53,Athletics
G200174,CA101177,Dennis,Romero,dennis.romero504@gmail.com,572.670.2896x6605,Alumni,2015,Medium,New Christopher,AS,2023-01-05,335.82,Annual Fund
G200175,CA101733,Sarah,Vega,sarah.vega943@yahoo.com,232-573-5514x97249,Alumni,1983,Low,East John,NJ,2026-02-21,182.66,Annual Fund
G200176,CA100567,Lisa,Wilkins,lisa.wilkins178@hotmail.com,452-896-3863x96096,Alumni,2003,Low,South Rebecca,NC,2023-05-08,69.01,Annual Fund
G200177,CA100929,Aaron,Cooper,aaron.cooper349@yahoo.com,+1-412-899-6508x26958,Alumni,1975,Low,Claytonside,MS,2024-12-02,97.25,Capital Campaign
G200178,CA101696,Lori,Nichols,lori.nichols214@hotmail.com,401.945.5703x934,Alumni,2014,Medium,Lake Amberfurt,MO,2025-10-09,325.31,Athletics
G200179,CA100410,Diane,Rivera,diane.rivera117@gmail.com,+1-897-359-2304x5018,Alumni,1989,Medium,Scottbury,WI,"July 04, 2026",775.01,Scholarship Fund
G200180,CA100631,Justin,Johnson,justin.johnson688@hotmail.com,(456)257-4902x504,Friend,,High,New Jasonmouth,NY,2025-07-11,6555.81,Annual Fund
G200181,CA100471,Carrie,Franklin,carrie.franklin507@yahoo.com,,Faculty/Staff,,Low,Harrisfurt,CA,01/07/2024,106.69,Scholarship Fund
G200182,CA101797,Jennifer,Hatfield,jennifer.hatfield976@gmail.com,270.907.1580,Parent,,Low,West Dianaside,MT,"August 07, 2024",165.77,Endowment
G200183,CA100100,Rachel,Morgan,rachel.morgan849@hotmail.com,2019094396,Parent,,Low,Dawnport,NJ,18-Aug-2024,83.43,Annual Fund
G200184,CA101184,Julie,Nixon,julie.nixon697@gmail.com,001-233-364-7704x1309,Alumni,2021,Low,Jameschester,AK,2023-03-04,112.09,Endowment
G200185,CA100648,Katie,Brown,katie.brown597@gmail.com,535.583.2863x42556,Parent,,Medium,North Meganhaven,CT,2025-05-04,361.18,Athletics
G200186,CA100033,Anthony,Wright,anthony.wright949@gmail.com,+1-323-427-1937x452,Alumni,1988,Medium,Danieltown,ME,2024-03-26,196.36,Capital Campaign
G200187,CA100469,Jennifer,Clark,,298.777.5153x66377,Friend,,High,New Morgan,ME,2024-01-14,3954.13,Athletics
G200188,CA100363,Christine,Martin,christine.martin543@hotmail.com,722-422-3105x9274,Alumni,2007,Low,New Jasmine,TN,2026-05-24,95.92,Annual Fund
G200189,CA101774,Jeffrey,Little,jeffrey.little70@yahoo.com,001-757-535-6232x77004,Parent,,Low,Alyssashire,NJ,2023-05-19,120.43,Scholarship Fund
G200190,CA101519,Tracy,Rodriguez,tracy.rodriguez112@hotmail.com,(556)758-1898x10617,Friend,,Medium,Hensleyville,MT,2023-02-10,1054.94,Annual Fund
G200191,CA101280,Sarah,Lowe,sarah.lowe782@gmail.com,439.892.8919x8271,Alumni,2001,Low,Tammyborough,WI,2022-08-28,45.33,Athletics
G200192,CA101505,Lindsay,Sanchez,lindsay.sanchez11@yahoo.com,+1-790-834-5029,Alumni,1981,Low,Juarezton,IA,2025-06-10,48.21,
G200193,CA100188,Thomas,Wilson,thomas.wilson152_at_yahoo.com,674.918.6256x5270,Friend,,Low,Bakerview,OK,2025-02-06,83.63,Unrestricted
G200194,CA101657,Gloria,Evans,gloria.evans252@yahoo.com,(241)919-9255x1253,Alumni,2011,Low,New Christopherbury,GU,2023-12-09,106.75,Endowment
G200195,CA101368,Jeffery,Taylor,jeffery.taylor66@yahoo.com,437.983.1597x5729,Friend,,Low,North William,OH,2025-09-12,128.42,Scholarship Fund
G200196,CA100292,Sara,Smith,sara.smith409@gmail.com,245.676.2055x54384,Alumni,1972,High,Zamoratown,OH,10/05/2024,2081.64,Unrestricted
G200197,CA100378,Derek,Farmer,derek.farmer237_at_hotmail.com,580-815-7164x7947,Organization,,Medium,Tracichester,ID,2025-02-01,566.11,Unrestricted
G200198,CA100546,Thomas,Anderson,thomas.anderson84@gmail.com,5555247286,Parent,,Low,North Julie,DE,"March 16, 2026",116.37,Endowment
G200199,CA101637,Brandon,Miller,brandon.miller889@yahoo.com,979-223-2671x48581,Alumni,1984,Low,West Bradleyville,OK,2023-07-09,81.16,Endowment
G200200,CA100331,Michaela,Smith,michaela.smith847@gmail.com,,Parent,,Low,New Joanne,TN,2024-06-04,82.3,Unrestricted
G200201,CA100928,David,Gallagher,david.gallagher473@gmail.com,+1-572-434-8389x3595,Parent,,Low,Port Loriport,GU,2024-01-24,113.2,Unrestricted
G200202,CA100381,Joshua,REEVES,joshua.reeves740@hotmail.com,001-646-457-9678,Faculty/Staff,,Medium,Rodriguezview,NM,2025-07-29,109.39,Annual Fund
G200203,CA101063,Kara,Vaughn,kara.vaughn435@yahoo.com,(916)588-0053,Alumni,1990,Medium,New Tiffanyberg,NY,2022-08-22,131.7,Scholarship Fund
G200204,CA101699,Jodi,Hunt,jodi.hunt410@hotmail.com,001-338-246-9908x67233,Alumni,1999,Medium,Elizabethhaven,DE,2024-06-11,165.61,Capital Campaign
G200205,CA101775,Jeffery,David,jeffery.david626@yahoo.com,622.285.7042,Alumni,2013,Low,West Matthew,LA,2022-08-04,91.0,Endowment
G200206,CA100310,Timothy,Wells,timothy.wells429@gmail.com,+1-727-227-8576x0849,Alumni,2014,Medium,New Gina,AS,2025-06-26,463.07,Scholarship Fund
G200207,CA100341,Lisa,Olson,lisa.olson875@hotmail.com,+1-755-346-0158,Friend,,Medium,Hodgesport,SD,2026-01-20,349.47,Scholarship Fund
G200208,CA100311,Sabrina,Flynn,sabrina.flynn754@gmail.com,(840)456-8299,Alumni,1982,Medium,Port Kimberlyport,VT,2023-08-19,1029.12,Capital Campaign
G200209,CA100862,Cody,Obrien,cody.obrien424@hotmail.com,506-652-7758x4466,Faculty/Staff,,Low,Jasonmouth,FL,2026-09-21,169.84,Endowment
G200210,CA101502,Rebecca,Choi,rebecca.choi965@gmail.com,532.481.6291x087,Alumni,2012,Low,North Brittney,IA,05/25/2023,47.41,Scholarship Fund
G200211,CA100858,Robert,Good,robert.good701@yahoo.com,(614)537-7693x663,Parent,,Low,West Erik,MD,2022-11-22,80.17,Athletics
G200212,CA101486,Oscar,Patterson,oscar.patterson215@hotmail.com,,Parent,,Low,Gomezhaven,ID,2024-05-01,52.64,Annual Fund
G200213,CA101580,Matthew,Miller,matthew.miller547@yahoo.com,,Alumni,2007,Low,North Sharon,MD,2024-03-03,110.88,Unrestricted
G200214,CA100144,Donna,Espinoza,donna.espinoza877@yahoo.com,279-779-6886,Alumni,2013,Principal,North Kaylastad,GA,2024-11-19,67710.24,Endowment
G200215,CA101553,James,Rhodes,james.rhodes627@yahoo.com,,Alumni,1995,Medium,Riggstown,VI,08/07/2026,257.08,Unrestricted
G200216,CA101740,Bryan,Wallace,bryan.wallace7@yahoo.com,+1-206-217-9067x01512,Alumni,2008,Low,New Melinda,KS,2024-11-10,214.06,Annual Fund
G200217,CA101482,Allen,Thomas,allen.thomas576@gmail.com,2119250186,Friend,,High,Georgetown,MO,2023-11-27,3831.32,
G200218,CA100994,Lynn,Baker,lynn.baker896@yahoo.com,,Parent,,High,North Jason,AR,2026-03-25,1616.93,Endowment
G200219,CA101158,Joseph,Day,joseph.day403@hotmail.com,495.685.5852,Alumni,2018,Medium,Lake Meagan,DC,2024-08-22,309.29,Annual Fund
G200220,CA100201,Edward,Cannon,edward.cannon411_at_gmail.com,,Alumni,1986,High,Guerreroberg,VA,2024-07-08,3304.05,Endowment
G200221,CA100806,Donald,Bryant,donald.bryant852@gmail.com,607-620-1137,Parent,,Medium,Lake Annaland,VA,"December 18, 2024",509.8,Unrestricted
G200222,CA100816,Christine,Gillespie,christine.gillespie273@hotmail.com,,Alumni,1995,Medium,Lake Traviston,NM,04/01/2026,959.86,Scholarship Fund
G200223,CA100673,Deborah,Garcia,,927-582-0797x9966,Alumni,2016,Medium,Jennifermouth,NJ,2023-12-02,1270.17,Endowment
G200224,CA100509,Cynthia,Wallace,cynthia.wallace940@gmail.com,911-617-8309,Faculty/Staff,,Low,Port Brittanyfurt,NJ,"June 01, 2026",37.12,Athletics
G200225,CA101143,Tara,Barnes,tara.barnes261@hotmail.com,+1-838-445-7202x6656,Parent,,Low,Baileyville,DC,2024-09-29,150.37,Scholarship Fund
G200226,CA100683,Jessica,Schmidt,jessica.schmidt186@yahoo.com,621.781.2276,Alumni,1988,Medium,Barkerbury,PW,2023-10-10,289.94,Athletics
G200227,CA101309,Andrew,Clark,,(220)438-5886x4078,Friend,,Low,Morrismouth,CO,2024-08-22,72.74,Endowment
G200228,CA100896,Shannon,Montgomery,shannon.montgomery625@gmail.com,835-246-2127,Faculty/Staff,,Medium,West Austin,HI,2025-10-04,810.85,Unrestricted
G200229,CA101549,Steven,Patterson,steven.patterson176@hotmail.com,(926)636-7850x89897,Alumni,1995,Medium,Burchstad,RI,2022-12-03,434.86,Annual Fund
G200230,CA101358,Lisa,Joyce,lisa.joyce24@hotmail.com,241-976-7553x98188,Alumni,2003,Medium,South Willie,MI,26-Jun-2025,353.1,Scholarship Fund
G200231,CA101507,Gerald,Williams,gerald.williams732@yahoo.com,433-446-0184,Alumni,1982,Low,North Jimmyside,GA,10/04/2023,59.67,Annual Fund
G200232,CA100560,Jennifer,Savage,jennifer.savage421@hotmail.com,542.701.6542,Parent,,Low,Olsonside,UT,12/18/2024,111.52,Scholarship Fund
G200233,CA100042,Susan,Garcia,susan.garcia469@gmail.com,+1-934-612-3281x2067,Alumni,2016,High,East Keithport,UT,2025-08-13,6842.45,Unrestricted
G200234,CA101062,Michael,Lozano,michael.lozano910@gmail.com,797.705.9161x18638,Faculty/Staff,,High,Lake Briannamouth,OK,2024-08-31,3868.49,Endowment
G200235,CA101641,Eric,ANDERSON,eric.anderson826@hotmail.com,988-531-2497,Alumni,1987,Principal,Ericksonmouth,NJ,2023-10-24,21692.79,Athletics
G200236,CA100658,Jacqueline,Gonzalez,jacqueline.gonzalez77@gmail.com,+1-375-710-9792,Friend,,Low,West Courtney,ID,2025-05-05,56.25,Unrestricted
G200237,CA101237,Adam,Kramer,adamkramer72@hotmailcom,792.573.9615x97640,Alumni,1995,High,Robertton,WA,2025-08-08,1805.22,Scholarship Fund
G200238,CA100108,Thomas,Coffey,thomas.coffey436@hotmail.com,001-430-597-2896,Organization,,Low,New Stacyville,ID,2022-11-10,84.72,Scholarship Fund
G200239,CA101331,Sarah,Huang,sarah.huang45@yahoo.com,(799)424-2773x9238,Alumni,2001,Medium,East Johnburgh,AK,2023-04-29,200.72,Athletics
G200240,CA101166,Jesus,Velazquez,,621-918-9684x42464,Faculty/Staff,,Low,Samuelside,PW,2024-09-19,69.98,Capital Campaign
G200241,CA100623,Shawn,Wilson,shawn.wilson98@yahoo.com,8449964104,Parent,,Medium,Port Patrickmouth,AZ,2024-10-11,268.94,Unrestricted
G200242,CA101766,Kristin,Mendoza,kristin.mendoza293@gmail.com,(256)811-5686x22307,Alumni,2013,Medium,Christinahaven,AK,2022-11-23,566.95,Unrestricted
G200243,CA100398,Jonathan,Davis,jonathan.davis729@gmail.com,832-375-6041x7765,Organization,,Medium,Lake Jose,CA,2023-07-03,210.84,Annual Fund
G200244,CA100244,Zachary,Sullivan,zachary.sullivan928@hotmail.com,+1-404-413-7977x2369,Alumni,1992,Principal,Garymouth,NH,2026-06-05,28145.64,Capital Campaign
G200245,CA100971,  Krystal ,Roy,krystal.roy9@hotmail.com,920.704.8797,Alumni,,Medium,Lake Jody,VT,2024-06-27,228.93,Capital Campaign
G200246,CA100377,Teresa,Garcia,teresa.garcia838@gmail.com,875.392.7125x66383,Alumni,1988,Medium,Davidville,NC,2026-02-15,296.37,Athletics
G200247,CA101241,Daniel,Adams,daniel.adams287@hotmail.com,(498)430-5216x9039,Friend,,Medium,East Julieshire,WY,2023-01-12,145.39,
G200248,CA100627,John,Delgado,john.delgado413@hotmail.com,2149954277,Alumni,2013,Low,South Benjaminstad,NJ,2023-07-22,132.48,Capital Campaign
G200249,CA100707,Connie,Rodriguez,connie.rodriguez588@gmail.com,705.487.7221x6417,Alumni,2022,Low,Port Daniel,IN,2024-12-19,56.08,Scholarship Fund
G200250,CA100911,Jason,Collins,jason.collins147@yahoo.com,670-264-6255,Alumni,2003,Principal,South Kristina,VA,03/30/2024,124148.16,Annual Fund
G200251,CA101061,Caitlin,Smith,caitlin.smith360@yahoo.com,815-423-8023,Parent,,Low,Lake Lauraburgh,CA,2023-05-14,65.57,Athletics
G200252,CA101122,Amanda,Knapp,amanda.knapp509@gmail.com,+1-872-658-1225x90956,Faculty/Staff,,Low,Robinberg,IA,01-Apr-2025,54.9,Capital Campaign
G200253,CA100983,Natalie,Welch,natalie.welch401@gmail.com,840.930.1095,Parent,,Low,Richardsonport,RI,2025-05-30,272.23,Endowment
G200254,CA101177,Dennis,Romero,dennis.romero504@gmail.com,572.670.2896x6605,Alumni,2015,Medium,New Christopher,AS,2026-02-07,623.36,Athletics
G200255,CA100599,Sara,Murray,sara.murray138@gmail.com,(861)828-7585x7567,Alumni,2010,Low,Johnsonside,AK,2022-12-16,174.9,Capital Campaign
G200256,CA101248,Susan,Richard,susan.richard460@hotmail.com,6226154390,Faculty/Staff,,Low,New Jeffreyburgh,MI,2024-02-09,74.45,Endowment
G200257,CA100385,Troy,Arellano,troy.arellano83@hotmail.com,,Friend,,Medium,Katieport,MD,2025-09-12,783.46,Endowment
G200258,CA100057,Tammy,Phillips,tammy.phillips482@yahoo.com,871-223-6851,Alumni,2008,Low,Amandamouth,MN,2025-07-06,51.56,Endowment
G200259,CA101073,Mary,Davis,mary.davis710@gmail.com,236-925-8542x188,Alumni,2016,Low,Lake Cindychester,FL,"September 30, 2022",165.63,Annual Fund
G200260,CA100453,Brian,Bishop,brian.bishop548@yahoo.com,810-580-4661,Alumni,2009,Low,South Patrickchester,FM,2023-08-28,109.57,
G200261,CA100421,Briana,Cohen,briana.cohen26@hotmail.com,,Faculty/Staff,,Medium,Andersonport,VA,10/11/2023,326.46,Capital Campaign
G200262,CA101369,Kim,Clark,kim.clark583@gmail.com,(591)458-5423,Parent,,Medium,Christopherstad,CA,03/26/2024,765.61,Endowment
G200263,CA101413,Michael,Green,michael.green513@gmail.com,600.214.4130x6862,Alumni,,Medium,Stricklandville,FM,2025-03-26,180.61,Annual Fund
G200264,CA101425,Julian,Lopez,julian.lopez767@hotmail.com,,Alumni,2010,Medium,West Grant,ME,2022-11-22,553.16,Annual Fund
G200265,CA100136,Erica,Fernandez,erica.fernandez727@yahoo.com,,Friend,,Medium,Port Vanessa,VA,2023-12-08,248.5,Endowment
G200266,CA101098,Shawn,Johnson,shawn.johnson377@hotmail.com,831.226.7731x9227,Alumni,1990,Medium,Haleyshire,NC,2023-03-02,88.12,Scholarship Fund
G200267,CA101019,Sarah,Rollins,sarah.rollins627@yahoo.com,001-489-279-1776x33427,Alumni,1991,Medium,Port Marissa,ND,2025-03-07,212.88,Scholarship Fund
G200268,CA100171,Ryan,Brandt,ryan.brandt932@gmail.com,,Alumni,2019,Medium,Josemouth,AS,2025-12-12,1629.33,Endowment
G200269,CA100084,Tracey,Murray,tracey.murray772@yahoo.com,001-368-386-2392x40758,Alumni,2024,Low,Christopherburgh,KY,2023-09-04,119.28,Annual Fund
G200270,CA100699,Brooke,Juarez,brooke.juarez466@gmail.com,640.435.9544x29477,Alumni,2009,Medium,East Catherine,PR,2025-02-01,661.09,Endowment
G200271,CA100597,Susan,Castro,susan.castro711@gmail.com,001-542-836-9143x075,Alumni,1999,Principal,Rossville,MH,2024-05-18,36677.19,Capital Campaign
G200272,CA101727,Randy,SANCHEZ,randy.sanchez499@hotmail.com,,Friend,,Low,Lake Adambury,NM,2023-04-20,56.68,Athletics
G200273,CA100839,Ricky,Wallace,ricky.wallace688@gmail.com,001-269-960-8437x6855,Alumni,1981,Low,Masseyborough,MN,2026-07-22,91.45,Athletics
G200274,CA101401,Jeffery,Walker,jeffery.walker868@gmail.com,,Parent,,Low,North Stephanieville,GA,2024-09-01,62.23,Annual Fund
G200275,CA100072,Michael,Rodriguez,michael.rodriguez26_at_hotmail.com,+1-497-684-0369x00343,Organization,,Medium,Marktown,NM,2025-03-02,433.0,Endowment
G200276,CA100792,Carrie,Macdonald,carrie.macdonald795@hotmail.com,217-763-4250x733,Organization,,Low,Malloryfort,OH,2025-12-06,75.84,Endowment
G200277,CA100313,Vincent,Lee,vincent.lee363@yahoo.com,001-384-252-1823x0768,Faculty/Staff,,Low,Sarahland,MA,2024-02-08,64.99,Scholarship Fund
G200278,CA100526,Katrina,Young,katrina.young114@hotmail.com,469-506-7447x16392,Organization,,Low,Katieview,UT,2024-03-06,151.17,Capital Campaign
G200279,CA101744,Brian,Carter,brian.carter229@yahoo.com,001-865-289-5247x609,Faculty/Staff,,High,Mercadoview,NV,2024-06-22,1722.51,Capital Campaign
G200280,CA101502,Rebecca,Choi,rebecca.choi965@gmail.com,532.481.6291x087,Alumni,2012,Low,North Brittney,IA,2024-05-22,38.13,Capital Campaign
G200281,CA100503,Barbara,Smith,barbara.smith463@gmail.com,001-583-366-5528,Faculty/Staff,,Medium,Smithmouth,MD,2026-08-02,281.43,Unrestricted
G200282,CA101766,Kristin,Mendoza,kristin.mendoza293@gmail.com,(256)811-5686x22307,Alumni,2013,Medium,Christinahaven,AK,2023-09-11,638.51,Capital Campaign
G200283,CA100615,Monique,Moore,monique.moore410@yahoo.com,289-338-9846,Faculty/Staff,,Medium,Gilesview,SD,2024-05-22,771.26,Scholarship Fund
G200284,CA100884,David,Lopez,david.lopez623@hotmail.com,001-813-420-3301,Alumni,2004,Medium,West Susan,OK,2024-08-29,223.46,Scholarship Fund
G200285,CA101153,Robert,Day,robert.day833@gmail.com,6136651034,Alumni,2009,High,Davidton,MO,2023-08-10,7340.9,Athletics
G200286,CA100267,Courtney,Anderson,courtney.anderson891@gmail.com,9054577848,Friend,,Medium,New Carla,SC,2025-12-06,683.08,Endowment
G200287,CA101611,Emily,Hughes,emily.hughes817@yahoo.com,+1-256-749-6741x9916,Alumni,2011,Low,New Erin,MS,2024-06-30,76.8,Scholarship Fund
G200288,CA100135,Joseph,Glass,joseph.glass716@hotmail.com,689-402-5039x261,Parent,,Medium,New Mary,MS,2024-12-31,85.24,Endowment
G200289,CA101643,Richard,Dawson,richard.dawson431@yahoo.com,280.629.9034,Alumni,2021,Low,West Thomas,VI,2024-10-28,153.73,Unrestricted
G200290,CA101287,Sharon,Jennings,sharon.jennings570@hotmail.com,+1-461-227-6620x808,Alumni,2017,Low,New David,AR,2023-11-23,18.85,Endowment
G200291,CA100198,Melissa,Chan,melissa.chan232@gmail.com,433.446.8007,Friend,,Low,East Johnnyport,VT,2024-08-15,116.01,Annual Fund
G200292,CA100742,Dawn,Phillips,dawn.phillips919@hotmail.com,,Alumni,1992,Medium,South Christine,CA,2022-08-10,1174.48,Endowment
G200293,CA100174,Lori,Thompson,lori.thompson745@yahoo.com,488.531.7121x003,Friend,,Medium,Watsonland,OR,2023-05-03,235.83,Endowment
G200294,CA100598,Jose,Turner,jose.turner47@yahoo.com,(896)559-2342,Alumni,2011,Medium,Kevinport,OK,"August 02, 2022",136.94,Unrestricted
G200295,CA101743,Justin,Castro,justin.castro719@yahoo.com,001-288-372-8206x3228,Alumni,2004,Low,South Theresa,OH,08/18/2022,58.21,Scholarship Fund
G200296,CA100627,John,Delgado,john.delgado413@hotmail.com,2149954277,Alumni,2013,Low,South Benjaminstad,NJ,"March 06, 2026",74.32,Annual Fund
G200297,CA101785,Kenneth,Phillips,kenneth.phillips631@gmail.com,5302276947,Alumni,2017,Low,West Stephanie,ID,2022-09-12,30.81,Athletics
G200298,CA101644,Robert,Williams,robert.williams360@gmail.com,001-409-640-9165x7376,Alumni,1987,Medium,South Patrick,WI,2026-06-18,3105.25,Athletics
G200299,CA101001,Amy,Le,amy.le379@hotmail.com,,Alumni,1993,Low,Johnsonmouth,NY,2026-04-06,73.38,Endowment
G200300,CA100232,David,Smith,david.smith833@hotmail.com,+1-619-901-5814x491,Alumni,2009,Low,Fostertown,NJ,2022-11-11,121.14,Scholarship Fund
G200301,CA100019,Barry,Wood,barry.wood306@hotmail.com,(562)304-5053,Alumni,1982,Low,Kimberlychester,RI,2025-12-16,186.1,Unrestricted
G200302,CA100943,Jessica,Mills,jessica.mills17@gmail.com,692-559-6790,Alumni,2016,Medium,Hansonside,LA,2025-12-06,493.5,Endowment
G200303,CA100166,Victor,Bradley,victor.bradley967@yahoo.com,(241)591-3800,Friend,,Principal,South Michaelberg,HI,2024-12-03,7850.96,Scholarship Fund
G200304,CA100792,Carrie,Macdonald,carrie.macdonald795@hotmail.com,217-763-4250x733,Organization,,Low,Malloryfort,OH,09-Aug-2023,64.89,Capital Campaign
G200305,CA100589,Garrett,Cook,garrett.cook200@yahoo.com,(407)265-0241,Alumni,1999,Medium,Tarashire,AL,2024-12-23,723.38,Annual Fund
G200306,CA100539,Maria,Michael,maria.michael975@gmail.com,714.329.0018,Alumni,2011,Low,East Timothy,OK,2026-06-03,46.2,Annual Fund
G200307,CA101548,Daniel,Jones,daniel.jones516@gmail.com,535.376.1707,Alumni,1981,Medium,Turnerstad,NH,2025-05-03,567.7,Scholarship Fund
G200308,CA101506,Deborah,Williams,deborah.williams694@gmail.com,+1-334-267-5418x236,Alumni,2005,High,East Mariaberg,NV,2023-05-27,13121.4,Annual Fund
G200309,CA100123,Emily,Brennan,emily.brennan153@gmail.com,001-706-773-8302x8439,Alumni,2017,High,West Nancy,TN,2026-07-06,6564.79,Endowment
G200310,CA101579,Willie,Simmons,willie.simmons652@hotmail.com,967-667-8096x4583,Parent,,Principal,Autumnshire,NJ,2026-04-19,88863.65,Unrestricted
G200311,CA100923,Stephanie,Saunders,stephanie.saunders477@yahoo.com,450-568-8269x17768,Alumni,1996,High,Kellyton,DE,2024-03-06,1210.32,Athletics
G200312,CA100467,Hayden,Hall,hayden.hall604@hotmail.com,551-348-8814,Alumni,2017,High,North Michaelside,ID,2025-02-07,3325.66,Athletics
G200313,CA100825,Alan,Beard,alan.beard228@gmail.com,337-433-7773x12688,Parent,,Medium,Port William,VI,"April 17, 2023",278.37,Capital Campaign
G200314,CA100285,Kimberly,Weeks,kimberly.weeks651@yahoo.com,(766)413-9060x480,Faculty/Staff,,Low,Waynebury,FL,2023-05-02,134.26,Annual Fund
G200315,CA100353,Kathleen,ROBINSON,kathleen.robinson630@yahoo.com,+1-929-929-8316x873,Alumni,2021,Low,Alexischester,WA,2025-04-14,87.13,Athletics
G200316,CA100568,Eric,Hall,eric.hall468_at_hotmail.com,(581)396-4825,Parent,,Medium,North Samuelshire,FL,2024-12-03,233.74,Scholarship Fund
G200317,CA100723,Benjamin,Carlson,benjamin.carlson371@gmail.com,001-345-496-2622x8225,Alumni,1996,Low,South Jamesfurt,SC,2023-10-25,67.38,Capital Campaign
G200318,CA100026,Susan,Fitzgerald,susanfitzgerald8@hotmailcom,548-495-1343,Alumni,2002,Medium,North Johnfort,RI,2025-12-04,317.03,Scholarship Fund
G200319,CA100764,Sarah,Wang,sarah.wang665@gmail.com,001-835-809-0254x25730,Alumni,2014,Medium,West William,IN,2023-09-02,178.88,Endowment
G200320,CA100640,Mary,Fischer,mary.fischer933@gmail.com,+1-808-983-0705x349,Friend,,Medium,Port Shawn,PW,2024-01-26,1642.2,Unrestricted
G200321,CA100260,Matthew,White,matthew.white408@yahoo.com,465.556.4729,Parent,,Low,Lake Josephbury,OH,2025-11-30,181.19,Scholarship Fund
G200322,CA100039,Jenny,Bray,jenny.bray610_at_hotmail.com,+1-641-234-3524x082,Organization,,Low,New Kellyberg,SC,2023-04-30,23.53,Annual Fund
G200323,CA101490,Samantha,Chang,samantha.chang549@gmail.com,001-607-773-7295,Alumni,2007,Medium,East Annatown,CA,"January 17, 2024",260.47,Athletics
G200324,CA100505,Tina,Cook,tina.cook729@hotmail.com,830.727.6420,Alumni,1987,Low,Gregorystad,WV,2024-01-10,65.03,Capital Campaign
G200325,CA101098,Shawn,Johnson,shawn.johnson377@hotmail.com,831.226.7731x9227,Alumni,1990,Medium,Haleyshire,NC,2023-08-04,470.39,Unrestricted
G200326,CA100866,William,Simpson,william.simpson873@yahoo.com,726.200.5595,Alumni,1995,Medium,South Kelseyhaven,ID,2023-08-23,1639.43,Annual Fund
G200327,CA100863,Jacqueline,Johnson,jacqueline.johnson653@gmail.com,001-712-717-2214,Faculty/Staff,,Low,Lake Timothy,MT,2023-04-29,45.82,Capital Campaign
G200328,CA101553,James,Rhodes,james.rhodes627@yahoo.com,,Alumni,1995,Medium,Riggstown,VI,04-Feb-2024,381.26,Scholarship Fund
G200329,CA100107,Francisco,Ewing,francisco.ewing250@hotmail.com,395-888-8794x7055,Alumni,2011,Low,Lauratown,PA,2024-04-06,182.18,Capital Campaign
G200330,CA100810,Malik,Fowler,malik.fowler331@yahoo.com,(896)757-5427,Alumni,2002,Medium,Millerview,FM,2026-02-08,171.29,Unrestricted
G200331,CA101047,Tina,Velez,tina.velez467@yahoo.com,(928)705-5077x4065,Friend,,High,Christopherfurt,GA,2024-07-07,4707.33,Athletics
G200332,CA100142,Michelle,Alexander,michelle.alexander594@yahoo.com,+1-992-545-9375x2654,Parent,,Medium,Nicholasfurt,MN,2026-02-04,396.6,Endowment
G200333,CA101667,Austin,Graham,austin.graham746@hotmail.com,267.751.8571x16456,Alumni,2010,Medium,Loriborough,ME,2023-12-17,281.94,Annual Fund
G200334,CA100107,Francisco,Ewing,francisco.ewing250@hotmail.com,395-888-8794x7055,Alumni,2011,Low,Lauratown,PA,2022-09-25,134.95,Scholarship Fund
G200335,CA100107,FRANCISCO,ewing,francisco.ewing250@hotmail.com,395-888-8794x7055,Alumni,2011,Low,Lauratown,PA,09/25/2022,134.95,Scholarship Fund
G200336,CA100654,Matthew,Hernandez,matthew.hernandez391@yahoo.com,001-599-760-4387x875,Alumni,1996,High,Fletcherhaven,OH,2022-08-09,1247.33,Athletics
G200337,CA101427,Sue,Hebert,sue.hebert751@yahoo.com,(979)260-2425,Parent,,Medium,Port Jason,TN,2022-09-12,367.26,Unrestricted
G200338,CA100165,Jacqueline,Martin,jacqueline.martin544@yahoo.com,684.325.2410x56481,Alumni,2003,Low,Gibsonstad,AR,2023-06-02,100.56,Scholarship Fund
G200339,CA101524,Robert,Ponce,robert.ponce399@gmail.com,+1-399-981-2743x92255,Friend,,High,Chadburgh,MD,2024-09-03,3643.86,Scholarship Fund
G200340,CA100400,Maria,Hines,mariahines136@hotmailcom,+1-765-477-2429x54316,Parent,,Medium,Waltershire,IN,2024-02-05,317.14,Capital Campaign
G200341,CA101048,Jamie,White,jamie.white187@gmail.com,+1-508-355-1074x091,Organization,,Medium,North Stevenhaven,MS,2024-09-01,572.16,Endowment
G200342,CA101555,Amy,Vega,amy.vega797@yahoo.com,837.946.6144x77618,Alumni,2003,High,West Jennifershire,MT,2026-04-11,4161.37,Unrestricted
G200343,CA100111,David,Rhodes,david.rhodes779@yahoo.com,(652)640-4157x4733,Alumni,2012,Principal,North Christina,OR,29-Nov-2023,47260.14,Annual Fund
G200344,CA100370,Carol,Cox,carol.cox526@yahoo.com,001-664-471-5890,Parent,,Medium,East Luisberg,MI,2024-09-03,643.78,Capital Campaign
G200345,CA100338,Bryan,Price,bryan.price254@gmail.com,442-871-7396x271,Alumni,1997,Low,New Dawn,PW,2026-03-28,180.26,Scholarship Fund
G200346,CA100000,Danielle,Johnson,danielle.johnson282@yahoo.com,232.318.1960,Alumni,,High,East William,AK,2024-01-13,9067.21,Athletics
G200347,CA100326,Douglas,Dyer,douglas.dyer191@hotmail.com,(921)826-7969x27868,Friend,,Low,Jeremiahchester,PA,2024-11-13,52.11,Athletics
G200348,CA100045,  Denise ,Moon,denise.moon827@gmail.com,001-367-417-5655,Alumni,1995,Medium,Robertfort,LA,2023-04-17,325.05,Scholarship Fund
G200349,CA101396,Timothy,SPENCER,timothy.spencer239@hotmail.com,,Organization,,Medium,New Paulafurt,VA,"January 11, 2024",268.9,Endowment
G200350,CA101416,Kenneth,Smith,kenneth.smith790@gmail.com,3845791351,Friend,,Principal,Elizabethmouth,ID,08-Feb-2025,46716.25,Annual Fund
G200351,CA100129,Corey,Zavala,corey.zavala939@yahoo.com,001-853-655-6093x20489,Alumni,2005,Low,East Mark,MS,2023-12-30,170.79,Athletics
G200352,CA101412,Jaclyn,Peterson,jaclynpeterson493@yahoocom,(463)855-8422x717,Alumni,2012,Low,Andersonstad,MO,2024-12-08,249.26,Endowment
G200353,CA101737,Heather,Wright,heather.wright363@gmail.com,,Alumni,1996,Low,Nathanmouth,AS,2024-07-22,120.49,Capital Campaign
G200354,CA100760,Elizabeth,Macias,elizabeth.macias805@yahoo.com,,Alumni,2003,High,Jamieview,MT,2026-01-30,5385.67,Scholarship Fund
G200355,CA100711,Jason,Shaw,jason.shaw851@yahoo.com,813-925-7970,Organization,,Low,West Valerie,OR,2025-04-08,117.8,Capital Campaign
G200356,CA101233,Cristian,Murray,cristian.murray294@gmail.com,771.656.4783x70317,Parent,,Low,New Allen,HI,"February 11, 2026",70.42,Unrestricted
G200357,CA100087,Chelsea,Henderson,chelsea.henderson742@yahoo.com,341.903.6971,Faculty/Staff,,Principal,Lake Zacharybury,VT,2025-09-17,20097.01,Scholarship Fund
G200358,CA101686,Chad,Bass,chad.bass961@gmail.com,,Alumni,1982,Medium,East Ronald,AS,2022-09-24,367.27,
G200359,CA101361,Natalie,Payne,natalie.payne655@gmail.com,001-288-861-8207,Alumni,2010,Medium,Espinozaton,VI,2024-04-27,984.62,Athletics
G200360,CA101345,Stephanie,Rivera,stephanie.rivera87@hotmail.com,265.255.7512x47640,Parent,,Low,Millsmouth,NC,2024-10-13,127.84,Annual Fund
G200361,CA100318,Holly,Davis,holly.davis947@yahoo.com,+1-977-233-2945x62557,Alumni,1978,Medium,South Danielfort,NH,2023-04-22,742.41,Endowment
G200362,CA100831,Keith,Palmer,keith.palmer427@yahoo.com,539-435-4358x64496,Alumni,2009,Principal,Jamesstad,VT,07/27/2023,25792.61,Annual Fund
G200363,CA101695,  Cathy ,Wilson,cathy.wilson507_at_hotmail.com,562-750-6989,Alumni,1996,Principal,Phillipfurt,IL,01-Mar-2023,54610.74,Athletics
G200364,CA101223,Ronald,Tran,ronald.tran506@hotmail.com,,Alumni,1991,Medium,Port Christinaberg,DC,2024-11-24,288.34,Capital Campaign
G200365,CA101390,Colleen,Thompson,colleen.thompson835@yahoo.com,756.315.2665,Alumni,2006,Low,Tonyfurt,GA,2022-09-02,89.33,Capital Campaign
G200366,CA101103,Michael,Hudson,michael.hudson660@yahoo.com,753.705.9702,Alumni,2012,Low,East Allisonmouth,MT,2024-06-18,134.4,Endowment
G200367,CA100079,Nathan,Campbell,nathan.campbell861@yahoo.com,001-759-305-1518x64492,Faculty/Staff,,High,West Kyle,SD,15-Nov-2023,1535.39,Endowment
G200368,CA100777,Victoria,Diaz,victoria.diaz468@yahoo.com,584.680.7520,Friend,,Low,Shanechester,MA,2022-09-09,119.3,Unrestricted
G200369,CA100443,Tammy,Brooks,tammy.brooks450@gmail.com,686.487.0079,Alumni,2009,Medium,North Sarahfort,KY,2025-10-28,459.13,Annual Fund
G200370,CA101028,Debra,Davidson,debra.davidson475@gmail.com,001-780-674-6823,Organization,,Medium,Clineshire,MD,02-Jul-2025,256.62,Annual Fund
G200371,CA101058,Chad,Mclaughlin,chad.mclaughlin870@gmail.com,001-806-605-3088,Alumni,2014,Medium,North Edward,MH,"May 30, 2023",367.33,Unrestricted
G200372,CA100317,Amanda,Beltran,amanda.beltran839@yahoo.com,,Alumni,2008,Low,North Lisa,PW,2026-09-02,88.2,Scholarship Fund
G200373,CA100374,Julie,Wilson,julie.wilson702@gmail.com,001-923-842-3216x110,Alumni,2004,Low,East Danielhaven,OR,06/05/2026,103.7,Annual Fund
G200374,CA101516,Megan,Cannon,megan.cannon10@hotmail.com,(529)612-7065,Alumni,1995,Low,North Rebeccaton,MS,2024-11-27,40.01,Unrestricted
G200375,CA101113,Bethany,Gordon,bethany.gordon161@hotmail.com,+1-368-900-8529x46902,Alumni,2005,Low,Smallland,NH,"August 15, 2025",47.39,Annual Fund
G200376,CA101361,Natalie,Payne,natalie.payne655@gmail.com,001-288-861-8207,Alumni,2010,Medium,Espinozaton,VI,08-Apr-2023,315.84,Scholarship Fund
G200377,CA100402,Alexis,Fox,alexis.fox87@yahoo.com,+1-571-633-3447x62639,Alumni,2011,Low,South Henry,WY,2026-03-06,77.68,Capital Campaign
G200378,CA100414,Cody,Guerrero,cody.guerrero809@hotmail.com,254-391-8017x226,Parent,,Principal,Mcdowellport,MD,2022-07-23,20778.86,Unrestricted
G200379,CA101363,Sarah,Kim,sarah.kim537_at_yahoo.com,+1-870-535-0675x789,Alumni,2014,Medium,West Michael,NV,2023-04-07,241.46,Scholarship Fund
G200380,CA100386,Bryan,Garza,bryan.garza389@gmail.com,(259)505-6165x565,Friend,,Low,East Deborah,OR,2023-06-19,117.88,Endowment
G200381,CA100145,Deborah,Williams,deborah.williams680@hotmail.com,+1-565-961-0143x88899,Alumni,1990,Medium,Petershire,UT,11/17/2022,265.81,Annual Fund
G200382,CA101542,Zachary,Smith,zachary.smith574@yahoo.com,805-366-9375x40242,Alumni,1993,Medium,Deckerside,OR,2023-12-20,318.05,Capital Campaign
G200383,CA100808,Joseph,Wiggins,joseph.wiggins878@gmail.com,,Alumni,,Medium,Patrickton,VI,2023-10-04,835.33,Scholarship Fund
G200384,CA101043,William,Glover,william.glover299@hotmail.com,001-554-832-9876x989,Faculty/Staff,,Low,Davidview,KY,2023-05-19,230.92,Unrestricted
G200385,CA100886,Cynthia,Clark,cynthia.clark190@yahoo.com,837.974.6040,Alumni,1989,High,North Kimberly,MP,06/12/2026,3661.86,Scholarship Fund
G200386,CA100568,Eric,Hall,eric.hall468_at_hotmail.com,(581)396-4825,Parent,,Medium,North Samuelshire,FL,2024-05-30,328.6,Unrestricted
G200387,CA101751,Jennifer,Morales,jennifer.morales396@gmail.com,(520)877-1074x043,Alumni,2009,High,Jessicafurt,NV,2026-05-10,8976.75,Unrestricted
G200388,CA101353,Jeremy,Elliott,jeremy.elliott975@yahoo.com,+1-877-648-6759x51418,Friend,,Low,East Adam,NC,2026-05-17,119.6,Athletics
G200389,CA100128,Susan,Smith,susan.smith784@gmail.com,001-717-639-3638x5467,Parent,,Low,Michaelfort,NH,2024-02-12,67.28,Scholarship Fund
G200390,CA100490,Melissa,Blake,melissa.blake123@yahoo.com,+1-982-382-4674x746,Parent,,Low,Derrickfort,ID,2024-05-17,98.19,Capital Campaign
G200391,CA101371,Jessica,Reed,jessica.reed426@hotmail.com,001-858-341-7491,Alumni,1989,High,Smithtown,GA,2023-04-12,6800.16,Endowment
G200392,CA100740,Sean,Williams,sean.williams264@yahoo.com,001-742-738-8565x271,Parent,,Low,West Maria,CT,2025-02-02,135.36,Scholarship Fund
G200393,CA100596,Jeff,Petersen,jeff.petersen914@gmail.com,4747065004,Faculty/Staff,,High,Kristenhaven,TN,2024-05-21,3675.87,Endowment
G200394,CA100802,David,Mitchell,david.mitchell808@gmail.com,698.563.2106x133,Parent,,Low,Michaelton,SD,2025-07-05,88.37,Athletics
G200395,CA100771,Ashley,Jackson,ashleyjackson768@hotmailcom,,Friend,,Medium,Lake Richard,WY,2023-08-12,454.42,Capital Campaign
G200396,CA100221,Sandra,Norman,sandra.norman318@gmail.com,001-592-621-6995x866,Organization,,Low,Stuartport,NV,06-Jul-2023,87.09,Annual Fund
G200397,CA100220,Philip,Bryant,philip.bryant647@gmail.com,001-951-260-9177x982,Faculty/Staff,,Medium,New Savannahshire,NJ,2026-08-30,431.91,Scholarship Fund
G200398,CA100122,Emily,Stephens,emily.stephens807@hotmail.com,(533)575-2431x0690,Alumni,1996,Low,North Brittneymouth,PA,2024-01-19,47.72,Scholarship Fund
G200399,CA101168,Karen,Martinez,karen.martinez710@hotmail.com,001-419-602-2179x7891,Alumni,2016,High,Lake Charlene,VI,2025-10-09,2367.76,Scholarship Fund
G200400,CA100784,Karen,Brown,karen.brown400@gmail.com,350.696.1701x5959,Alumni,2015,Medium,Shannonfort,MN,01/03/2023,181.94,Unrestricted
G200401,CA100995,Zachary,Weiss,zachary.weiss754@hotmail.com,(311)560-2041,Faculty/Staff,,Low,Gabrielleshire,NY,2023-11-08,58.72,Scholarship Fund
G200402,CA100572,Alejandro,White,alejandro.white694@hotmail.com,+1-690-315-5799x8028,Alumni,1987,Low,New Anthony,AK,09/30/2025,57.84,Capital Campaign
G200403,CA101735,Joseph,Mahoney,josephmahoney313@yahoocom,001-547-361-2189,Alumni,2007,Low,South Erica,WV,2025-12-11,74.52,Annual Fund
G200404,CA101378,Nicole,Taylor,nicole.taylor877@yahoo.com,3187637263,Faculty/Staff,,Low,Englishmouth,MI,2024-04-20,86.96,Unrestricted
G200405,CA101242,Andrea,Davis,andrea.davis640@yahoo.com,(364)971-0680,Alumni,1998,Low,Stephensontown,PW,2026-06-01,67.0,Scholarship Fund
G200406,CA100643,James,Harrison,james.harrison464@yahoo.com,(874)323-1830,Faculty/Staff,,Low,Grantborough,VT,2023-10-16,75.69,Capital Campaign
G200407,CA101153,Robert,Day,robert.day833@gmail.com,6136651034,Alumni,2009,High,Davidton,MO,"August 14, 2022",1078.95,Athletics
G200408,CA100893,Brianna,Cole,brianna.cole808@gmail.com,553-291-1498,Parent,,Medium,Barkerside,GA,"July 20, 2024",228.8,Athletics
G200409,CA101748,David,Johnson,david.johnson560@yahoo.com,271.586.0566,Faculty/Staff,,Low,Lake Maryfurt,MS,2023-08-05,104.78,Capital Campaign
G200410,CA100184,Alexander,Clark,alexander.clark460@hotmail.com,454-810-0676,Faculty/Staff,,Low,Maciasstad,ND,"August 06, 2025",111.18,Annual Fund
G200411,CA100305,Mary,EVANS,mary.evans726@gmail.com,4169224999,Alumni,1989,High,Sarahland,WI,07/16/2023,515.19,Athletics
G200412,CA101785,Kenneth,Phillips,kenneth.phillips631@gmail.com,5302276947,Alumni,2017,Low,West Stephanie,ID,2026-08-26,166.46,Unrestricted
G200413,CA100343,Kyle,Ferguson,kyle.ferguson426@yahoo.com,9054050613,Parent,,Low,North Benjamin,FL,2026-06-29,27.75,Annual Fund
G200414,CA101093,Peter,Whitaker,peter.whitaker389@hotmail.com,001-273-911-8046x7413,Alumni,2017,Low,Jermaineside,ME,07/21/2026,49.41,Unrestricted
G200415,CA100017,Elizabeth,Spencer,elizabeth.spencer550@hotmail.com,524-711-8244,Alumni,1995,Medium,Lake Cynthia,KS,12-Aug-2022,324.76,Annual Fund
G200416,CA100960,Danielle,Willis,danielle.willis352@gmail.com,732-715-5130,Friend,,Low,Johnsonborough,SC,2024-07-22,64.06,Athletics
G200417,CA101454,Paul,Hicks,paul.hicks319_at_gmail.com,+1-235-538-1483x74755,Parent,,Low,New Danielleville,MO,09/25/2022,57.68,Capital Campaign
G200418,CA101083,Crystal,Howard,crystal.howard122@gmail.com,481.405.5800x027,Alumni,2011,High,West Jacobmouth,TN,2025-07-13,9071.1,Unrestricted
G200419,CA101064,Regina,Mendoza,regina.mendoza889@gmail.com,545.640.1822x72002,Alumni,2016,Low,Lake Sara,IN,2026-09-12,65.52,Athletics
G200420,CA101030,Rebecca,Williams,rebecca.williams771@yahoo.com,+1-266-941-1065x41134,Alumni,2003,Medium,Craigshire,KY,"November 28, 2022",615.02,Athletics
G200421,CA100844,Gary,Smith,gary.smith340@gmail.com,+1-411-414-2817x852,Alumni,2011,Low,Port Alan,PR,2025-03-24,77.96,Annual Fund
G200422,CA101536,Jerry,Young,jerry.young134@gmail.com,451.686.6940x8654,Alumni,1996,High,Lake Anna,MS,"March 10, 2024",11982.66,
G200423,CA100899,Amanda,Ho,amanda.ho70@hotmail.com,,Alumni,1996,Medium,Port Heatherton,IN,2024-07-30,264.19,Capital Campaign
G200424,CA100502,Sandra,Brown,sandra.brown478@yahoo.com,(568)363-3414x1115,Alumni,2015,Low,Davidmouth,MS,2025-02-07,150.6,Endowment
G200425,CA100602,Jennifer,Miles,jennifer.miles262@hotmail.com,,Alumni,2021,High,New Joy,NM,2025-03-08,2084.36,Athletics
G200426,CA100339,Scott,Green,scott.green541@gmail.com,,Parent,,High,North Ashleyview,WI,2025-05-09,5821.29,Unrestricted
G200427,CA100684,Margaret,Conley,margaret.conley563@hotmail.com,,Friend,,Low,Williamsmouth,MN,2024-02-04,144.67,Unrestricted
G200428,CA101553,James,Rhodes,james.rhodes627@yahoo.com,,Alumni,1995,Medium,Riggstown,VI,2025-07-27,382.08,Unrestricted
G200429,CA100314,Steven,Williams,steven.williams981@hotmail.com,001-340-694-3533x44857,Alumni,2012,High,East Joshua,AL,12/17/2024,6875.87,Endowment
G200430,CA100402,Alexis,Fox,alexis.fox87@yahoo.com,+1-571-633-3447x62639,Alumni,2011,Low,South Henry,WY,09/24/2022,51.09,Annual Fund
G200431,CA101165,Cassandra,Scott,cassandra.scott844@yahoo.com,+1-764-950-9999x0010,Faculty/Staff,,Medium,New Andre,MH,"September 15, 2026",802.88,Scholarship Fund
G200432,CA100988,Danny,Gonzalez,danny.gonzalez664@gmail.com,001-862-658-8576,Faculty/Staff,,Low,Johnsonville,OH,2023-06-05,123.38,Capital Campaign
G200433,CA101662,Vincent,Garcia,vincent.garcia649@hotmail.com,,Organization,,High,North Juan,MH,2025-02-15,10421.73,Athletics
G200434,CA101667,Austin,Graham,austin.graham746@hotmail.com,267.751.8571x16456,Alumni,2010,Medium,Loriborough,ME,2023-05-15,793.4,Endowment
G200435,CA101651,James,Blanchard,james.blanchard530@hotmail.com,001-769-404-5392,Alumni,2015,High,Grantbury,MA,2022-08-15,8864.92,Athletics
G200436,CA101021,Maria,Adams,maria.adams748@gmail.com,334-800-1816x77848,Alumni,1988,Low,Vanessaview,KS,2023-12-10,35.07,Scholarship Fund
G200437,CA100448,Juan,Conway,juan.conway150@hotmail.com,+1-530-436-1498x728,Alumni,1996,Low,New Davidland,DC,2023-01-18,139.03,Unrestricted
G200438,CA100858,Robert,Good,robert.good701@yahoo.com,(614)537-7693x663,Parent,,Low,West Erik,MD,2025-12-28,97.66,Endowment
G200439,CA100116,Tina,Woods,tina.woods153@gmail.com,2466374549,Alumni,1999,Low,Heatherton,TN,24-Feb-2025,66.78,Athletics
G200440,CA100482,Anna,Lopez,anna.lopez530@gmail.com,+1-466-213-3155,Friend,,Low,Valdeztown,MS,2024-11-27,165.33,Athletics
G200441,CA100688,Paul,Spears,paul.spears805@gmail.com,255-357-2773x82646,Friend,,Low,Hoffmanstad,CO,2022-12-17,58.3,Annual Fund
G200442,CA101106,Jonathan,Jones,,+1-916-699-9393x449,Alumni,2020,High,New Nicole,FM,29-May-2026,1300.18,
G200443,CA100273,Maria,Martinez,maria.martinez267@hotmail.com,567.930.3718,Alumni,2002,Low,Maldonadoport,MD,06/03/2026,28.68,Unrestricted
G200444,CA100634,Kristie,Hall,kristie.hall649@gmail.com,+1-736-392-9445,Alumni,2024,High,South Robertberg,OK,2022-09-19,2410.9,Scholarship Fund
G200445,CA101687,Shannon,Hall,shannon.hall705@gmail.com,001-880-757-6310x108,Alumni,2017,Medium,Richardville,GA,2025-12-06,517.97,Annual Fund
G200446,CA100322,Chad,Rodriguez,chad.rodriguez988@hotmail.com,001-665-870-1329x02278,Faculty/Staff,,Low,Gonzalezmouth,ME,2025-11-24,135.66,Athletics
G200447,CA101361,Natalie,Payne,natalie.payne655@gmail.com,001-288-861-8207,Alumni,2010,Medium,Espinozaton,VI,2025-05-08,208.89,Endowment
G200448,CA101652,Stephen,Wright,stephen.wright122@hotmail.com,533-207-3453,Friend,,Medium,East Rodney,CT,01/30/2025,1176.83,Scholarship Fund
G200449,CA101792,William,Jones,william.jones731@gmail.com,856.883.1723,Friend,,Low,Brownport,VT,2024-05-12,85.5,Unrestricted
G200450,CA100839,Ricky,Wallace,ricky.wallace688@gmail.com,001-269-960-8437x6855,Alumni,1981,Low,Masseyborough,MN,08/04/2025,36.23,Athletics
G200451,CA100969,Stephanie,Jimenez,stephanie.jimenez822@hotmail.com,001-412-279-9702x9271,Faculty/Staff,,Medium,Johnmouth,WV,2024-06-06,519.49,Annual Fund
G200452,CA100797,Michael,Kelly,michael.kelly370@gmail.com,(951)476-8086x62813,Alumni,2005,Principal,Port Rhondaview,IN,2024-09-22,15424.98,Athletics
G200453,CA101526,Kendra,King,,,Alumni,2010,Medium,West Peterton,PA,2025-09-03,926.68,
G200454,CA100513,Valerie,Bell,,731.603.0324x32983,Parent,,Medium,Lake Cindy,CA,2023-04-30,340.73,Scholarship Fund
G200455,CA100569,Anthony,Zimmerman,anthony.zimmerman946@gmail.com,001-660-527-5233,Alumni,2005,Low,Lake Kimberly,WY,26-Jun-2026,66.19,Unrestricted
G200456,CA100988,Danny,Gonzalez,danny.gonzalez664@gmail.com,001-862-658-8576,Faculty/Staff,,Low,Johnsonville,OH,2026-08-17,66.67,Athletics
G200457,CA101209,Joseph,Ortiz,joseph.ortiz863@gmail.com,328-438-2710,Organization,,Medium,East Ashley,SC,2026-08-06,543.77,Capital Campaign
G200458,CA100594,Stephanie,Fowler,stephanie.fowler133@yahoo.com,+1-587-282-4556x9644,Friend,,Medium,Maryville,NE,2024-05-12,475.09,Unrestricted
G200459,CA100971,  Krystal ,Roy,krystal.roy9@hotmail.com,920.704.8797,Alumni,,Medium,Lake Jody,VT,"November 28, 2025",722.04,Athletics
G200460,CA100542,Bradley,Hernandez,bradley.hernandez195@yahoo.com,659.326.2494x51475,Organization,,Low,Port Sarahberg,WI,"October 13, 2023",55.02,Unrestricted
G200461,CA101086,Jacob,Barber,jacob.barber122@yahoo.com,,Alumni,2004,Low,West David,MN,"November 02, 2023",66.79,Capital Campaign
G200462,CA101645,Tanya,Whitaker,tanya.whitaker8@gmail.com,(649)220-3693x091,Alumni,1995,Low,Lake Martinmouth,IA,2024-10-31,31.62,Endowment
G200463,CA100627,John,Delgado,john.delgado413@hotmail.com,2149954277,Alumni,2013,Low,South Benjaminstad,NJ,2025-10-01,178.59,Endowment
G200464,CA101751,Jennifer,Morales,jennifer.morales396@gmail.com,(520)877-1074x043,Alumni,2009,High,Jessicafurt,NV,2023-08-15,3323.14,Capital Campaign
G200465,CA100982,Gabriel,Harvey,,001-716-769-0632x2481,Parent,,Medium,Stephanieburgh,GU,2026-04-06,570.25,Scholarship Fund
G200466,CA100335,Corey,Pena,corey.pena910@yahoo.com,239.838.5258x001,Friend,,Low,New Daltonmouth,MI,2025-07-15,54.27,Endowment
G200467,CA101788,Robin,Davis,robin.davis833_at_hotmail.com,325.346.0189,Parent,,Low,Port Kevin,VA,2023-07-02,235.09,Capital Campaign
G200468,CA101710,Jared,Hogan,jared.hogan313@hotmail.com,6564308292,Faculty/Staff,,Low,Walkerburgh,AS,30-Mar-2026,140.95,Annual Fund
G200469,CA100361,Jaime,Johnson,jaime.johnson308@gmail.com,456.695.5798x87749,Friend,,Medium,Port Jordan,NJ,2026-07-25,349.9,Unrestricted
G200470,CA100176,Randall,Johnson,randall.johnson372@hotmail.com,(625)932-4472x09993,Parent,,Low,Andradefort,AR,2023-08-02,67.8,Endowment
G200471,CA100797,Michael,Kelly,michael.kelly370@gmail.com,(951)476-8086x62813,Alumni,2005,Principal,Port Rhondaview,IN,2024-10-02,73691.95,Scholarship Fund
G200472,CA101200,Andrew,Dunn,andrew.dunn583@yahoo.com,246.373.9190,Organization,,Low,West Davidtown,AK,2023-10-08,113.04,Capital Campaign
G200473,CA100659,Joshua,HOOVER,joshua.hoover134@yahoo.com,001-345-496-4883,Alumni,2007,Low,Lake Javierburgh,KS,2025-01-13,104.86,Unrestricted
G200474,CA100762,Amanda,Jackson,amanda.jackson645@hotmail.com,364-984-4941x163,Faculty/Staff,,High,East April,AZ,2024-04-06,4046.31,Annual Fund
G200475,CA101066,Barry,Clark,barry.clark191@gmail.com,523-222-7752x135,Alumni,1993,Medium,New Clayton,MA,2025-04-08,433.35,Unrestricted
G200476,CA101279,Devin,POOLE,devin.poole418@hotmail.com,504.486.1867x066,Alumni,2007,Low,Port Chadburgh,OK,2024-11-18,105.33,Annual Fund
G200477,CA100280,Jennifer,Smith,jennifer.smith421@gmail.com,+1-271-370-5865x0948,Alumni,1995,Low,Christianborough,NC,2024-01-26,224.02,Capital Campaign
G200478,CA100745,Mary,Perry,mary.perry78@hotmail.com,001-636-728-9696,Organization,,Medium,Ryanstad,MH,2022-08-16,214.36,Athletics
G200479,CA101780,Michele,Sanchez,michele.sanchez613@hotmail.com,5135871628,Alumni,1974,Low,Rogerton,MD,2023-01-22,46.77,Annual Fund
G200480,CA100651,Joseph,Douglas,joseph.douglas294@yahoo.com,(846)213-6847x4883,Organization,,Low,Lunastad,WV,2022-12-09,135.31,Athletics
G200481,CA101545,Christopher,Duran,christopher.duran814@yahoo.com,+1-696-795-1930,Alumni,2020,High,Port Rebecca,NM,2025-07-29,4240.47,Endowment
G200482,CA101347,Kevin,Jones,kevin.jones26@hotmail.com,001-897-840-2338,Alumni,2004,Low,New Kimberlymouth,GU,2024-01-03,167.27,Scholarship Fund
G200483,CA101204,Eileen,PETERS,,001-345-782-9420x340,Alumni,1986,Low,West Kathryn,KY,08/23/2025,82.25,Scholarship Fund
G200484,CA101328,Jason,Rivera,jason.rivera655@gmail.com,+1-833-259-7487,Friend,,Medium,Gloriaton,WI,2026-08-20,360.45,Endowment
G200485,CA100010,Carlos,Johnson,carlos.johnson702@yahoo.com,983-547-3829,Alumni,1998,Medium,Aguirreborough,CT,"August 03, 2026",1798.5,Scholarship Fund
G200486,CA100880,Samantha,Fisher,samantha.fisher164@hotmail.com,340-621-1901x70756,Alumni,1975,Medium,New Sheila,MH,2025-06-15,165.18,Scholarship Fund
G200487,CA101184,Julie,Nixon,julie.nixon697@gmail.com,001-233-364-7704x1309,Alumni,2021,Low,Jameschester,AK,2023-03-13,70.63,Athletics
G200488,CA100234,Robert,Brewer,robert.brewer372@hotmail.com,(222)939-4312,Faculty/Staff,,Low,West Emilyview,CT,2023-03-20,81.44,Endowment
G200489,CA100509,Cynthia,Wallace,cynthia.wallace940@gmail.com,911-617-8309,Faculty/Staff,,Low,Port Brittanyfurt,NJ,2023-09-20,168.66,Annual Fund
G200490,CA101468,Richard,Hudson,richard.hudson105@yahoo.com,(838)866-4320x3172,Friend,,Low,Dustinhaven,FL,2023-04-28,80.41,Annual Fund
G200491,CA100841,Jennifer,Johnson,jennifer.johnson150@hotmail.com,(556)607-6761x645,Alumni,1972,Medium,Rhondaview,NJ,2026-03-20,311.24,Endowment
G200492,CA100385,Troy,Arellano,troy.arellano83@hotmail.com,,Friend,,Medium,Katieport,MD,"December 12, 2024",559.76,Annual Fund
G200493,CA101600,Larry,Frazier,larry.frazier775@yahoo.com,001-721-559-3896x763,Faculty/Staff,,Medium,Tuckerbury,MN,2024-02-09,380.04,Athletics
G200494,CA100969,Stephanie,Jimenez,stephanie.jimenez822@hotmail.com,001-412-279-9702x9271,Faculty/Staff,,Medium,Johnmouth,WV,2024-06-12,753.81,Scholarship Fund
G200495,CA100564,Ross,Thompson,ross.thompson454@hotmail.com,(386)364-6491,Alumni,2016,Medium,Lake Allenchester,CT,2023-03-31,255.62,Scholarship Fund
G200496,CA101129,Robert,Blackwell,robert.blackwell884@yahoo.com,+1-412-692-0592,Alumni,2022,Low,North Marcuschester,IL,17-Jul-2026,102.1,Athletics
G200497,CA101348,Theodore,Williams,theodore.williams526@gmail.com,803.263.0944x238,Alumni,2018,Low,North Laura,MA,06-Nov-2022,91.88,Annual Fund
G200498,CA101658,Tiffany,Beltran,tiffany.beltran148@yahoo.com,3537494197,Alumni,2020,Medium,Garrisonmouth,MI,2026-01-06,1111.62,
G200499,CA100670,  Joshua ,Cunningham,joshua.cunningham792@yahoo.com,334.932.4474,Organization,,Principal,Bethstad,WI,2026-09-19,179859.66,Scholarship Fund
G200500,CA101565,  Danielle ,Cox,danielle.cox14@gmail.com,953-903-0440,Faculty/Staff,,High,Lake Jenniferton,RI,2023-08-13,2215.22,Endowment
G200501,CA101155,Tim,Stewart,tim.stewart162@yahoo.com,001-922-621-9053x34704,Alumni,2011,Low,Lesterport,ND,2023-11-14,73.85,Athletics
G200502,CA101090,Michael,Bruce,michael.bruce593@hotmail.com,688.821.7648,Parent,,Low,Gonzalezmouth,WV,08/03/2022,74.82,Annual Fund
G200503,CA100089,Jon,Smith,jon.smith336@gmail.com,(931)495-2058x527,Alumni,2015,Principal,North Jennifer,NH,2022-11-26,18232.09,Unrestricted
G200504,CA101511,Catherine,Thomas,catherine.thomas383@yahoo.com,(956)319-2767x137,Alumni,2007,Principal,Bradychester,IA,24-Jul-2022,19482.26,Capital Campaign
G200505,CA101205,Robert,Johnson,robert.johnson674@yahoo.com,(399)294-4946x6720,Alumni,2006,Medium,West Nicole,VA,07-Nov-2025,458.02,Endowment
G200506,CA100974,Monica,Duncan,monica.duncan673@gmail.com,5299295014,Alumni,1987,Low,Desireehaven,ID,2026-05-26,128.16,Capital Campaign
G200507,CA100843,Kelly,Garrison,kelly.garrison890@yahoo.com,(236)442-8131,Faculty/Staff,,High,Amychester,MH,2022-07-01,2998.2,Athletics
G200508,CA101139,Lynn,Avila,lynn.avila742@gmail.com,928.838.9633,Alumni,2018,Medium,New Matthewville,FM,2024-01-15,132.78,Scholarship Fund
G200509,CA100367,Paul,Smith,paul.smith217@yahoo.com,(847)481-3767x426,Alumni,2011,High,East Jaredfort,VI,01/29/2025,1878.48,Capital Campaign
G200510,CA100241,John,Kaufman,john.kaufman585@gmail.com,665.557.7908x27231,Parent,,Low,East Eric,PA,03/05/2024,181.59,Capital Campaign
G200511,CA100325,Patrick,Gardner,patrick.gardner181@hotmail.com,(672)438-6562,Alumni,2015,High,North Charles,AK,2025-06-26,2887.69,Capital Campaign
G200512,CA100433,Pamela,Alvarez,pamela.alvarez188@yahoo.com,958-869-8864,Friend,,Medium,Barkerfort,VA,2026-06-02,190.37,Athletics
G200513,CA101386,Brianna,Thomas,brianna.thomas686_at_gmail.com,(563)438-2222x4005,Alumni,2010,Low,Lake Gregory,MN,2025-10-12,117.59,Capital Campaign
G200514,CA101091,Jose,Thomas,jose.thomas176@gmail.com,,Parent,,Low,East Stephanie,PW,2023-06-18,107.29,Capital Campaign
G200515,CA100438,Anita,Lee,,+1-390-498-3780,Parent,,Low,West Kristinbury,MP,01-Jul-2025,128.79,Annual Fund
G200516,CA101422,Nathan,Armstrong,nathan.armstrong932@hotmail.com,001-408-842-9069x69045,Faculty/Staff,,Low,South Carlton,MS,2025-08-21,139.19,Endowment
G200517,CA100276,Amanda,Rodriguez,amanda.rodriguez727_at_yahoo.com,458.657.3065,Parent,,Low,South Jasmineside,LA,2025-07-08,176.53,Athletics
G200518,CA100534,Brittany,Smith,brittany.smith328@hotmail.com,288.544.3448x123,Parent,,Medium,Benjaminberg,FM,2024-11-22,330.27,Scholarship Fund
G200519,CA101431,Veronica,Smith,veronicasmith301@gmailcom,,Friend,,High,Port Michael,AZ,2022-11-24,4185.68,Endowment
G200520,CA100659,Joshua,HOOVER,joshua.hoover134@yahoo.com,001-345-496-4883,Alumni,2007,Low,Lake Javierburgh,KS,2024-05-22,81.02,Annual Fund
G200521,CA101414,Adam,Schmitt,adam.schmitt394@yahoo.com,(589)304-1728x20762,Alumni,2008,Low,West Mollyburgh,DC,2026-01-25,49.67,Annual Fund
G200522,CA101649,Carlos,Pittman,carlos.pittman997@yahoo.com,,Friend,,Low,Dustinhaven,NM,2026-09-10,94.94,Annual Fund
G200523,CA100640,Mary,Fischer,mary.fischer933@gmail.com,+1-808-983-0705x349,Friend,,Medium,Port Shawn,PW,"February 12, 2026",350.48,Athletics
G200524,CA101664,Matthew,Ross,matthew.ross352@hotmail.com,+1-426-972-8007,Organization,,Medium,Port Aaron,SC,2024-02-09,135.37,Annual Fund
G200525,CA100591,Tracy,Bell,tracy.bell469@hotmail.com,,Friend,,Low,Elizabethview,MN,15-Feb-2025,90.53,Capital Campaign
G200526,CA100100,Rachel,Morgan,rachel.morgan849@hotmail.com,2019094396,Parent,,Low,Dawnport,NJ,2024-07-10,64.5,Athletics
G200527,CA101153,Robert,Day,robert.day833@gmail.com,6136651034,Alumni,2009,High,Davidton,MO,2025-05-13,1378.38,Athletics
G200528,CA100635,Troy,Keith,troy.keith144@gmail.com,(370)421-6487,Alumni,2020,Low,Port Ryanburgh,CA,2026-01-01,80.51,Capital Campaign
G200529,CA101753,Michael,Roberts,michael.roberts930@yahoo.com,(939)720-1029,Alumni,1998,High,Adamsmouth,TX,2022-08-04,3842.94,Endowment
G200530,CA101076,Michelle,Osborne,michelle.osborne894@yahoo.com,001-594-875-7694x535,Friend,,High,Anneview,MO,2024-09-10,2224.8,Unrestricted
G200531,CA101083,Crystal,Howard,crystal.howard122@gmail.com,481.405.5800x027,Alumni,2011,High,West Jacobmouth,TN,2026-02-08,4393.54,Capital Campaign
G200532,CA101056,Eileen,Hudson,eileen.hudson120@yahoo.com,295-530-0677x6255,Alumni,2020,Low,Lake Michael,AL,2026-02-16,35.45,Athletics
G200533,CA100289,Katherine,Farrell,katherine.farrell980@gmail.com,001-703-592-4051x4770,Alumni,1999,Medium,East Amy,WV,2023-06-15,686.33,Endowment
G200534,CA100834,Andrea,Long,andrea.long590@gmail.com,847.578.9489,Alumni,1976,Low,Brentchester,SC,28-Nov-2023,151.42,Annual Fund
G200535,CA101293,Lisa,Faulkner,lisa.faulkner32@hotmail.com,(420)842-9862,Alumni,1998,High,North Patrick,MO,2024-02-16,2428.63,Annual Fund
G200536,CA101476,Jesse,Lutz,jesse.lutz661@hotmail.com,(401)567-6718x776,Alumni,2000,Low,Mcintoshchester,ND,"February 22, 2024",113.11,Endowment
G200537,CA100772,Lauren,Hernandez,lauren.hernandez27@yahoo.com,232.275.9980x111,Alumni,1985,Principal,West Melissamouth,MH,2025-05-16,10206.62,Unrestricted
G200538,CA101581,Phyllis,Sutton,phyllis.sutton796@hotmail.com,892-489-7487x41148,Alumni,1995,Low,Wallaceville,MP,2026-05-29,69.14,Scholarship Fund
G200539,CA101485,Dawn,Hill,dawn.hill321@yahoo.com,+1-795-567-4068x73544,Alumni,2016,High,Markland,KY,2022-11-04,8620.36,Athletics
G200540,CA100117,David,Parker,david.parker572@yahoo.com,+1-784-814-5933x27279,Friend,,Medium,Toddborough,WV,2024-06-27,273.73,Unrestricted
G200541,CA101451,Barbara,Johnson,barbara.johnson576@hotmail.com,(789)667-1360,Friend,,Principal,Pamelaberg,AK,03/11/2023,32324.8,Unrestricted
G200542,CA100187,Ashley,Larsen,ashley.larsen503@gmail.com,3502614973,Parent,,Low,East Danielle,CO,2024-10-07,103.54,Scholarship Fund
G200543,CA100071,Jennifer,Frank,jennifer.frank975@hotmail.com,+1-910-822-9014x767,Parent,,High,Jasonhaven,DE,2024-05-01,10869.41,Annual Fund
G200544,CA100833,Kelly,Wright,kelly.wright515@hotmail.com,+1-452-675-3674x9785,Alumni,2003,Low,West Davidfurt,GU,18-Jul-2022,211.73,Scholarship Fund
G200545,CA101660,Kimberly,Ellis,kimberly.ellis865@gmail.com,904-320-5986x85697,Alumni,2015,Low,Jamesborough,UT,2025-11-05,117.82,Annual Fund
G200546,CA100967,Stephanie,Browning,stephanie.browning979_at_gmail.com,001-562-416-5914x3882,Friend,,Low,Denisebury,WY,2025-11-02,113.69,Endowment
G200547,CA101271,Tyler,Robinson,tyler.robinson909@yahoo.com,(753)586-9479x02548,Friend,,Medium,Wilkinsonberg,MT,2024-06-08,547.2,Annual Fund
G200548,CA101655,Bradley,Moon,bradley.moon725@yahoo.com,,Friend,,Medium,East Johnberg,MD,2024-02-08,178.0,Athletics
G200549,CA100977,Derek,Cooper,derek.cooper284@hotmail.com,,Alumni,2012,Low,Randolphborough,RI,2024-10-12,78.39,Endowment
G200550,CA101232,  Brandon ,Powers,brandon.powers426@hotmail.com,923.960.2446x546,Alumni,1987,Principal,North Michael,NV,2024-05-17,36631.71,Annual Fund
G200551,CA101424,Donald,Robinson,donald.robinson947@gmail.com,943.476.9929x64447,Friend,,Low,Leahtown,ND,2025-07-02,197.09,Endowment
G200552,CA100043,Michele,Jones,michele.jones76@gmail.com,493-661-8324x210,Alumni,1969,Low,Scottmouth,UT,2024-09-17,129.02,Endowment
G200553,CA100238,Desiree,Hernandez,desiree.hernandez170@yahoo.com,794.227.8816,Parent,,Low,Port Tamara,RI,09/25/2022,130.12,Annual Fund
G200554,CA100799,William,Roberts,william.roberts708@gmail.com,,Alumni,1976,Low,Pierceton,ID,2022-08-25,72.01,Endowment
G200555,CA101526,Kendra,King,,,Alumni,2010,Medium,West Peterton,PA,2022-10-15,583.61,Unrestricted
G200556,CA100222,Linda,Taylor,linda.taylor661@hotmail.com,001-484-485-8333x945,Parent,,Low,Jenniferstad,OH,2025-08-23,82.92,Scholarship Fund
G200557,CA101702,Patrick,Little,patrick.little87@hotmail.com,001-530-723-6416x936,Faculty/Staff,,Medium,South Melaniechester,KY,2023-11-08,152.74,
G200558,CA100916,Dennis,Schneider,,8603119875,Alumni,2012,Medium,Yuchester,WI,2026-03-28,625.65,Endowment
G200559,CA100094,Devin,Richardson,devin.richardson766@yahoo.com,+1-943-510-2786x8144,Alumni,2015,Principal,Heatherfort,ID,2023-03-12,11920.57,Endowment
G200560,CA100036,Nicole,Sanchez,nicole.sanchez678@yahoo.com,001-596-750-7527,Alumni,1994,Medium,Matthewview,OH,30-Aug-2025,452.24,Annual Fund
G200561,CA100372,Amanda,BELL,amanda.bell577@gmail.com,3285457652,Parent,,Low,New Jeffrey,ID,2024-10-03,85.28,Endowment
G200562,CA100861,Madison,Henry,madison.henry860@yahoo.com,001-949-681-9421,Friend,,Low,Lake Kimberly,NY,2026-03-07,153.74,Unrestricted
G200563,CA101527,John,Jacobson,john.jacobson747@yahoo.com,+1-968-459-0964x598,Alumni,2007,High,Robinton,OH,2025-01-20,7027.64,Unrestricted
G200564,CA100749,Sophia,Thomas,,+1-495-509-0591x19186,Alumni,1997,Medium,New Kim,HI,2023-04-27,505.05,Annual Fund
G200565,CA100634,Kristie,Hall,kristie.hall649@gmail.com,+1-736-392-9445,Alumni,2024,High,South Robertberg,OK,2023-06-24,4454.73,Annual Fund
G200566,CA101678,Kevin,Smith,kevin.smith827@gmail.com,982-348-8631x373,Alumni,1995,High,Michaelbury,CA,2024-11-27,654.92,Unrestricted
G200567,CA101274,Alexandra,Hill,alexandrahill787@yahoocom,8669187564,Alumni,2011,Low,Lake Natalie,WV,2024-11-02,86.62,Annual Fund
G200568,CA100442,Lucas,Tran,lucas.tran670@gmail.com,806.930.4891x3824,Alumni,2007,Medium,Port Cynthiaborough,WY,2026-04-03,652.76,Athletics
G200569,CA101065,Derek,Dougherty,derek.dougherty655@gmail.com,714-547-4328x116,Alumni,,Medium,Lake Davidtown,DC,07-Jul-2022,2023.95,Capital Campaign
G200570,CA100291,Paul,Nelson,paul.nelson209@hotmail.com,(310)446-3681x579,Friend,,Medium,New Tammy,OH,2022-08-31,1047.96,Scholarship Fund
G200571,CA101115,Karen,Blair,karen.blair358@gmail.com,232.482.9302,Faculty/Staff,,High,Richardville,IL,2025-08-01,4335.91,Capital Campaign
G200572,CA101698,Lisa,Coleman,lisa.coleman937@yahoo.com,397-438-4498,Faculty/Staff,,High,Port Jerryton,TX,2023-01-18,1371.21,Endowment
G200573,CA101653,Megan,Hernandez,megan.hernandez267@yahoo.com,,Friend,,Low,Andrewshire,ND,2023-03-04,95.3,Scholarship Fund
G200574,CA100305,Mary,EVANS,mary.evans726@gmail.com,4169224999,Alumni,1989,High,Sarahland,WI,2025-05-08,646.06,Annual Fund
G200575,CA100336,Jeffrey,Campbell,jeffrey.campbell225@gmail.com,3093109391,Alumni,2011,Medium,South Diana,MH,2025-05-18,392.05,Capital Campaign
G200576,CA100112,John,Williams,john.williams233@hotmail.com,230.416.5712,Organization,,Medium,Delgadofort,NJ,2023-07-31,348.79,Athletics
G200577,CA100052,Casey,Welch,casey.welch921@yahoo.com,216.711.7240,Alumni,2016,Low,West Michaelchester,FL,2024-02-21,95.73,Annual Fund
G200578,CA100928,David,Gallagher,david.gallagher473@gmail.com,+1-572-434-8389x3595,Parent,,Low,Port Loriport,GU,2023-08-06,81.77,Capital Campaign
G200579,CA100103,Mark,Lane,mark.lane584@yahoo.com,327.887.7470,Friend,,Medium,Levyborough,OR,2022-08-04,546.58,Capital Campaign
G200580,CA100332,Sean,MORTON,sean.morton144@yahoo.com,001-837-828-0512x927,Friend,,Medium,Lake Scott,SC,2023-04-07,639.1,Unrestricted
G200581,CA101007,Collin,Miller,collin.miller543@yahoo.com,(581)835-9266x48698,Alumni,2002,High,Collinshaven,MS,2022-10-06,14084.36,Unrestricted
G200582,CA101575,Patrick,Weeks,patrick.weeks956@yahoo.com,001-247-519-9038,Friend,,Low,Davidview,PR,2023-03-29,56.06,Athletics
G200583,CA100414,Cody,Guerrero,cody.guerrero809@hotmail.com,254-391-8017x226,Parent,,Principal,Mcdowellport,MD,"July 22, 2022",11165.37,Scholarship Fund
G200584,CA100334,Jose,Moreno,jose.moreno122@yahoo.com,7478658018,Alumni,1996,Low,Matthewview,AS,2026-04-02,119.32,Capital Campaign
G200585,CA100706,Richard,Nelson,richard.nelson692@hotmail.com,(558)778-4448,Faculty/Staff,,Low,Ericahaven,ME,"March 29, 2026",78.93,Athletics
G200586,CA100345,Linda,Simmons,linda.simmons718_at_hotmail.com,,Organization,,Low,Nguyenshire,ND,"September 18, 2024",142.87,Annual Fund
G200587,CA100564,Ross,Thompson,ross.thompson454@hotmail.com,(386)364-6491,Alumni,2016,Medium,Lake Allenchester,CT,2026-04-27,319.28,Annual Fund
G200588,CA100290,Jonathan,Webb,jonathanwebb465@hotmailcom,(606)598-0420,Organization,,Low,Briantown,CA,2022-12-01,89.96,Scholarship Fund
G200589,CA101680,Brenda,Martinez,brenda.martinez282@yahoo.com,693-996-0610,Alumni,2004,High,Port Walterville,MP,2023-08-01,5535.27,Capital Campaign
G200590,CA101504,Brooke,Montgomery,brooke.montgomery968@hotmail.com,453-204-4500,Parent,,Medium,Port Debbie,WA,"October 18, 2023",567.96,Unrestricted
G200591,CA101055,Shelia,Smith,shelia.smith929@gmail.com,(996)680-1867x7403,Parent,,High,Lake Pamela,IL,2022-08-29,882.59,Unrestricted
G200592,CA100046,Elaine,Morales,elaine.morales138@hotmail.com,2719545168,Alumni,1997,Low,Brownhaven,MN,2026-01-24,88.17,Endowment
G200593,CA100979,Craig,Mitchell,craig.mitchell661@hotmail.com,+1-268-525-0952x29462,Alumni,2014,Low,Virginiastad,VA,2023-10-27,119.98,Unrestricted
G200594,CA101622,Philip,Ibarra,philip.ibarra118@yahoo.com,556-657-2897x2269,Alumni,2014,High,Josephtown,WV,2023-06-16,2505.59,Endowment
G200595,CA100176,Randall,Johnson,randall.johnson372@hotmail.com,(625)932-4472x09993,Parent,,Low,Andradefort,AR,2026-02-23,81.78,Scholarship Fund
G200596,CA100670,  Joshua ,Cunningham,joshua.cunningham792@yahoo.com,334.932.4474,Organization,,Principal,Bethstad,WI,2023-10-25,43024.12,Unrestricted
G200597,CA101777,Molly,Stevens,molly.stevens206@hotmail.com,(456)490-4484x6733,Organization,,Low,Lake Frankside,PA,2026-08-03,77.47,Unrestricted
G200598,CA101467,Michael,Armstrong,michael.armstrong767@gmail.com,+1-747-959-7833x54883,Alumni,2016,Low,New Jacobport,OK,2023-03-24,125.62,Unrestricted
G200599,CA101048,Jamie,White,jamie.white187@gmail.com,+1-508-355-1074x091,Organization,,Medium,North Stevenhaven,MS,2024-06-10,427.95,Unrestricted
G200600,CA101538,Ashley,Roman,ashley.roman43@hotmail.com,(545)235-9176x50471,Alumni,1999,Low,Port Brittanyshire,MA,2025-07-19,83.25,Capital Campaign
G200601,CA101344,Brent,Daniels,brent.daniels911@hotmail.com,(761)766-2016,Alumni,2008,Low,Jessicahaven,MT,2025-12-09,84.23,Endowment
G200602,CA101250,Justin,Hogan,justin.hogan682@hotmail.com,5365988843,Organization,,High,East Kelly,IA,2025-12-29,3174.22,Capital Campaign
G200603,CA100315,Susan,Castro,susan.castro305@gmail.com,585.485.4249,Faculty/Staff,,Low,West Christinamouth,ND,2023-08-06,125.48,Endowment
G200604,CA100651,Joseph,Douglas,joseph.douglas294@yahoo.com,(846)213-6847x4883,Organization,,Low,Lunastad,WV,2024-07-25,132.64,Athletics
G200605,CA101777,Molly,Stevens,molly.stevens206@hotmail.com,(456)490-4484x6733,Organization,,Low,Lake Frankside,PA,09/08/2025,68.83,Endowment
G200606,CA101109,Matthew,Mcbride,matthew.mcbride19@gmail.com,001-520-230-0449x64612,Alumni,1990,Low,East Phyllisstad,CT,2024-01-01,30.07,Unrestricted
G200607,CA100722,Cameron,BAUTISTA,cameron.bautista8@hotmail.com,231-467-0450x2329,Parent,,Low,East Heather,WV,2023-11-18,185.04,Scholarship Fund
G200608,CA101734,Tony,Carter,tony.carter331@hotmail.com,309-935-5557x02006,Parent,,Low,Charleschester,ME,2023-08-03,65.03,Unrestricted
G200609,CA100336,Jeffrey,Campbell,jeffrey.campbell225@gmail.com,3093109391,Alumni,2011,Medium,South Diana,MH,2023-07-18,184.83,Athletics
G200610,CA100364,Logan,Cooper,logan.cooper95@yahoo.com,482.284.1067x275,Alumni,1981,Principal,Deborahport,NJ,2025-09-21,86265.01,Unrestricted
G200611,CA100703,  John ,Scott,john.scott494@hotmail.com,(633)372-0948,Friend,,Principal,Lake Mariah,CA,2023-10-01,43781.3,Unrestricted
G200612,CA100756,Jacqueline,Boyd,jacqueline.boyd375@hotmail.com,+1-934-252-7346x6661,Friend,,High,Garciaside,NJ,2025-08-18,2931.03,Unrestricted
G200613,CA101392,Phillip,Cortez,phillip.cortez550@hotmail.com,753.589.6298,Parent,,Low,West James,PW,2024-03-19,70.31,Annual Fund
G200614,CA101688,Marc,Foster,marc.foster832@yahoo.com,600-647-4867x9486,Organization,,High,South Alexanderbury,MO,2025-03-12,10450.23,Scholarship Fund
G200615,CA101443,Blake,Garcia,blake.garcia147@yahoo.com,+1-406-952-6642x67351,Alumni,2011,Medium,West Leslie,MI,12/24/2022,322.41,Scholarship Fund
G200616,CA100601,Kathryn,Holmes,kathryn.holmes23@gmail.com,904-715-9149,Friend,,High,North Joyhaven,WA,2023-02-05,2744.55,Scholarship Fund
G200617,CA101674,Mark,Powell,,(823)902-3405,Alumni,1978,High,Castanedaville,HI,2023-01-16,2089.61,Capital Campaign
G200618,CA100032,Brent,Gray,brent.gray828@gmail.com,755.564.6417x080,Alumni,1985,Low,Port Susanton,WV,2026-05-28,154.03,Annual Fund
G200619,CA100178,Luis,Robinson,luis.robinson218@yahoo.com,5786593213,Alumni,1989,Low,Port Wendybury,OK,2025-12-12,48.57,Annual Fund
G200620,CA101149,Pam,Johnson,pam.johnson216@yahoo.com,(270)466-4890,Alumni,1989,Medium,Amandaview,MI,2023-03-23,195.12,Unrestricted
G200621,CA100713,Kathryn,GREEN,kathryn.green236@hotmail.com,702-715-5732x5737,Faculty/Staff,,Low,Lake Teresa,KS,2025-08-15,41.93,Capital Campaign
G200622,CA101769,Nicole,Reed,nicole.reed349@hotmail.com,486-763-5654x18028,Alumni,2001,Low,North Sharon,PW,"January 07, 2025",144.65,Athletics
G200623,CA101009,Daniel,Wells,daniel.wells702@yahoo.com,+1-603-798-8636x53621,Alumni,2014,Medium,Carolfurt,NM,2026-04-01,622.12,Endowment
G200624,CA100744,Amy,Contreras,amy.contreras270@yahoo.com,2736333732,Alumni,2003,Low,North Meredith,NJ,2025-12-08,130.67,Unrestricted
G200625,CA100243,Emma,Mendoza,emma.mendoza957@hotmail.com,(460)230-2992,Alumni,2005,Low,North Gabriel,HI,2022-07-13,82.08,Annual Fund
G200626,CA101309,Andrew,Clark,,(220)438-5886x4078,Friend,,Low,Morrismouth,CO,2023-10-28,46.63,Annual Fund
G200627,CA100141,  Todd ,Jones,todd.jones520@yahoo.com,279.893.7124,Parent,,Medium,Meaganfurt,AS,2025-06-03,258.77,Endowment
G200628,CA101396,Timothy,SPENCER,timothy.spencer239@hotmail.com,,Organization,,Medium,New Paulafurt,VA,2025-06-09,223.54,Capital Campaign
G200629,CA101004,Andrew,Whitaker,andrew.whitaker792@gmail.com,513-919-3592x3613,Alumni,2007,Low,Klinemouth,HI,2026-07-13,46.88,Endowment
G200630,CA100265,Shelby,Haynes,shelby.haynes329@gmail.com,226.811.1780,Alumni,1989,Principal,North Joseberg,CO,2023-06-09,24869.62,Athletics
G200631,CA101076,Michelle,Osborne,michelle.osborne894@yahoo.com,001-594-875-7694x535,Friend,,High,Anneview,MO,02-Feb-2023,486.08,Scholarship Fund
G200632,CA101242,Andrea,Davis,andrea.davis640@yahoo.com,(364)971-0680,Alumni,1998,Low,Stephensontown,PW,"January 01, 2023",51.36,Capital Campaign
G200633,CA101469,Lance,Ryan,lance.ryan949_at_yahoo.com,001-227-824-0002,Alumni,2007,Low,North Kevinfurt,WY,2025-02-20,96.45,Endowment
G200634,CA101611,Emily,Hughes,emily.hughes817@yahoo.com,+1-256-749-6741x9916,Alumni,2011,Low,New Erin,MS,2023-12-16,59.06,Athletics
G200635,CA100277,Amy,Henry,amy.henry729@hotmail.com,(385)457-4982,Friend,,Medium,Phillipsview,ND,2024-04-27,162.71,Annual Fund
G200636,CA101371,Jessica,Reed,jessica.reed426@hotmail.com,001-858-341-7491,Alumni,1989,High,Smithtown,GA,2023-11-06,4771.26,Capital Campaign
G200637,CA101471,Diana,Robinson,diana.robinson35@hotmail.com,001-530-310-0090x899,Friend,,Medium,Meyertown,AS,2022-11-07,375.85,Scholarship Fund
G200638,CA101491,Robert,Rogers,robert.rogers578@yahoo.com,350-620-4502,Alumni,1998,Low,West Jeremy,CA,17-Jul-2023,51.58,Annual Fund
G200639,CA101180,Robert,Peck,robert.peck366@hotmail.com,744-547-1893,Organization,,Medium,New Robertton,MT,2023-01-23,244.59,Athletics
G200640,CA101311,James,Young,james.young342@hotmail.com,(923)203-9744x08806,Friend,,Medium,Riddleton,PA,2023-06-07,256.39,Athletics
G200641,CA101182,Kaitlyn,Chavez,kaitlyn.chavez913@yahoo.com,,Alumni,2004,Medium,South Josephborough,AK,2024-03-22,894.45,Annual Fund
G200642,CA101509,Steven,Dixon,steven.dixon624_at_hotmail.com,276-972-0005x2141,Friend,,High,South Dannybury,KY,2024-09-13,5309.45,Annual Fund
G200643,CA100519,Abigail,Higgins,abigail.higgins836@gmail.com,314-665-1113x1290,Alumni,1998,Low,Stokestown,NE,2026-07-05,371.94,Scholarship Fund
G200644,CA101736,Kristi,Cameron,kristi.cameron448@yahoo.com,2767122283,Alumni,2009,Low,Phillipschester,OH,06/23/2023,156.21,Scholarship Fund
G200645,CA101220,Kenneth,Zuniga,kenneth.zuniga135@gmail.com,317.819.7860,Alumni,1988,High,Port Vanessa,MI,2023-02-16,2751.92,Endowment
G200646,CA101186,Carl,Brown,carl.brown609@hotmail.com,994.619.3245x3810,Alumni,2006,Medium,Lake Sandraberg,WV,2026-04-13,412.58,Annual Fund
G200647,CA101493,Steven,Baker,steven.baker545@hotmail.com,(762)651-0857x38385,Faculty/Staff,,Medium,Stephanieview,SC,2023-12-26,428.26,Capital Campaign
G200648,CA100953,James,Fuller,james.fuller588@gmail.com,+1-589-611-7972x03859,Parent,,Low,North Maryborough,MO,2024-06-15,92.98,Endowment
G200649,CA100762,Amanda,Jackson,amanda.jackson645@hotmail.com,364-984-4941x163,Faculty/Staff,,High,East April,AZ,2025-06-30,4075.37,Annual Fund
G200650,CA101618,Sarah,Reyes,sarah.reyes159@yahoo.com,564-983-8953,Parent,,Low,Hansenville,WV,2024-09-02,63.17,Unrestricted
G200651,CA100224,Natalie,Henderson,natalie.henderson931@gmail.com,610.562.0034x24420,Parent,,Principal,West Lisaville,RI,2023-09-04,33402.87,Unrestricted
G200652,CA100046,Elaine,Morales,elaine.morales138@hotmail.com,2719545168,Alumni,1997,Low,Brownhaven,MN,08/03/2026,175.92,Endowment
G200653,CA100620,Lee,Morrison,lee.morrison943@gmail.com,,Parent,,Principal,Davidfurt,NJ,2025-05-13,20500.03,Unrestricted
G200654,CA101180,Robert,Peck,robert.peck366@hotmail.com,744-547-1893,Organization,,Medium,New Robertton,MT,28-Oct-2025,342.42,Unrestricted
G200655,CA100099,Michael,Everett,michael.everett431@yahoo.com,343-484-2498,Alumni,,High,East Donna,VA,2023-05-19,5413.83,Endowment
G200656,CA100839,Ricky,Wallace,ricky.wallace688@gmail.com,001-269-960-8437x6855,Alumni,1981,Low,Masseyborough,MN,2025-11-22,82.73,Endowment
G200657,CA100824,Nathan,Dixon,,,Alumni,1994,Principal,New Elizabethshire,NC,2024-12-13,15719.19,Scholarship Fund
G200658,CA100438,Anita,Lee,,+1-390-498-3780,Parent,,Low,West Kristinbury,MP,2026-03-14,82.37,Endowment
G200659,CA101590,Kaitlyn,SMITH,kaitlyn.smith346@hotmail.com,+1-907-751-9919x817,Alumni,2011,High,Caseyshire,TX,2023-06-26,3070.65,Athletics
G200660,CA100808,Joseph,Wiggins,joseph.wiggins878@gmail.com,,Alumni,,Medium,Patrickton,VI,18-Jul-2022,468.78,Athletics
G200661,CA100587,Tristan,Hamilton,tristan.hamilton431@hotmail.com,5313310094,Parent,,Medium,West Jeremyfurt,MO,2023-08-01,354.14,Athletics
G200662,CA100779,Nicholas,Richardson,nicholas.richardson92@hotmail.com,(765)325-4837x44171,Faculty/Staff,,Medium,Port Davidville,IA,09/13/2023,831.04,Unrestricted
G200663,CA101422,Nathan,Armstrong,nathan.armstrong932@hotmail.com,001-408-842-9069x69045,Faculty/Staff,,Low,South Carlton,MS,"October 12, 2023",135.04,Annual Fund
G200664,CA100735,  Courtney ,Ruiz,courtney.ruiz601@hotmail.com,641.389.7215x406,Alumni,2009,Low,Simmonsburgh,FM,"March 24, 2023",98.75,Annual Fund
G200665,CA101520,James,Davis,james.davis905@hotmail.com,,Alumni,,Low,Zavalastad,MP,2023-10-16,81.11,Athletics
G200666,CA100125,Ivan,Medina,ivan.medina413@gmail.com,,Friend,,Low,West Meredith,FL,19-Nov-2024,75.55,Annual Fund
G200667,CA101761,Autumn,Kane,autumn.kane682@yahoo.com,+1-619-921-4749,Friend,,Low,Paulport,HI,2024-06-01,52.67,Scholarship Fund
G200668,CA101314,Jacob,Wilson,jacob.wilson802@hotmail.com,+1-960-947-2205x3970,Faculty/Staff,,Low,Michaelview,LA,2025-08-29,26.14,Endowment
G200669,CA101611,Emily,Hughes,emily.hughes817@yahoo.com,+1-256-749-6741x9916,Alumni,2011,Low,New Erin,MS,2026-04-17,75.5,Athletics
G200670,CA100353,Kathleen,ROBINSON,kathleen.robinson630@yahoo.com,+1-929-929-8316x873,Alumni,2021,Low,Alexischester,WA,"April 07, 2023",150.01,Athletics
G200671,CA100090,Benjamin,Harris,benjamin.harris771@gmail.com,5546868740,Parent,,Medium,Michelleton,VI,2025-05-19,515.42,Scholarship Fund
G200672,CA101623,James,Smith,james.smith33@hotmail.com,368-556-0669x926,Alumni,1998,Low,South Kimberly,NJ,2024-01-17,81.67,Annual Fund
G200673,CA100087,Chelsea,Henderson,chelsea.henderson742@yahoo.com,341.903.6971,Faculty/Staff,,Principal,Lake Zacharybury,VT,03-Apr-2026,41193.85,Annual Fund
G200674,CA101474,Tracey,Juarez,tracey.juarez12@yahoo.com,001-274-870-5311x05833,Friend,,Low,Spearsmouth,RI,12/20/2022,53.98,Annual Fund
G200675,CA100110,Amy,Lowe,amy.lowe549@hotmail.com,+1-749-973-3484x34437,Parent,,Medium,Annview,LA,2022-10-06,383.44,Athletics
G200676,CA100564,Ross,Thompson,ross.thompson454@hotmail.com,(386)364-6491,Alumni,2016,Medium,Lake Allenchester,CT,2023-02-19,399.32,
G200677,CA100714,Jonathan,Adkins,jonathan.adkins932@gmail.com,,Friend,,Low,North Dawn,NE,"November 19, 2024",95.36,Unrestricted
G200678,CA100246,Alexandra,Blankenship,alexandra.blankenship84@hotmail.com,(429)212-7990x88117,Alumni,2004,Low,Boydstad,VI,2023-08-15,97.4,Scholarship Fund
G200679,CA100900,Jillian,Ferguson,jillian.ferguson703@gmail.com,+1-576-492-0828,Faculty/Staff,,High,North William,PA,23-Jun-2024,6841.8,Unrestricted
G200680,CA101748,David,Johnson,david.johnson560@yahoo.com,271.586.0566,Faculty/Staff,,Low,Lake Maryfurt,MS,2024-10-03,88.05,Annual Fund
G200681,CA101206,Allen,Taylor,allen.taylor998@hotmail.com,282-423-8794,Faculty/Staff,,Principal,Taylorhaven,MI,2025-02-12,14020.92,Athletics
G200682,CA100537,Lindsey,Mullins,lindsey.mullins505@gmail.com,536.952.7172x722,Alumni,1976,Low,Lake Julian,ME,2022-11-17,105.73,Unrestricted
G200683,CA101292,Whitney,Wright,whitney.wright714@yahoo.com,866-623-2360x667,Friend,,Low,East Nathanport,OK,29-Mar-2026,133.71,Annual Fund
G200684,CA100523,Michael,GARCIA,michael.garcia93_at_yahoo.com,418.682.6170,Alumni,2011,Low,South Randall,ME,2024-03-01,108.89,Unrestricted
G200685,CA100808,Joseph,Wiggins,joseph.wiggins878@gmail.com,,Alumni,,Medium,Patrickton,VI,2023-10-02,749.51,Scholarship Fund
G200686,CA100246,Alexandra,Blankenship,alexandra.blankenship84@hotmail.com,(429)212-7990x88117,Alumni,2004,Low,Boydstad,VI,"February 20, 2024",139.14,Capital Campaign
G200687,CA100993,Javier,Mitchell,javier.mitchell217@gmail.com,679.343.3256x2389,Parent,,High,Romanland,VT,2023-12-28,2276.9,Scholarship Fund
G200688,CA100431,David,Sherman,david.sherman357@gmail.com,749.607.5399x893,Alumni,2000,Low,Elizabethshire,TX,2023-02-19,128.97,Capital Campaign
G200689,CA101684,Renee,Nelson,renee.nelson309@yahoo.com,(627)257-9407,Alumni,1988,Low,East Michaela,NV,2026-03-14,137.32,Scholarship Fund
G200690,CA101678,Kevin,Smith,kevin.smith827@gmail.com,982-348-8631x373,Alumni,1995,High,Michaelbury,CA,2026-03-15,1334.65,Annual Fund
G200691,CA100531,Blake,Donaldson,blake.donaldson401@hotmail.com,937.511.8954,Parent,,Low,North David,MT,2025-12-11,125.91,Unrestricted
G200692,CA101197,Alicia,Collins,alicia.collins82@yahoo.com,2839781919,Friend,,Principal,Christineshire,DC,2024-12-27,33433.28,Endowment
G200693,CA101203,Billy,Johnson,billy.johnson830@hotmail.com,001-984-333-6113,Alumni,2010,High,New Nicolemouth,CO,07/24/2025,3144.57,Athletics
G200694,CA101552,Jennifer,Duncan,jennifer.duncan996@yahoo.com,001-706-856-5823x4453,Alumni,1998,Low,Johnburgh,PW,2023-10-21,179.11,Capital Campaign
G200695,CA100023,Paul,Ray,paul.ray487@yahoo.com,7607883561,Friend,,Low,Lake Rachelhaven,ME,2025-07-11,93.29,Capital Campaign
G200696,CA101697,Stephanie,Aguilar,stephanie.aguilar968@gmail.com,(252)390-5092x600,Friend,,Low,Lake Kelliton,CO,01/04/2023,80.46,Endowment
G200697,CA101023,Dawn,Martinez,dawn.martinez6@hotmail.com,488.248.6999x698,Parent,,Low,Victoriamouth,NJ,10-Nov-2025,129.69,Unrestricted
G200698,CA101487,Elizabeth,Brennan,elizabeth.brennan221@hotmail.com,948.535.8626,Alumni,2016,Medium,Irwinport,NC,2025-03-04,746.89,Annual Fund
G200699,CA100469,Jennifer,Clark,,298.777.5153x66377,Friend,,High,New Morgan,ME,2025-10-02,4211.8,Athletics
G200700,CA101130,Bobby,Vargas,bobby.vargas961@yahoo.com,001-896-836-3726x29420,Friend,,Medium,West Elizabethhaven,AK,2026-05-16,482.03,Scholarship Fund
G200701,CA100219,Matthew,Gallegos,matthew.gallegos885@yahoo.com,+1-385-610-2726,Organization,,Medium,East David,PR,2026-03-10,686.84,Capital Campaign
G200702,CA101238,Thomas,Larson,thomas.larson677@yahoo.com,455.942.6190x3842,Alumni,2019,Medium,Port Richard,MP,"November 22, 2023",227.61,Unrestricted
G200703,CA101047,Tina,Velez,tina.velez467@yahoo.com,(928)705-5077x4065,Friend,,High,Christopherfurt,GA,2025-08-22,2342.82,Capital Campaign
G200704,CA100728,Timothy,Mathews,timothy.mathews821@gmail.com,+1-796-773-7948x7148,Faculty/Staff,,Low,West Matthew,VI,2024-01-15,98.56,
G200705,CA101616,Audrey,Ingram,audreyingram383@hotmailcom,(310)721-4012x833,Alumni,1987,Medium,Williamshire,VT,2026-05-27,596.3,Unrestricted
G200706,CA100529,Patty,White,patty.white952@gmail.com,4536474916,Alumni,1976,Medium,Coxport,DE,14-Jun-2025,355.27,Unrestricted
G200707,CA101706,Mary,Stewart,mary.stewart225@yahoo.com,+1-306-427-8790x259,Parent,,Low,Lake Jessicafurt,IA,2023-02-17,52.72,Endowment
G200708,CA101228,Kaitlin,Rodriguez,kaitlin.rodriguez469@hotmail.com,292.248.4813,Alumni,1981,Low,Robertachester,PA,2023-08-23,103.92,Annual Fund
G200709,CA100834,Andrea,Long,andrea.long590@gmail.com,847.578.9489,Alumni,1976,Low,Brentchester,SC,28-Sep-2022,150.5,Athletics
G200710,CA100680,Luis,ANDREWS,luis.andrews896@yahoo.com,+1-770-976-6046x41978,Alumni,,Low,Meganstad,DE,2024-07-07,200.49,Athletics
G200711,CA100536,  Lisa ,Holloway,lisa.holloway806@gmail.com,001-942-540-8916x4983,Alumni,1996,Medium,Josephshire,SC,2024-02-13,332.43,Unrestricted
G200712,CA100962,Stacy,Day,stacy.day451@gmail.com,001-302-458-2543x1832,Organization,,Medium,Port Bryan,ID,"September 08, 2026",671.91,Unrestricted
G200713,CA101102,Richard,Gomez,richard.gomez435@hotmail.com,473.909.6496,Alumni,2008,Low,Millershire,SD,2025-07-13,103.39,
G200714,CA101706,Mary,Stewart,mary.stewart225@yahoo.com,+1-306-427-8790x259,Parent,,Low,Lake Jessicafurt,IA,2024-01-06,94.5,Annual Fund
G200715,CA101274,Alexandra,Hill,alexandrahill787@yahoocom,8669187564,Alumni,2011,Low,Lake Natalie,WV,2023-12-25,57.59,Unrestricted
G200716,CA100509,Cynthia,Wallace,cynthia.wallace940@gmail.com,911-617-8309,Faculty/Staff,,Low,Port Brittanyfurt,NJ,2025-07-30,135.35,Unrestricted
G200717,CA101775,Jeffery,David,jeffery.david626@yahoo.com,622.285.7042,Alumni,2013,Low,West Matthew,LA,2024-04-03,52.84,Annual Fund
G200718,CA101479,Louis,Nichols,louis.nichols552@gmail.com,559-777-7265x97640,Parent,,Low,West Anthonyland,PW,2025-03-05,99.86,Scholarship Fund
G200719,CA101422,Nathan,Armstrong,nathan.armstrong932@hotmail.com,001-408-842-9069x69045,Faculty/Staff,,Low,South Carlton,MS,2023-10-09,86.67,Unrestricted
G200720,CA100808,Joseph,Wiggins,joseph.wiggins878@gmail.com,,Alumni,,Medium,Patrickton,VI,22-Jun-2026,259.91,Annual Fund
G200721,CA100762,Amanda,Jackson,amanda.jackson645@hotmail.com,364-984-4941x163,Faculty/Staff,,High,East April,AZ,2022-08-20,3613.36,Endowment
G200722,CA100611,Manuel,Hale,manuel.hale271@yahoo.com,,Alumni,2006,Low,Lake Audrey,ID,"February 21, 2024",95.78,Capital Campaign
G200723,CA101516,Megan,Cannon,megan.cannon10@hotmail.com,(529)612-7065,Alumni,1995,Low,North Rebeccaton,MS,2024-10-18,200.78,Capital Campaign
G200724,CA101618,Sarah,Reyes,sarah.reyes159@yahoo.com,564-983-8953,Parent,,Low,Hansenville,WV,"March 30, 2025",154.47,Athletics
G200725,CA100922,Heather,Wilson,heather.wilson96@gmail.com,(400)930-8356x69106,Alumni,1992,Low,West Shelbyborough,CT,"September 26, 2023",127.8,Unrestricted
G200726,CA100267,Courtney,Anderson,courtney.anderson891@gmail.com,9054577848,Friend,,Medium,New Carla,SC,06-Oct-2024,119.46,Scholarship Fund
G200727,CA100857,Michael,Newton,michael.newton338@yahoo.com,001-754-213-2971,Alumni,1976,Principal,Sullivanchester,FL,2026-01-16,26484.91,Unrestricted
G200728,CA100018,William,King,william.king740@gmail.com,964-800-5242,Alumni,,Low,North Charlesberg,ND,2023-07-18,150.59,Scholarship Fund
G200729,CA101634,Raymond,Moreno,raymond.moreno655@hotmail.com,(210)346-6275,Friend,,Low,Georgeshire,NV,2026-03-06,28.33,Capital Campaign
G200730,CA100137,Christian,Mcgee,christian.mcgee473@yahoo.com,8167315999,Alumni,1971,Medium,Lake Joshuamouth,NM,2026-06-22,355.61,Annual Fund
G200731,CA101030,Rebecca,Williams,rebecca.williams771@yahoo.com,+1-266-941-1065x41134,Alumni,2003,Medium,Craigshire,KY,2026-01-30,622.29,
G200732,CA101099,Amanda,Alvarez,amanda.alvarez449@hotmail.com,(253)739-4319x16543,Organization,,Low,East David,AZ,19-Sep-2024,40.78,Capital Campaign
G200733,CA101791,Alicia,Guzman,alicia.guzman723@hotmail.com,+1-581-396-6452,Parent,,Medium,Lake Barbarashire,AZ,"July 03, 2024",144.58,Annual Fund
G200734,CA100276,Amanda,Rodriguez,amanda.rodriguez727_at_yahoo.com,458.657.3065,Parent,,Low,South Jasmineside,LA,2023-06-02,184.33,Capital Campaign
G200735,CA100337,Deborah,Pratt,deborah.pratt383@gmail.com,724-647-1746,Parent,,Low,Port Charles,WI,2025-03-07,39.93,Capital Campaign
G200736,CA100790,Shirley,Barker,shirley.barker320@yahoo.com,+1-574-585-9532x5939,Parent,,Low,Elliotttown,MD,2024-06-17,176.26,Endowment
G200737,CA101052,  James ,Anderson,james.anderson951@hotmail.com,+1-205-895-0310,Alumni,1992,Low,Susanborough,ME,23-May-2026,65.38,Unrestricted
G200738,CA101632,Laurie,Shaffer,laurie.shaffer957@hotmail.com,(262)591-7964x416,Parent,,High,Port Ian,OH,2026-02-25,2637.65,Endowment
G200739,CA100157,Becky,Knight,becky.knight655@yahoo.com,600-417-0127x70632,Parent,,High,Clarencestad,KS,2025-07-05,701.57,Endowment
G200740,CA101271,Tyler,Robinson,tyler.robinson909@yahoo.com,(753)586-9479x02548,Friend,,Medium,Wilkinsonberg,MT,2023-08-27,241.55,Athletics
G200741,CA100340,Sean,Mosley,sean.mosley561@gmail.com,+1-800-864-2569x0877,Faculty/Staff,,Low,New Jeremiahfurt,UT,"August 10, 2025",89.17,Endowment
G200742,CA100972,Natalie,Contreras,natalie.contreras291@yahoo.com,,Alumni,2006,Low,East Dana,MO,2024-08-31,108.32,Annual Fund
G200743,CA100398,Jonathan,Davis,jonathan.davis729@gmail.com,832-375-6041x7765,Organization,,Medium,Lake Jose,CA,04/26/2025,596.58,Athletics
G200744,CA101736,Kristi,Cameron,kristi.cameron448@yahoo.com,2767122283,Alumni,2009,Low,Phillipschester,OH,06/03/2026,64.45,Endowment
G200745,CA101787,John,THOMPSON,john.thompson550@hotmail.com,280-252-5795,Alumni,1993,Low,Sarafort,PA,11/15/2022,76.01,Athletics
G200746,CA100520,Erica,Randolph,erica.randolph398@gmail.com,578.281.6093x0685,Alumni,2001,Medium,Oconnellhaven,MH,2023-09-04,262.82,Athletics
G200747,CA101268,Joshua,Montoya,joshua.montoya661@gmail.com,001-537-627-7685x7606,Faculty/Staff,,Principal,Hectorton,GU,2022-08-01,9772.7,Endowment
G200748,CA101371,Jessica,Reed,jessica.reed426@hotmail.com,001-858-341-7491,Alumni,1989,High,Smithtown,GA,2025-07-04,1627.98,Unrestricted
G200749,CA101103,Michael,Hudson,michael.hudson660@yahoo.com,753.705.9702,Alumni,2012,Low,East Allisonmouth,MT,11/18/2024,252.0,Unrestricted
G200750,CA101565,  Danielle ,Cox,danielle.cox14@gmail.com,953-903-0440,Faculty/Staff,,High,Lake Jenniferton,RI,2024-04-05,3803.72,Endowment
G200751,CA100561,Kristen,Sheppard,kristen.sheppard634@yahoo.com,(796)208-9319x925,Alumni,2015,Low,South Sarah,NM,2023-10-20,224.44,Annual Fund
G200752,CA101106,Jonathan,Jones,,+1-916-699-9393x449,Alumni,2020,High,New Nicole,FM,2023-12-31,4821.32,Scholarship Fund
G200753,CA101213,Sarah,Logan,sarah.logan426@gmail.com,(641)697-6878,Friend,,Low,Mcdonaldland,TN,2023-01-28,82.23,Annual Fund
G200754,CA101023,Dawn,Martinez,dawn.martinez6@hotmail.com,488.248.6999x698,Parent,,Low,Victoriamouth,NJ,2022-10-10,66.65,Unrestricted
G200755,CA100248,Adrian,MILLS,adrian.mills778@hotmail.com,,Faculty/Staff,,Low,South Diamondmouth,MT,2022-11-07,-64.87,Capital Campaign
G200756,CA100092,Donna,Parker,,001-362-875-7059x640,Faculty/Staff,,Low,Williamburgh,AK,2026-04-06,183.97,Endowment
G200757,CA100022,Chad,Ayala,chad.ayala836_at_yahoo.com,+1-886-785-0142x9401,Alumni,2018,Low,Samuelhaven,DE,2024-08-24,112.71,Athletics
G200758,CA101132,Edwin,Herring,edwin.herring784@gmail.com,854-981-5826,Alumni,2013,Low,Evanstown,CT,"December 22, 2022",69.03,Annual Fund
G200759,CA101603,Joseph,Richmond,joseph.richmond982@gmail.com,001-400-773-5658x260,Alumni,1974,Low,Lake Robert,MH,18-Oct-2025,104.67,Endowment
G200760,CA100406,Natalie,Anderson,natalie.anderson972@yahoo.com,001-886-624-1502x745,Parent,,High,Chloeview,NC,2022-07-08,2421.97,Athletics
G200761,CA101204,Eileen,PETERS,,001-345-782-9420x340,Alumni,1986,Low,West Kathryn,KY,2026-05-12,48.2,Capital Campaign
G200762,CA100864,David,Newman,david.newman627@hotmail.com,+1-594-737-0526,Alumni,2015,Low,North Anthonyview,MS,2024-09-12,72.66,Athletics
G200763,CA101441,Jeffrey,Jimenez,jeffrey.jimenez622@gmail.com,429-543-0003x7539,Alumni,2010,High,East Douglaschester,MI,2025-07-14,1881.06,Capital Campaign
G200764,CA101211,Kevin,Thompson,kevin.thompson497@gmail.com,763.946.0191x530,Parent,,Principal,Lake Kyle,PR,2025-12-11,15807.77,Unrestricted
G200765,CA101122,Amanda,Knapp,amanda.knapp509@gmail.com,+1-872-658-1225x90956,Faculty/Staff,,Low,Robinberg,IA,2026-07-26,50.78,Unrestricted
G200766,CA100940,Jessica,Obrien,jessica.obrien443@gmail.com,001-963-283-1828x56053,Friend,,Low,Floydshire,ND,2025-08-16,151.07,Endowment
G200767,CA101396,Timothy,SPENCER,timothy.spencer239@hotmail.com,,Organization,,Medium,New Paulafurt,VA,2024-07-15,556.01,Unrestricted
G200768,CA101728,  Brenda ,Gilbert,brenda.gilbert55@hotmail.com,001-444-857-4441x0769,Alumni,2012,Principal,South Danielle,MA,"May 20, 2026",12546.25,Scholarship Fund
G200769,CA100883,Mallory,CARTER,,(296)394-4391x6497,Organization,,Low,Garzaview,UT,2025-09-25,40.24,Scholarship Fund
G200770,CA100161,Jessica,Bell,jessica.bell622@yahoo.com,523-841-3899x94043,Friend,,Low,Debbiebury,NM,2025-09-13,94.25,Scholarship Fund
G200771,CA100739,Steven,Boyer,steven.boyer75@gmail.com,(660)739-2051x4607,Parent,,Low,Michaelbury,KY,2025-01-29,73.28,Athletics
G200772,CA100282,William,Sandoval,william.sandoval602@hotmail.com,+1-575-858-5566x593,Friend,,Low,Michaelmouth,NV,2022-11-30,88.56,Endowment
G200773,CA100296,David,Johnson,david.johnson247@hotmail.com,+1-949-499-3933x051,Alumni,2008,Low,Josephstad,HI,2023-04-09,55.63,Scholarship Fund
G200774,CA100977,Derek,Cooper,derek.cooper284@hotmail.com,,Alumni,2012,Low,Randolphborough,RI,2026-06-18,63.77,Athletics
G200775,CA100270,Peter,Gray,peter.gray973@yahoo.com,863-589-4484,Alumni,1998,Principal,East Derrickville,SC,2024-08-02,10790.9,Annual Fund
G200776,CA100258,Joshua,White,joshua.white139_at_hotmail.com,763-892-0867x808,Alumni,2005,High,South Tiffany,UT,2026-08-12,2970.04,Endowment
G200777,CA100700,Patrick,Walsh,patrick.walsh281@gmail.com,894.929.0458,Alumni,1976,Principal,West Dawn,OR,2023-09-06,2974.69,Athletics
G200778,CA100363,Christine,Martin,christine.martin543@hotmail.com,722-422-3105x9274,Alumni,2007,Low,New Jasmine,TN,07/16/2026,93.04,
G200779,CA101065,Derek,Dougherty,derek.dougherty655@gmail.com,714-547-4328x116,Alumni,,Medium,Lake Davidtown,DC,05/26/2023,2406.0,Endowment
G200780,CA100859,Brittney,Castaneda,brittney.castaneda931@gmail.com,210-228-6712,Alumni,2003,Low,Thompsonberg,LA,2022-07-13,152.47,Annual Fund
G200781,CA101313,Mary,Short,mary.short63@hotmail.com,731-213-2661x1584,Friend,,High,Frankfurt,IA,12/02/2025,941.42,Capital Campaign
G200782,CA101671,Crystal,Young,crystal.young905@hotmail.com,224.261.6303x4383,Alumni,1978,Low,New Christopherbury,MD,2026-09-08,109.56,Endowment
G200783,CA101765,Tonya,Perry,tonya.perry461@gmail.com,001-559-262-7519x346,Alumni,2015,Medium,East Maryhaven,LA,11/23/2022,441.15,Unrestricted
G200784,CA100990,Antonio,Whitney,antonio.whitney753@yahoo.com,(361)645-9011x07977,Friend,,Low,North Kaitlynview,OR,2022-12-25,44.79,Unrestricted
G200785,CA100670,  Joshua ,Cunningham,joshua.cunningham792@yahoo.com,334.932.4474,Organization,,Principal,Bethstad,WI,2025-09-05,51716.96,Capital Campaign
G200786,CA101771,Bradley,Miller,bradley.miller874@gmail.com,+1-829-688-7123x20366,Parent,,Low,Port Scott,VI,2024-01-23,143.72,Annual Fund
G200787,CA101278,Mark,Harper,mark.harper517@gmail.com,(273)796-3428x9876,Organization,,Low,Melanieport,OK,26-Feb-2025,151.09,Athletics
G200788,CA101578,Haley,Hernandez,haley.hernandez327@gmail.com,(582)728-2801x832,Parent,,High,North Samuel,NY,2022-10-01,3988.68,Unrestricted
G200789,CA101402,Michael,Ayala,michael.ayala821@gmail.com,563-599-4901,Alumni,1982,Medium,West Teresa,IL,2026-07-31,218.48,Athletics
G200790,CA100495,Ryan,Thompson,,001-223-472-8179x323,Alumni,2010,Low,West Tonya,VI,22-Jul-2025,83.73,Endowment
G200791,CA101122,Amanda,Knapp,amanda.knapp509@gmail.com,+1-872-658-1225x90956,Faculty/Staff,,Low,Robinberg,IA,2024-03-05,38.33,Unrestricted
G200792,CA100362,Nathan,Roberts,nathan.roberts308@gmail.com,,Friend,,Low,West Justin,GA,"January 12, 2026",73.53,Athletics
G200793,CA100097,Robert,Ortiz,robert.ortiz309@hotmail.com,425-417-7852,Parent,,Low,Shawton,MP,2024-01-18,77.23,Capital Campaign
G200794,CA100721,Joy,HOWARD,joy.howard898@yahoo.com,(833)818-5748x17006,Friend,,Principal,West Michaelport,MP,2022-07-20,12414.79,Unrestricted
G200795,CA100664,Steven,Santiago,steven.santiago974@hotmail.com,(239)683-6520x37583,Alumni,2010,Low,Clintonstad,PW,2026-08-05,46.29,Unrestricted
G200796,CA100170,Teresa,Thomas,teresa.thomas635@yahoo.com,303-486-5719,Alumni,1997,Low,Jonesshire,AR,2026-05-07,90.97,Athletics
G200797,CA100911,Jason,Collins,jason.collins147@yahoo.com,670-264-6255,Alumni,2003,Principal,South Kristina,VA,2023-06-10,47287.5,Capital Campaign
G200798,CA100478,Jared,Williams,jared.williams782@gmail.com,676-356-3600,Alumni,2010,High,West Ellen,NH,2024-04-03,12289.99,Unrestricted
G200799,CA100021,Robert,White,robert.white852@yahoo.com,(534)221-6073x37543,Alumni,1981,Principal,South Mark,VI,2022-10-12,16215.97,Annual Fund
G200800,CA100374,Julie,Wilson,julie.wilson702@gmail.com,001-923-842-3216x110,Alumni,2004,Low,East Danielhaven,OR,2026-05-06,153.55,Athletics
G200801,CA100695,Linda,Massey,linda.massey869@gmail.com,371.800.6876,Parent,,Low,Nicoleside,DE,2025-04-04,51.44,Capital Campaign
G200802,CA100949,Phillip,Watkins,phillip.watkins769@gmail.com,(659)842-3289,Friend,,Principal,Port Shelia,ND,2026-08-30,41652.45,Athletics
G200803,CA101364,Alexander,Tucker,alexander.tucker881@gmail.com,001-412-331-5550x5705,Friend,,Low,Williamsonbury,NC,2024-09-12,113.35,Endowment
G200804,CA101582,Kaitlin,Wilson,kaitlin.wilson3@hotmail.com,+1-776-845-3496x551,Friend,,Low,Oliviafurt,NV,02/28/2023,114.24,Athletics
G200805,CA100439,Janice,Clay,janice.clay469@yahoo.com,789-856-9070,Alumni,2003,High,South Andrew,NC,2024-02-03,2504.38,Unrestricted
G200806,CA100192,Isabella,Matthews,isabella.matthews321@yahoo.com,362-629-9911,Organization,,Medium,Natalieview,MS,2025-07-22,260.68,Scholarship Fund
G200807,CA100697,Latasha,Bowen,latasha.bowen991@yahoo.com,,Organization,,Medium,Douglasberg,PW,2022-10-30,228.21,Capital Campaign
G200808,CA101319,Michele,Willis,michele.willis70@hotmail.com,620-730-2520,Friend,,High,Lake James,NH,2024-12-16,3170.28,Annual Fund
G200809,CA100980,Oscar,Gibbs,oscar.gibbs733@hotmail.com,001-303-499-5297x0137,Alumni,1998,Low,Jamesstad,OH,2023-09-20,90.26,Unrestricted
G200810,CA101431,Veronica,Smith,veronicasmith301@gmailcom,,Friend,,High,Port Michael,AZ,2022-07-06,7258.33,Capital Campaign
G200811,CA100321,Kristen,Graham,kristen.graham424@yahoo.com,+1-932-719-7199,Faculty/Staff,,Low,Port Seanport,MO,06-Apr-2025,57.61,Capital Campaign
G200812,CA100801,Nicole,Hicks,nicole.hicks550@gmail.com,(532)680-9448x5862,Alumni,2009,Medium,Jamesview,MO,2023-07-12,280.3,Endowment
G200813,CA101438,Paula,Barnes,paula.barnes126@gmail.com,8923815780,Friend,,Medium,East Davidland,TX,2024-05-08,582.75,
G200814,CA101170,Jason,Shaw,jason.shaw241@yahoo.com,+1-611-793-9781,Parent,,High,Port Andrewshire,SC,2022-07-12,2228.99,Unrestricted
G200815,CA100518,Eric,Martinez,eric.martinez367@yahoo.com,001-940-753-9672,Alumni,1990,Medium,Shawview,NE,"December 29, 2022",295.37,Capital Campaign
G200816,CA100013,Sara,Glover,sara.glover552@yahoo.com,(987)423-4309x80500,Faculty/Staff,,Medium,New Christopherburgh,CA,2025-01-20,200.55,Unrestricted
G200817,CA100923,Stephanie,Saunders,stephanie.saunders477@yahoo.com,450-568-8269x17768,Alumni,1996,High,Kellyton,DE,2023-06-16,1828.9,Unrestricted
G200818,CA100809,Anna,Vincent,anna.vincent991@hotmail.com,001-473-704-5195x778,Parent,,Low,Jessicaside,FL,2022-07-18,45.73,Scholarship Fund
G200819,CA100382,Tyler,Fuller,tyler.fuller932@gmail.com,7104170269,Alumni,1997,Low,Christyville,WV,2022-08-20,45.92,
G200820,CA100186,Tiffany,Morgan,tiffany.morgan32_at_hotmail.com,606.629.6201x5336,Parent,,Medium,Johnton,MO,2023-07-23,129.23,Scholarship Fund
G200821,CA101485,Dawn,Hill,dawn.hill321@yahoo.com,+1-795-567-4068x73544,Alumni,2016,High,Markland,KY,2025-06-09,3664.25,Unrestricted
G200822,CA100008,Tricia,Roman,tricia.roman380@gmail.com,4399117182,Parent,,Low,West Allison,PA,2023-02-15,130.06,Scholarship Fund
G200823,CA101127,William,Carpenter,william.carpenter824@yahoo.com,7473020596,Alumni,1998,Low,Jakemouth,NM,2025-02-04,37.62,Capital Campaign
G200824,CA100781,David,Padilla,,001-512-911-0633x0165,Parent,,Principal,Lake Vanessa,PA,2024-05-26,39357.82,Capital Campaign
G200825,CA101236,David,Barry,david.barry814@yahoo.com,001-487-290-6048x8693,Friend,,Medium,Kimberlybury,KS,2024-05-10,393.32,Athletics
G200826,CA101052,  James ,Anderson,james.anderson951@hotmail.com,+1-205-895-0310,Alumni,1992,Low,Susanborough,ME,"July 03, 2022",29.42,Unrestricted
G200827,CA100261,Ryan,James,ryan.james196@gmail.com,001-627-202-6728x8574,Parent,,Low,Garciaburgh,AR,2026-03-18,175.23,Annual Fund
G200828,CA100997,Katherine,Hayes,katherine.hayes856@yahoo.com,283.897.8570x82004,Alumni,2018,Low,Floresland,MP,2026-06-05,227.33,Scholarship Fund
G200829,CA100261,Ryan,James,ryan.james196@gmail.com,001-627-202-6728x8574,Parent,,Low,Garciaburgh,AR,08-Jul-2026,111.62,Athletics
G200830,CA101793,Nichole,Mooney,nichole.mooney251@yahoo.com,903-689-1918,Friend,,Medium,West Lisatown,DE,"March 25, 2023",210.34,Capital Campaign
G200831,CA100519,Abigail,Higgins,abigail.higgins836@gmail.com,314-665-1113x1290,Alumni,1998,Low,Stokestown,NE,2024-12-18,141.99,Athletics
G200832,CA101251,Phillip,Martin,phillip.martin689@yahoo.com,(408)605-9831,Alumni,1991,Principal,Christophershire,AR,2022-08-16,38519.84,Unrestricted
G200833,CA101664,Matthew,Ross,matthew.ross352@hotmail.com,+1-426-972-8007,Organization,,Medium,Port Aaron,SC,"August 13, 2024",847.31,Annual Fund
G200834,CA101534,Elizabeth,Duarte,elizabeth.duarte677@hotmail.com,(629)353-3861,Alumni,,Medium,Lake Mackenzieborough,PA,2024-09-10,427.77,Unrestricted
G200835,CA100242,Jennifer,Wilson,jennifer.wilson837@gmail.com,,Alumni,2003,Low,Shepherdville,NJ,2024-10-09,83.95,Athletics
G200836,CA100805,Patrick,Carroll,patrick.carroll581@gmail.com,805-233-6514,Friend,,Low,Kayleeville,ME,08/23/2024,78.47,Capital Campaign
G200837,CA101048,Jamie,White,jamie.white187@gmail.com,+1-508-355-1074x091,Organization,,Medium,North Stevenhaven,MS,03-Oct-2025,659.04,Athletics
G200838,CA100883,Mallory,CARTER,,(296)394-4391x6497,Organization,,Low,Garzaview,UT,22-Jul-2023,80.18,Unrestricted
G200839,CA101325,Nicholas,Gonzalez,nicholas.gonzalez350@gmail.com,273-716-7156,Parent,,Medium,Armstrongstad,DC,06/11/2023,459.07,Capital Campaign
G200840,CA100605,Lori,Sandoval,lori.sandoval718@gmail.com,383.977.4419x75466,Alumni,2003,Low,Liberg,AK,2026-03-24,154.49,Endowment
G200841,CA101424,Donald,Robinson,donald.robinson947@gmail.com,943.476.9929x64447,Friend,,Low,Leahtown,ND,20-May-2025,56.18,Endowment
G200842,CA101505,Lindsay,Sanchez,lindsay.sanchez11@yahoo.com,+1-790-834-5029,Alumni,1981,Low,Juarezton,IA,12/17/2025,57.99,Unrestricted
G200843,CA100491,Eric,Lopez,eric.lopez71@gmail.com,357.866.6567x49160,Alumni,1974,Medium,East Kathryn,KS,2024-08-17,761.83,Scholarship Fund
G200844,CA100274,Eric,Chandler,eric.chandler139@hotmail.com,+1-581-347-4350,Alumni,1968,Principal,Lake Ryan,AL,"July 18, 2024",20833.35,Athletics
G200845,CA100533,Laura,Benson,laura.benson960@hotmail.com,(678)581-2786x8669,Friend,,Low,North Ernest,IL,2022-08-27,63.62,Endowment
G200846,CA101594,Stephanie,Schneider,stephanie.schneider997@yahoo.com,734.794.3148x722,Parent,,Medium,Haydenmouth,MO,2025-01-14,441.27,Endowment
G200847,CA100549,Erin,Liu,erin.liu714@hotmail.com,001-449-584-3624x186,Alumni,2002,Medium,Montgomerybury,MO,2023-11-04,768.68,Unrestricted
G200848,CA100804,Karen,Mccall,karen.mccall497@yahoo.com,+1-294-231-9100,Faculty/Staff,,Medium,Sarahport,NV,2024-08-21,262.66,Annual Fund
G200849,CA100259,April,Stewart,april.stewart45@gmail.com,4366915594,Parent,,Medium,West Thomas,RI,2025-07-01,208.57,Annual Fund
G200850,CA101266,Benjamin,Ross,benjamin.ross348@yahoo.com,760-276-2643,Alumni,2008,High,New Markmouth,HI,2024-05-30,6136.66,Capital Campaign
G200851,CA100760,Elizabeth,Macias,elizabeth.macias805@yahoo.com,,Alumni,2003,High,Jamieview,MT,2023-07-08,3466.18,
G200852,CA100565,Tyler,Walton,tyler.walton936@hotmail.com,978-890-4633,Alumni,2018,Medium,East Melissaville,MI,2023-03-01,223.27,Capital Campaign
G200853,CA100107,Francisco,Ewing,francisco.ewing250@hotmail.com,395-888-8794x7055,Alumni,2011,Low,Lauratown,PA,2023-05-19,122.77,Annual Fund
G200854,CA101471,Diana,Robinson,diana.robinson35@hotmail.com,001-530-310-0090x899,Friend,,Medium,Meyertown,AS,2026-03-09,722.25,Scholarship Fund
G200855,CA100037,Alejandro,Vaughan,alejandro.vaughan766@gmail.com,367.683.7770,Alumni,2001,Low,South Heather,ME,29-Jun-2024,133.31,Scholarship Fund
G200856,CA101494,Katherine,Davila,katherine.davila280@hotmail.com,,Alumni,2009,Medium,New Jesseville,CO,2024-01-27,426.47,Scholarship Fund
G200857,CA100572,Alejandro,White,alejandro.white694@hotmail.com,+1-690-315-5799x8028,Alumni,1987,Low,New Anthony,AK,2025-05-01,115.47,Athletics
G200858,CA101390,Colleen,Thompson,colleen.thompson835@yahoo.com,756.315.2665,Alumni,2006,Low,Tonyfurt,GA,2023-06-01,89.85,Endowment
G200859,CA101631,Charles,CASTILLO,charles.castillo761@gmail.com,+1-958-466-3992x879,Alumni,1973,High,Harrisland,KS,2024-12-27,1425.17,Scholarship Fund
G200860,CA100663,Paul,Wells,paul.wells550@yahoo.com,358.819.3242x68774,Alumni,2004,Medium,Gregorystad,PR,2024-01-22,358080.0,Endowment
G200861,CA101288,Cynthia,Brock,cynthia.brock822@yahoo.com,644.743.5962,Faculty/Staff,,Low,Yoderland,HI,2025-07-04,228.15,Athletics
G200862,CA100093,Douglas,Lawson,douglas.lawson118@yahoo.com,4219355690,Alumni,2013,Low,Nathanland,OK,2022-11-12,86.17,Athletics
G200863,CA100399,Michael,Guzman,,001-357-300-2720x6345,Faculty/Staff,,Low,East Zachary,WI,2024-09-23,108.65,Endowment
G200864,CA100336,Jeffrey,Campbell,jeffrey.campbell225@gmail.com,3093109391,Alumni,2011,Medium,South Diana,MH,2025-12-26,681.64,Endowment
G200865,CA100360,Daniel,Hill,daniel.hill688@hotmail.com,(472)938-0468,Faculty/Staff,,Low,Roberttown,LA,2025-03-19,120.64,Athletics
G200866,CA101260,Nicole,Cook,nicole.cook147@hotmail.com,(288)638-2567x262,Friend,,High,Olsonshire,WI,2023-09-10,565.59,Scholarship Fund
G200867,CA101578,Haley,Hernandez,haley.hernandez327@gmail.com,(582)728-2801x832,Parent,,High,North Samuel,NY,2025-06-04,4859.85,
G200868,CA100970,Alison,Jimenez,alison.jimenez603@gmail.com,475.229.8832,Alumni,1993,Low,East Laurafurt,VA,2023-09-28,233.96,Scholarship Fund
G200869,CA100178,Luis,Robinson,luis.robinson218@yahoo.com,5786593213,Alumni,1989,Low,Port Wendybury,OK,01/04/2023,112.49,Unrestricted
G200870,CA100383,Charles,Walton,charles.walton635@yahoo.com,234.877.8485x880,Faculty/Staff,,Low,South Shannonfurt,NV,05/01/2025,74.48,Scholarship Fund
G200871,CA101006,James,Roberts,jamesroberts974@gmailcom,001-666-217-7182,Parent,,Low,Port Richardside,FL,2025-08-07,52.81,Unrestricted
G200872,CA100374,Julie,Wilson,julie.wilson702@gmail.com,001-923-842-3216x110,Alumni,2004,Low,East Danielhaven,OR,2026-06-18,87.43,Unrestricted
G200873,CA100979,Craig,Mitchell,craig.mitchell661@hotmail.com,+1-268-525-0952x29462,Alumni,2014,Low,Virginiastad,VA,2023-04-24,56.76,Scholarship Fund
G200874,CA100290,Jonathan,Webb,jonathanwebb465@hotmailcom,(606)598-0420,Organization,,Low,Briantown,CA,2024-02-19,91.8,Scholarship Fund
G200875,CA101757,Brian,Blanchard,brian.blanchard946@yahoo.com,862.540.5744x50999,Friend,,Low,West Nathaniel,IA,2026-05-04,114.89,Scholarship Fund
G200876,CA100829,Darlene,Wood,darlene.wood591@yahoo.com,,Alumni,1989,High,Stevenmouth,ME,2024-09-05,2185.35,Endowment
G200877,CA101635,Johnny,Jackson,johnny.jackson171@gmail.com,560.278.5483,Alumni,2007,Low,Williamfort,FL,2023-10-27,58.7,Endowment
G200878,CA100624,Jeffrey,Gray,jeffrey.gray657@hotmail.com,(780)840-8509x54930,Friend,,Medium,Pattonton,AS,2022-07-28,904.89,Annual Fund
G200879,CA100117,David,Parker,david.parker572@yahoo.com,+1-784-814-5933x27279,Friend,,Medium,Toddborough,WV,2025-09-12,408.54,Capital Campaign
G200880,CA100642,Kimberly,Mann,kimberly.mann710@yahoo.com,5614853800,Alumni,2007,Medium,Wigginsbury,TX,2024-04-13,1253.7,Annual Fund
G200881,CA101351,Michael,Carrillo,,248.409.5739x4059,Alumni,1995,Low,Smithview,KY,2025-09-09,112.37,Annual Fund
G200882,CA101210,Ronald,Bell,ronald.bell23@gmail.com,5486507665,Alumni,2005,Low,Patrickton,FM,14-Jul-2023,64.14,Annual Fund
G200883,CA100345,Linda,Simmons,linda.simmons718_at_hotmail.com,,Organization,,Low,Nguyenshire,ND,2025-12-27,84.21,Capital Campaign
G200884,CA100183,Michael,Flores,michael.flores54@hotmail.com,,Friend,,Low,Port Jennamouth,NV,2025-12-22,64.19,Unrestricted
G200885,CA100074,Richard,Bowman,richard.bowman672@yahoo.com,860-352-9751,Friend,,Low,South Brianna,NC,2023-06-03,101.44,Capital Campaign
G200886,CA101577,John,Howard,john.howard149@gmail.com,001-667-830-9532x6708,Faculty/Staff,,Low,Davenportmouth,MS,2022-08-27,55.7,Athletics
G200887,CA101095,Diane,Hughes,diane.hughes722@yahoo.com,001-847-605-5491x2151,Parent,,High,North Ashleemouth,MA,2023-10-29,4518.15,Scholarship Fund
G200888,CA101430,Dominic,Anderson,dominic.anderson452@yahoo.com,467-882-1539,Friend,,High,Munozfort,PR,"January 11, 2026",3986.86,Athletics
G200889,CA101049,Cody,Andersen,cody.andersen43@gmail.com,(854)776-0220,Alumni,2016,Principal,West Lisa,KY,"July 08, 2023",109308.63,Scholarship Fund
G200890,CA100141,  Todd ,Jones,todd.jones520@yahoo.com,279.893.7124,Parent,,Medium,Meaganfurt,AS,2024-08-13,345.14,Athletics
G200891,CA100581,Grace,Graham,grace.graham510@gmail.com,235-680-0401,Alumni,,Low,West Markfurt,KY,2024-11-08,-84.81,Capital Campaign
G200892,CA101362,David,Gibson,,572.598.2689,Alumni,2021,Medium,Rebeccahaven,TN,2025-01-03,689.92,Athletics
G200893,CA101671,Crystal,Young,crystal.young905@hotmail.com,224.261.6303x4383,Alumni,1978,Low,New Christopherbury,MD,13-Nov-2023,65.93,Endowment
G200894,CA101205,Robert,Johnson,robert.johnson674@yahoo.com,(399)294-4946x6720,Alumni,2006,Medium,West Nicole,VA,2024-12-20,480.37,Endowment
G200895,CA101165,Cassandra,Scott,cassandra.scott844@yahoo.com,+1-764-950-9999x0010,Faculty/Staff,,Medium,New Andre,MH,2026-05-23,522.95,Capital Campaign
G200896,CA100716,Wendy,Moyer,wendy.moyer676@yahoo.com,+1-374-495-1191,Parent,,High,New Sandraborough,WV,12-Apr-2026,1103.15,Athletics
G200897,CA100643,James,Harrison,james.harrison464@yahoo.com,(874)323-1830,Faculty/Staff,,Low,Grantborough,VT,2025-08-20,289.23,Athletics
G200898,CA100576,Krystal,Howard,krystal.howard478@gmail.com,755.525.1050,Parent,,High,Bradleymouth,MH,2024-05-07,2483.0,Athletics
G200899,CA100527,John,Hoover,john.hoover965@gmail.com,618.592.3923x1260,Parent,,Low,South Andres,ID,2023-03-06,291.77,Unrestricted
G200900,CA100496,Riley,Sims,riley.sims756@hotmail.com,721-241-6141,Faculty/Staff,,Low,South Todd,WV,2025-09-20,55.08,Capital Campaign
G200901,CA101384,Alice,Henderson,alice.henderson316@gmail.com,470-568-0269x33154,Faculty/Staff,,Low,South Arthurburgh,ID,03-Oct-2023,235.48,Athletics
G200902,CA101480,Jennifer,MCCONNELL,jennifer.mcconnell186@gmail.com,001-871-765-7893x91295,Alumni,1976,Low,New Amandaland,SD,2026-04-01,66.42,Endowment
G200903,CA101757,Brian,Blanchard,brian.blanchard946@yahoo.com,862.540.5744x50999,Friend,,Low,West Nathaniel,IA,2025-03-07,85.65,Capital Campaign
G200904,CA101062,Michael,Lozano,michael.lozano910@gmail.com,797.705.9161x18638,Faculty/Staff,,High,Lake Briannamouth,OK,23-Oct-2024,2306.64,Capital Campaign
G200905,CA101592,Nicholas,Flores,nicholas.flores697@gmail.com,905.354.9434x3687,Alumni,2023,Medium,Michelleshire,HI,21-Jan-2024,242.27,Athletics
G200906,CA101481,Danny,Rowland,danny.rowland322@hotmail.com,(900)750-0924x49287,Organization,,Medium,Riddlebury,SD,2023-04-16,525.03,Athletics
G200907,CA100417,Timothy,Thomas,timothy.thomas255@gmail.com,,Organization,,Low,Wilkinsonside,ID,2024-06-29,130.64,Unrestricted
G200908,CA100690,Travis,Young,travis.young84@hotmail.com,(669)411-6331,Alumni,2017,Low,Port Kimberly,WA,2025-08-11,178.48,Annual Fund
G200909,CA100140,Paul,Carter,paul.carter72@yahoo.com,001-418-339-8262x24447,Parent,,Low,South Joshua,ME,12/14/2023,65.34,Capital Campaign
G200910,CA100456,Miguel,Smith,miguel.smith17@hotmail.com,,Faculty/Staff,,Medium,North John,GU,2023-08-24,1091.81,Scholarship Fund
G200911,CA101373,Brittany,Roth,brittany.roth551@gmail.com,001-577-240-2928x643,Alumni,2015,Low,South Suzanne,SC,2023-12-25,65.86,Endowment
G200912,CA101358,Lisa,Joyce,lisa.joyce24@hotmail.com,241-976-7553x98188,Alumni,2003,Medium,South Willie,MI,2026-05-20,357.63,Endowment
G200913,CA101702,Patrick,Little,patrick.little87@hotmail.com,001-530-723-6416x936,Faculty/Staff,,Medium,South Melaniechester,KY,"January 26, 2024",209.34,Unrestricted
G200914,CA101648,Gary,Reynolds,gary.reynolds326@gmail.com,001-247-236-5003x2990,Friend,,High,Turnermouth,MT,14-Dec-2024,5027.77,Annual Fund
G200915,CA100076,Katherine,Jones,katherine.jones869@hotmail.com,979.697.9955x2717,Alumni,2020,Low,Brittanystad,NY,10/11/2023,30.85,Athletics
G200916,CA101669,Kaylee,Warner,kaylee.warner410@yahoo.com,403.816.7871,Parent,,High,West Justinfort,TX,2024-05-23,10660.47,Athletics
G200917,CA101553,James,Rhodes,james.rhodes627@yahoo.com,,Alumni,1995,Medium,Riggstown,VI,10-May-2023,260.16,
G200918,CA100676,Eric,Peters,eric.peters47@yahoo.com,9728517863,Alumni,2019,Low,Mccarthyville,MS,2025-02-14,66.89,Endowment
G200919,CA100876,Andre,Beck,andre.beck600@yahoo.com,+1-456-905-7121x9881,Alumni,2004,Low,Spencerside,VA,2024-12-13,132.0,Scholarship Fund
G200920,CA100711,Jason,Shaw,jason.shaw851@yahoo.com,813-925-7970,Organization,,Low,West Valerie,OR,10/25/2022,123.26,Endowment
G200921,CA100354,Monique,Wright,monique.wright104@yahoo.com,001-939-229-0600,Friend,,Low,Schmidtfort,AS,2023-10-25,96.05,Athletics
G200922,CA100269,Justin,Nichols,justin.nichols623@hotmail.com,874.806.4930x8536,Alumni,1978,Medium,East Jennifer,SD,2025-10-03,146.23,Annual Fund
G200923,CA100334,Jose,Moreno,jose.moreno122@yahoo.com,7478658018,Alumni,1996,Low,Matthewview,AS,2024-08-03,105.64,Endowment
G200924,CA101352,  Dylan ,Wiggins,dylan.wiggins594@gmail.com,215.989.2584,Alumni,2008,Low,Port Larry,AZ,2023-01-25,165.91,Capital Campaign
G200925,CA100533,Laura,Benson,laura.benson960@hotmail.com,(678)581-2786x8669,Friend,,Low,North Ernest,IL,2023-07-10,74.03,Annual Fund
G200926,CA100465,Michelle,Foster,michelle.foster544@yahoo.com,(569)225-4812x14785,Alumni,1971,Low,Huntmouth,NE,2026-04-18,133.93,Scholarship Fund
G200927,CA100131,Derrick,Mccoy,derrick.mccoy968@gmail.com,,Alumni,1996,High,North Jeffery,NH,2025-10-10,1698.39,Athletics
G200928,CA100577,Jesse,Jones,jesse.jones990@yahoo.com,+1-738-731-8491x966,Alumni,2023,Low,East Brandon,NM,2023-11-23,112.85,Capital Campaign
G200929,CA101626,Amber,Santana,amber.santana463@gmail.com,632-833-3023x9934,Alumni,2018,Principal,Port Richardtown,MP,05-Oct-2022,22140.31,Capital Campaign
G200930,CA101427,Sue,Hebert,sue.hebert751@yahoo.com,(979)260-2425,Parent,,Medium,Port Jason,TN,2026-08-30,243.11,Endowment
G200931,CA100151,Christine,Glenn,christine.glenn445@gmail.com,323.268.8767x6772,Parent,,Low,West Antonio,IN,2024-02-17,86.39,Endowment
G200932,CA100721,Joy,HOWARD,joy.howard898@yahoo.com,(833)818-5748x17006,Friend,,Principal,West Michaelport,MP,12-Apr-2024,61490.56,Annual Fund
G200933,CA100291,Paul,Nelson,paul.nelson209@hotmail.com,(310)446-3681x579,Friend,,Medium,New Tammy,OH,2023-07-08,567.28,Athletics
G200934,CA100231,Gina,Johnson,gina.johnson679@hotmail.com,901-810-2481x93466,Friend,,Low,Stewartfurt,TX,2023-12-16,75.86,Endowment
G200935,CA100399,Michael,Guzman,,001-357-300-2720x6345,Faculty/Staff,,Low,East Zachary,WI,2024-02-23,93.9,Annual Fund
G200936,CA101022,Jonathan,Santiago,jonathan.santiago228@yahoo.com,546-908-3851x799,Friend,,Medium,North Darlenemouth,IA,2024-01-06,412.0,
G200937,CA101399,Lindsay,Mccoy,lindsay.mccoy969@yahoo.com,8368948112,Parent,,High,Ashleyland,RI,2025-12-05,2211.38,Athletics
G200938,CA101017,Jessica,Delacruz,jessica.delacruz208@hotmail.com,6784525482,Alumni,1999,Medium,Lake Angelabury,NY,2024-11-21,174.51,Scholarship Fund
G200939,CA101517,Julia,JENNINGS,julia.jennings158@hotmail.com,918-372-2824,Friend,,Low,North Christopher,DE,2025-04-15,73.32,Scholarship Fund
G200940,CA100314,Steven,Williams,steven.williams981@hotmail.com,001-340-694-3533x44857,Alumni,2012,High,East Joshua,AL,2025-11-20,2288.65,Endowment
G200941,CA100322,Chad,Rodriguez,chad.rodriguez988@hotmail.com,001-665-870-1329x02278,Faculty/Staff,,Low,Gonzalezmouth,ME,2024-10-18,59.19,Scholarship Fund
G200942,CA101361,Natalie,Payne,natalie.payne655@gmail.com,001-288-861-8207,Alumni,2010,Medium,Espinozaton,VI,"February 03, 2025",570.4,Scholarship Fund
G200943,CA101274,Alexandra,Hill,alexandrahill787@yahoocom,8669187564,Alumni,2011,Low,Lake Natalie,WV,2022-09-26,158.97,Annual Fund
G200944,CA101053,Kendra,Smith,kendra.smith340@hotmail.com,001-210-645-2036,Friend,,High,North Amyville,IN,2023-09-30,2347.07,Annual Fund
G200945,CA101744,Brian,Carter,brian.carter229@yahoo.com,001-865-289-5247x609,Faculty/Staff,,High,Mercadoview,NV,2026-02-05,12403.87,Scholarship Fund
G200946,CA101601,Natasha,Pope,natasha.pope247@hotmail.com,596.507.0722x88341,Parent,,Medium,Loriborough,RI,2024-08-01,460.56,Capital Campaign
G200947,CA100822,Thomas,Ramirez,thomas.ramirez441@hotmail.com,001-361-211-4576x832,Alumni,2009,High,North Ashley,TN,2025-08-13,4253.66,Capital Campaign
G200948,CA100273,Maria,Martinez,maria.martinez267@hotmail.com,567.930.3718,Alumni,2002,Low,Maldonadoport,MD,2024-09-03,218.41,Unrestricted
G200949,CA101307,Cassidy,Jones,cassidy.jones26@yahoo.com,505.358.1157x44965,Faculty/Staff,,Medium,Williamsfort,GU,"May 01, 2024",417.08,Capital Campaign
G200950,CA101782,Diana,Henry,diana.henry311@hotmail.com,001-971-756-5969x57945,Parent,,Low,Cherylstad,MN,2025-11-02,79.41,Scholarship Fund
G200951,CA100228,Jeffrey,White,jeffrey.white809@gmail.com,526.988.6153x35554,Alumni,2010,Low,North Elizabethmouth,IA,2023-04-23,125.52,Scholarship Fund
G200952,CA100130,Ashley,Sanchez,ashley.sanchez419@hotmail.com,+1-254-277-7252x2872,Alumni,1976,Medium,Port Elizabethtown,MT,2024-01-28,291.56,Unrestricted
G200953,CA101765,Tonya,Perry,tonya.perry461@gmail.com,001-559-262-7519x346,Alumni,2015,Medium,East Maryhaven,LA,2025-12-11,508.68,Capital Campaign
G200954,CA101255,Adam,Watkins,adam.watkins451@hotmail.com,001-784-752-4032x1153,Alumni,2004,High,West Clintonborough,VA,2023-05-26,1257.62,Scholarship Fund
G200955,CA100116,Tina,Woods,tina.woods153@gmail.com,2466374549,Alumni,1999,Low,Heatherton,TN,"August 19, 2026",58.92,Scholarship Fund
G200956,CA100712,Nicholas,Garcia,nicholas.garcia172@hotmail.com,648-557-4172x15622,Alumni,1999,Medium,South Johnshire,ND,2023-01-14,424.15,Endowment
G200957,CA100553,Thomas,Melton,thomas.melton530@gmail.com,722-971-1332x2889,Organization,,Low,West Kelly,RI,2026-09-24,56.48,Unrestricted
G200958,CA101725,Erin,Jones,erin.jones113@hotmail.com,998.499.3074x61139,Alumni,1991,Medium,Garciamouth,UT,2025-12-04,593.04,Capital Campaign
G200959,CA100335,Corey,Pena,corey.pena910@yahoo.com,239.838.5258x001,Friend,,Low,New Daltonmouth,MI,"October 09, 2023",280.21,Unrestricted
G200960,CA101786,Lynn,COX,lynn.cox60@gmail.com,(812)544-0293,Organization,,High,Dawntown,OK,2023-08-22,3035.0,Capital Campaign
G200961,CA101035,Jackson,Jones,jackson.jones595@hotmail.com,+1-982-741-9962x64222,Faculty/Staff,,Low,South Brianview,VA,2025-07-15,76.82,Capital Campaign
G200962,CA100507,  Jeffery ,Goodman,jeffery.goodman813@hotmail.com,+1-405-291-2662x0157,Alumni,2018,High,New Debrashire,NE,2022-07-02,2660.05,Scholarship Fund
G200963,CA100321,Kristen,Graham,kristen.graham424@yahoo.com,+1-932-719-7199,Faculty/Staff,,Low,Port Seanport,MO,20-Jan-2023,64.65,Unrestricted
G200964,CA100382,Tyler,Fuller,tyler.fuller932@gmail.com,7104170269,Alumni,1997,Low,Christyville,WV,2025-06-17,82.81,Endowment
G200965,CA101434,Cassandra,Miller,cassandra.miller986@gmail.com,4004295616,Alumni,2009,Medium,Nicholasview,UT,2024-11-12,391.63,Endowment
G200966,CA100012,Lindsey,Chase,lindsey.chase937@gmail.com,5808132677,Alumni,1998,Medium,East Nicholasfurt,KS,2023-11-19,474.48,Unrestricted
G200967,CA100839,Ricky,Wallace,ricky.wallace688@gmail.com,001-269-960-8437x6855,Alumni,1981,Low,Masseyborough,MN,2025-09-29,116.51,Endowment
G200968,CA100716,Wendy,Moyer,wendy.moyer676@yahoo.com,+1-374-495-1191,Parent,,High,New Sandraborough,WV,2026-07-06,3770.2,Scholarship Fund
G200969,CA101425,Julian,Lopez,julian.lopez767@hotmail.com,,Alumni,2010,Medium,West Grant,ME,"June 15, 2023",877.22,Athletics
G200970,CA100662,Elizabeth,Murphy,elizabeth.murphy725@hotmail.com,,Alumni,2002,Low,East Annfurt,WI,09/01/2025,84.42,Scholarship Fund
G200971,CA100558,Kayla,Gonzalez,kayla.gonzalez425@yahoo.com,955-297-3714,Alumni,2003,Medium,South Dustin,IL,2024-12-27,648.04,Scholarship Fund
G200972,CA100911,Jason,Collins,jason.collins147@yahoo.com,670-264-6255,Alumni,2003,Principal,South Kristina,VA,2024-10-21,19803.6,Athletics
G200973,CA101267,James,Henderson,,(623)413-3610x94416,Alumni,1998,Low,Lake Cory,MI,"November 01, 2025",82200.0,Endowment
G200974,CA100720,Mary,Brooks,mary.brooks261@yahoo.com,001-436-307-7633x6911,Friend,,High,Port Jason,NM,2024-01-16,13250.57,Unrestricted
G200975,CA101032,Alexis,Young,alexis.young373@yahoo.com,+1-388-791-7879,Alumni,2004,Medium,West Leahchester,HI,2024-02-12,603.32,Unrestricted
G200976,CA100816,Christine,Gillespie,christine.gillespie273@hotmail.com,,Alumni,1995,Medium,Lake Traviston,NM,2024-08-18,676.9,Unrestricted
G200977,CA100647,Daisy,Williams,daisy.williams711@yahoo.com,(239)828-3199x52980,Parent,,High,Port Janetstad,WI,2022-07-21,4460.9,Scholarship Fund
G200978,CA100064,Brittney,Hayes,brittney.hayes72@gmail.com,+1-908-347-0076x617,Friend,,Medium,West Charleneland,DC,09/20/2024,269.91,Unrestricted
G200979,CA100366,Danielle,Silva,danielle.silva742@gmail.com,001-243-701-8718x63759,Faculty/Staff,,Medium,Hernandezchester,MN,2023-01-30,97.62,Annual Fund
G200980,CA101137,Haley,Jackson,haley.jackson987@gmail.com,8055328538,Alumni,2015,Medium,North Marcton,MD,2025-03-15,155.29,Unrestricted
G200981,CA101509,Steven,Dixon,steven.dixon624_at_hotmail.com,276-972-0005x2141,Friend,,High,South Dannybury,KY,"February 03, 2023",2466.64,Capital Campaign
G200982,CA100305,Mary,EVANS,mary.evans726@gmail.com,4169224999,Alumni,1989,High,Sarahland,WI,2022-07-27,7510.28,Scholarship Fund
G200983,CA100799,William,Roberts,william.roberts708@gmail.com,,Alumni,1976,Low,Pierceton,ID,2025-11-03,130.77,
G200984,CA100732,Nicholas,Garcia,nicholas.garcia11@gmail.com,+1-893-928-9634x0646,Alumni,2015,Low,Morrisport,AL,2025-08-31,80.89,Capital Campaign
G200985,CA100602,Jennifer,Miles,jennifer.miles262@hotmail.com,,Alumni,2021,High,New Joy,NM,2025-03-09,2465.88,Annual Fund
G200986,CA100331,Michaela,Smith,michaela.smith847@gmail.com,,Parent,,Low,New Joanne,TN,2023-02-17,73.3,Scholarship Fund
G200987,CA100251,Christopher,Thomas,christopher.thomas927@hotmail.com,(211)443-5190x66984,Alumni,2006,Principal,Gonzalesborough,PR,2023-11-29,15488.76,Unrestricted
G200988,CA100561,Kristen,Sheppard,kristen.sheppard634@yahoo.com,(796)208-9319x925,Alumni,2015,Low,South Sarah,NM,2024-08-05,183.01,Annual Fund
G200989,CA100258,Joshua,White,joshua.white139_at_hotmail.com,763-892-0867x808,Alumni,2005,High,South Tiffany,UT,2024-04-06,3778.27,Scholarship Fund
G200990,CA100255,Timothy,Sanchez,timothy.sanchez260@yahoo.com,001-777-290-7141x63356,Parent,,Medium,Johnland,MO,21-Jan-2026,477.18,Athletics
G200991,CA101021,Maria,Adams,maria.adams748@gmail.com,334-800-1816x77848,Alumni,1988,Low,Vanessaview,KS,01-Aug-2024,71.03,Unrestricted
G200992,CA101736,Kristi,Cameron,kristi.cameron448@yahoo.com,2767122283,Alumni,2009,Low,Phillipschester,OH,07/13/2022,129.26,Annual Fund
G200993,CA101492,Donald,Marshall,donald.marshall445@yahoo.com,001-233-679-5311x12359,Alumni,2016,High,South Michael,FM,02-Nov-2025,2431.87,Endowment
G200994,CA100378,Derek,Farmer,derek.farmer237_at_hotmail.com,580-815-7164x7947,Organization,,Medium,Tracichester,ID,2026-01-18,278.41,Capital Campaign
G200995,CA101097,Lisa,Smith,lisa.smith298@gmail.com,(520)819-7121x24139,Parent,,Medium,Fordshire,SD,2025-08-12,696.76,Endowment
G200996,CA100370,Carol,Cox,carol.cox526@yahoo.com,001-664-471-5890,Parent,,Medium,East Luisberg,MI,09-Jun-2024,457.2,Athletics
G200997,CA101028,Debra,Davidson,debra.davidson475@gmail.com,001-780-674-6823,Organization,,Medium,Clineshire,MD,2022-11-14,304.68,Annual Fund
G200998,CA100743,James,Davis,james.davis694@hotmail.com,+1-364-725-8562x61499,Alumni,1999,Low,South Margaret,IA,2024-03-21,75.11,Scholarship Fund
G200999,CA100730,Bryan,Diaz,bryan.diaz270@hotmail.com,6824137118,Parent,,Low,Kurtchester,OH,2026-08-07,125.54,Endowment
G201000,CA101728,  Brenda ,Gilbert,brenda.gilbert55@hotmail.com,001-444-857-4441x0769,Alumni,2012,Principal,South Danielle,MA,2025-09-12,33434.9,Athletics
G201001,CA100416,Thomas,Holt,thomas.holt917@hotmail.com,001-597-349-9564x1220,Alumni,1991,Low,Lake Taratown,IL,2025-06-20,90.86,Annual Fund
G201002,CA100411,Michelle,Davis,michelle.davis745@gmail.com,(666)442-1476,Alumni,,Low,Elizabethstad,NY,2023-07-09,48.05,Annual Fund
G201003,CA100358,Ann,Ayala,ann.ayala227@gmail.com,238-317-9335x54864,Parent,,Low,Michaelfort,NY,"June 22, 2023",164.68,Capital Campaign
G201004,CA101136,Chelsea,Davila,chelsea.davila280@yahoo.com,001-281-528-3180,Faculty/Staff,,Medium,Hendersontown,WA,2023-07-07,365.72,Endowment
G201005,CA101353,Jeremy,Elliott,jeremy.elliott975@yahoo.com,+1-877-648-6759x51418,Friend,,Low,East Adam,NC,"May 14, 2025",62.4,Unrestricted
G201006,CA100870,Kimberly,Wyatt,kimberly.wyatt415@yahoo.com,+1-552-983-0615,Faculty/Staff,,Low,North Davidview,GA,2024-08-20,109.51,Endowment
G201007,CA100332,Sean,MORTON,sean.morton144@yahoo.com,001-837-828-0512x927,Friend,,Medium,Lake Scott,SC,2024-03-27,472.49,Capital Campaign
G201008,CA100526,Katrina,Young,katrina.young114@hotmail.com,469-506-7447x16392,Organization,,Low,Katieview,UT,2024-05-30,221.15,Unrestricted
G201009,CA101412,Jaclyn,Peterson,jaclynpeterson493@yahoocom,(463)855-8422x717,Alumni,2012,Low,Andersonstad,MO,2022-08-04,101.93,Scholarship Fund
G201010,CA100697,Latasha,Bowen,latasha.bowen991@yahoo.com,,Organization,,Medium,Douglasberg,PW,"October 16, 2024",125.16,Athletics
G201011,CA100603,Derek,Jacobson,derek.jacobson50@hotmail.com,(244)407-9311,Alumni,2017,Medium,New Collinborough,CT,2025-05-24,262.53,Endowment
G201012,CA100759,Sandra,Harris,sandra.harris10@hotmail.com,840-235-2635,Alumni,1994,Medium,East Carol,RI,2025-03-31,348.87,Endowment
G201013,CA100258,Joshua,White,joshua.white139_at_hotmail.com,763-892-0867x808,Alumni,2005,High,South Tiffany,UT,2026-08-06,1385.64,Endowment
G201014,CA101717,Anthony,Payne,anthony.payne309@yahoo.com,001-458-201-5176x4296,Alumni,2006,Low,West Cody,MI,2025-01-11,92.8,
G201015,CA101189,Cory,James,cory.james818_at_gmail.com,502.886.7202x0095,Parent,,Low,Griffithland,OK,2024-05-04,121.15,Athletics
G201016,CA101016,Jose,Martin,jose.martin625@yahoo.com,921-720-3843,Alumni,2006,Low,South Michael,OR,2025-06-06,117.45,Scholarship Fund
G201017,CA100429,Joshua,Rose,joshua.rose65@gmail.com,001-367-238-9975x634,Faculty/Staff,,Principal,Peterberg,NC,2025-07-03,38511.65,Annual Fund
G201018,CA101006,James,Roberts,jamesroberts974@gmailcom,001-666-217-7182,Parent,,Low,Port Richardside,FL,2022-08-16,160.08,Unrestricted
G201019,CA101727,Randy,SANCHEZ,randy.sanchez499@hotmail.com,,Friend,,Low,Lake Adambury,NM,2023-02-01,150.01,Unrestricted
G201020,CA101147,Stephen,Acevedo,stephen.acevedo372@yahoo.com,269.688.1649,Alumni,2011,Medium,Leslieburgh,TN,2022-12-31,451.5,Endowment
G201021,CA101537,Sherry,Duffy,sherry.duffy666@hotmail.com,750-674-3509x52889,Alumni,2003,Low,Bridgestown,IA,2024-09-16,137.42,Endowment
G201022,CA101612,Kristen,Wright,kristen.wright287@hotmail.com,9972034251,Alumni,1980,Low,New Chadstad,OH,2025-06-25,96.86,Unrestricted
G201023,CA101323,Justin,Rivera,justin.rivera601@yahoo.com,(229)752-1797,Organization,,Low,Jamesbury,AS,2024-11-20,145.89,Annual Fund
G201024,CA101095,Diane,Hughes,diane.hughes722@yahoo.com,001-847-605-5491x2151,Parent,,High,North Ashleemouth,MA,2023-04-04,3914.49,Endowment
G201025,CA100702,Kristina,Santos,kristina.santos229@yahoo.com,379.608.3350x6158,Organization,,Low,Port Brianshire,NC,2023-04-13,93.07,Annual Fund
G201026,CA101475,William,Irwin,william.irwin587@gmail.com,,Alumni,,Medium,Lake Kylechester,PA,2023-11-08,511.56,Annual Fund
G201027,CA101115,Karen,Blair,karen.blair358@gmail.com,232.482.9302,Faculty/Staff,,High,Richardville,IL,2024-11-28,546.59,Endowment
G201028,CA100504,Duane,Hahn,duane.hahn703@gmail.com,972.594.2095x4814,Faculty/Staff,,Medium,Carterfurt,AR,2024-08-08,212.68,Capital Campaign
G201029,CA101617,Timothy,Lane,timothy.lane660_at_gmail.com,997-217-7170x30568,Alumni,1971,Low,Charlesview,PW,2022-09-26,66.92,Unrestricted
G201030,CA100372,Amanda,BELL,amanda.bell577@gmail.com,3285457652,Parent,,Low,New Jeffrey,ID,10-Nov-2024,69.74,Endowment
G201031,CA100510,Zoe,Park,zoe.park927@yahoo.com,001-821-951-8260,Alumni,2006,Low,New Maryside,VT,"December 05, 2023",62.35,Endowment
G201032,CA100214,Joseph,Quinn,joseph.quinn892@yahoo.com,421-366-7467x62120,Parent,,Low,Pruittfort,AS,2024-04-23,127.61,Scholarship Fund
G201033,CA101300,Thomas,Diaz,thomas.diaz180_at_hotmail.com,7799661869,Parent,,Medium,Port Kathy,PW,2024-08-03,837.62,Annual Fund
G201034,CA100002,Lisa,Smith,lisa.smith559@gmail.com,001-765-642-3511x615,Alumni,2014,Low,Lake Stephenville,MS,2025-05-08,79.9,Athletics
G201035,CA100928,David,Gallagher,david.gallagher473@gmail.com,+1-572-434-8389x3595,Parent,,Low,Port Loriport,GU,2022-08-14,64.12,Unrestricted
G201036,CA100823,James,Keller,james.keller763@hotmail.com,(584)471-2961x803,Alumni,2009,Medium,Deanfurt,AL,2025-11-24,146.55,Endowment
G201037,CA100354,Monique,Wright,monique.wright104@yahoo.com,001-939-229-0600,Friend,,Low,Schmidtfort,AS,2025-12-08,91.88,Athletics
G201038,CA100718,Jeffrey,Simmons,jeffrey.simmons715@yahoo.com,495.587.3959,Friend,,High,East Kyle,CT,01-Apr-2025,4543.49,Athletics
G201039,CA100870,Kimberly,Wyatt,kimberly.wyatt415@yahoo.com,+1-552-983-0615,Faculty/Staff,,Low,North Davidview,GA,2025-06-05,72.88,Unrestricted
G201040,CA100907,Jessica,Tran,jessica.tran770@gmail.com,+1-270-463-3699x8795,Alumni,2000,Low,North Bruce,AS,2026-08-08,110.31,Capital Campaign
G201041,CA100028,Laurie,Contreras,laurie.contreras553@hotmail.com,+1-557-698-6872x774,Friend,,Low,Simsview,NV,2025-11-21,122.97,Annual Fund
G201042,CA101049,Cody,Andersen,cody.andersen43@gmail.com,(854)776-0220,Alumni,2016,Principal,West Lisa,KY,2023-06-07,20141.31,Athletics
G201043,CA101766,Kristin,Mendoza,kristin.mendoza293@gmail.com,(256)811-5686x22307,Alumni,2013,Medium,Christinahaven,AK,2025-01-31,610.94,Athletics
G201044,CA100115,Penny,Wilcox,penny.wilcox883@hotmail.com,,Alumni,1976,Medium,Christopherville,HI,06/12/2026,615.4,Unrestricted
G201045,CA101599,David,Johnson,david.johnson246@hotmail.com,(910)617-5900x1706,Friend,,Low,South Amyburgh,NC,2025-12-24,54.81,Unrestricted
G201046,CA100295,Kevin,Reese,kevin.reese528@hotmail.com,,Alumni,1992,Low,Edwinborough,CT,2022-08-27,59.02,Endowment
G201047,CA100798,John,Newman,john.newman172@hotmail.com,4037700332,Alumni,1999,Low,Paulfurt,AK,2022-12-08,97.53,Athletics
G201048,CA100028,Laurie,Contreras,laurie.contreras553@hotmail.com,+1-557-698-6872x774,Friend,,Low,Simsview,NV,02/06/2023,105.53,Unrestricted
G201049,CA100783,Victoria,Martin,victoria.martin562@hotmail.com,001-749-568-4364,Organization,,Low,Lake Pamelaview,LA,2022-10-11,92.26,Scholarship Fund
G201050,CA101336,Wesley,Torres,wesley.torres904@hotmail.com,410-874-0274x0675,Alumni,1995,Low,Fisherstad,OK,10/26/2024,130.02,Annual Fund
G201051,CA101113,Bethany,Gordon,bethany.gordon161@hotmail.com,+1-368-900-8529x46902,Alumni,2005,Low,Smallland,NH,2025-11-20,96.76,Annual Fund
G201052,CA100683,Jessica,Schmidt,jessica.schmidt186@yahoo.com,621.781.2276,Alumni,1988,Medium,Barkerbury,PW,2025-01-30,1179.29,Capital Campaign
G201053,CA100070,Julie,Lewis,julie.lewis87@yahoo.com,,Faculty/Staff,,Low,Petersonstad,ME,2023-08-23,105.62,Capital Campaign
G201054,CA100967,Stephanie,Browning,stephanie.browning979_at_gmail.com,001-562-416-5914x3882,Friend,,Low,Denisebury,WY,2023-07-16,234.27,Athletics
G201055,CA101584,Thomas,Fowler,thomas.fowler302@gmail.com,822-284-8349x276,Parent,,Low,Ryanton,CO,2025-04-11,65.4,Scholarship Fund
G201056,CA100140,Paul,Carter,paul.carter72@yahoo.com,001-418-339-8262x24447,Parent,,Low,South Joshua,ME,2023-11-14,88.02,Scholarship Fund
G201057,CA100600,Susan,Fisher,,+1-843-498-5298x940,Alumni,1979,Principal,Santiagomouth,AS,2024-09-21,16475.59,Athletics
G201058,CA100552,Timothy,Williams,timothy.williams81@gmail.com,805-346-8356x5215,Alumni,1985,Low,North Brenda,MS,2026-03-22,116.19,Unrestricted
G201059,CA100913,Rhonda,Johnson,rhonda.johnson609@gmail.com,764.564.4898x8031,Alumni,1980,Low,Port Toni,MA,2025-12-15,146.37,Endowment
G201060,CA100723,Benjamin,Carlson,benjamin.carlson371@gmail.com,001-345-496-2622x8225,Alumni,1996,Low,South Jamesfurt,SC,2024-10-15,73.42,Capital Campaign
G201061,CA101141,Eric,Mccullough,eric.mccullough827@hotmail.com,+1-921-788-3527x918,Alumni,2013,Principal,South Stephaniefort,NM,2023-02-15,73172.28,Scholarship Fund
G201062,CA100226,Molly,Greer,mollygreer732@hotmailcom,001-459-389-3347x212,Parent,,Medium,Williamsview,OH,2024-11-27,684.86,Capital Campaign
G201063,CA101500,Thomas,Wang,thomas.wang55@yahoo.com,(572)399-1154x9044,Alumni,2008,Low,Lake Kevin,NE,"March 07, 2025",109.63,Unrestricted
G201064,CA100949,Phillip,Watkins,phillip.watkins769@gmail.com,(659)842-3289,Friend,,Principal,Port Shelia,ND,2025-06-11,30457.97,Capital Campaign
G201065,CA100472,Amanda,Lopez,amanda.lopez911@gmail.com,597-341-2182x09702,Parent,,Low,Campbellbury,LA,2025-08-30,77.14,Annual Fund
G201066,CA101161,Jacqueline,WHITNEY,jacqueline.whitney377@yahoo.com,244.593.0537,Alumni,2012,Medium,North Alyssa,MT,2024-10-04,205.3,Endowment
G201067,CA101573,Paul,Sims,paul.sims309@yahoo.com,(523)388-7888x76569,Alumni,2016,Low,South Donna,AR,10/15/2023,171.75,Athletics
G201068,CA100080,Holly,Myers,holly.myers293@hotmail.com,,Alumni,2012,Medium,West Angelicamouth,GU,15-Jun-2025,405.4,Athletics
G201069,CA101752,Holly,Wong,holly.wong578@yahoo.com,(710)251-1090x07017,Alumni,2021,Medium,North Nathan,FL,2026-08-29,105.83,Annual Fund
G201070,CA101799,Adam,Lane,adam.lane394@gmail.com,,Friend,,Low,New Melissa,MD,07-Aug-2022,65.36,Capital Campaign
G201071,CA101462,William,Price,william.price835@gmail.com,001-690-907-1210x24234,Alumni,1994,High,Lake Tamara,MI,2025-12-05,8826.57,Unrestricted
G201072,CA101163,Thomas,Smith,thomas.smith731@hotmail.com,(925)215-2174x65353,Faculty/Staff,,Medium,New Anneville,MI,2026-01-06,724.85,Scholarship Fund
G201073,CA100935,Carlos,Lee,carlos.lee400@gmail.com,331.925.5235x617,Alumni,2016,Medium,East Melissaburgh,TX,09/25/2025,732.37,Endowment
G201074,CA100018,William,King,william.king740@gmail.com,964-800-5242,Alumni,,Low,North Charlesberg,ND,2022-12-16,102.95,Unrestricted
G201075,CA100795,Joshua,Mccarthy,joshua.mccarthy97@yahoo.com,729-825-0105x8752,Alumni,2014,Medium,Lake Ryanmouth,MO,"November 23, 2023",1099.67,Annual Fund
G201076,CA100912,Emma,Morgan,emma.morgan38@hotmail.com,,Alumni,1971,Medium,West James,VI,2025-08-11,718.67,Endowment
G201077,CA101554,Susan,Green,susan.green365@gmail.com,001-311-303-4956,Parent,,Medium,Bassland,CO,2022-08-07,593.95,Athletics
G201078,CA100140,Paul,Carter,paul.carter72@yahoo.com,001-418-339-8262x24447,Parent,,Low,South Joshua,ME,2024-10-23,75.66,Capital Campaign
G201079,CA101243,Jason,Cuevas,jason.cuevas203@yahoo.com,570.450.0493,Alumni,1991,High,Conleyburgh,KS,2024-01-11,3508.46,Capital Campaign
G201080,CA100195,Todd,Black,todd.black682@yahoo.com,,Alumni,2017,Medium,New Laceyland,ME,2023-01-04,1196.3,Scholarship Fund
G201081,CA101051,Luis,Rogers,luis.rogers167@hotmail.com,(659)247-9507,Organization,,Low,Garciamouth,VT,2022-07-03,49.95,Capital Campaign
G201082,CA101025,Marie,Wong,mariewong247@hotmailcom,828.433.9121x870,Parent,,Low,East Zachary,NY,05-Apr-2023,174.2,Athletics
G201083,CA100638,Shirley,Davis,shirley.davis469@yahoo.com,450.498.8986x4565,Alumni,2017,Medium,Port Sierraborough,NE,2022-12-26,300.82,Annual Fund
G201084,CA100285,Kimberly,Weeks,kimberly.weeks651@yahoo.com,(766)413-9060x480,Faculty/Staff,,Low,Waynebury,FL,2026-05-07,96.19,Annual Fund
G201085,CA100670,  Joshua ,Cunningham,joshua.cunningham792@yahoo.com,334.932.4474,Organization,,Principal,Bethstad,WI,03-Sep-2022,299185.68,Unrestricted
G201086,CA100873,Christopher,Thompson,,+1-440-591-1225,Alumni,2013,Low,Ritterstad,AK,"November 09, 2023",82.84,Capital Campaign
G201087,CA101527,John,Jacobson,john.jacobson747@yahoo.com,+1-968-459-0964x598,Alumni,2007,High,Robinton,OH,2025-09-05,5496.63,Endowment
G201088,CA100256,Emily,Nicholson,emily.nicholson673@gmail.com,+1-527-955-3942,Friend,,Low,East Jill,VI,2026-08-05,82.9,Athletics
G201089,CA101792,William,Jones,william.jones731@gmail.com,856.883.1723,Friend,,Low,Brownport,VT,"December 17, 2024",73.48,Scholarship Fund
G201090,CA101690,Charles,Rodriguez,charles.rodriguez705@hotmail.com,001-760-804-9021x44415,Faculty/Staff,,Low,Ramirezbury,IN,2026-07-12,56.67,Endowment
G201091,CA100633,Scott,Adams,scott.adams673@hotmail.com,335-735-3751x3765,Parent,,Medium,West Denisebury,NV,2025-08-17,399.46,Annual Fund
G201092,CA100346,Derrick,Copeland,derrick.copeland419@gmail.com,001-909-525-1142x62582,Alumni,1980,Medium,East Craigfurt,WI,04/22/2026,242.69,Capital Campaign
G201093,CA100927,Kyle,Montgomery,kyle.montgomery816@gmail.com,(231)823-4266,Faculty/Staff,,Medium,New Thomasfurt,SC,2024-06-19,1347.57,Capital Campaign
G201094,CA100565,Tyler,Walton,tyler.walton936@hotmail.com,978-890-4633,Alumni,2018,Medium,East Melissaville,MI,2025-07-22,504.68,Athletics
G201095,CA100956,Heather,Mills,heather.mills294@hotmail.com,7928704523,Alumni,1990,Principal,East Savannah,OH,2026-01-29,138823.88,Annual Fund
G201096,CA100222,Linda,Taylor,linda.taylor661@hotmail.com,001-484-485-8333x945,Parent,,Low,Jenniferstad,OH,2024-03-09,131.25,Scholarship Fund
G201097,CA101662,Vincent,Garcia,vincent.garcia649@hotmail.com,,Organization,,High,North Juan,MH,2023-05-05,5849.36,Endowment
G201098,CA101511,Catherine,Thomas,catherine.thomas383@yahoo.com,(956)319-2767x137,Alumni,2007,Principal,Bradychester,IA,2023-06-18,54842.23,Capital Campaign
G201099,CA100579,Rhonda,Mitchell,rhonda.mitchell668@yahoo.com,8886050171,Alumni,1998,Medium,Loganstad,MO,2026-04-04,473.99,Capital Campaign
G201100,CA100164,Cynthia,Davenport,cynthia.davenport932@hotmail.com,+1-214-663-0316x1799,Faculty/Staff,,High,North Alexander,DC,2026-03-31,-3196.59,Athletics
G201101,CA101615,Amy,Avila,amy.avila419@yahoo.com,391.906.5735,Alumni,2009,Low,Matthewview,MS,2025-05-24,90.27,Capital Campaign
G201102,CA100829,Darlene,Wood,darlene.wood591@yahoo.com,,Alumni,1989,High,Stevenmouth,ME,18-Jan-2023,830.68,Annual Fund
G201103,CA101798,James,White,james.white394@yahoo.com,506.458.7448,Parent,,High,South Matthew,VA,2022-12-16,2458.75,Scholarship Fund
G201104,CA101450,Vanessa,Ware,vanessa.ware933@gmail.com,5085484264,Alumni,2019,Medium,South Melinda,TX,16-Jun-2025,348.2,Scholarship Fund
G201105,CA101495,Thomas,Winters,thomas.winters975@yahoo.com,(855)937-0627x281,Alumni,1974,High,East Scott,MS,28-Oct-2022,4206.21,Annual Fund
G201106,CA101217,Jeremiah,Byrd,jeremiah.byrd120@yahoo.com,282.718.8496x80664,Faculty/Staff,,Medium,Port Craigton,HI,2022-10-10,293.25,Athletics
G201107,CA100609,Colin,Rodriguez,colin.rodriguez114@hotmail.com,,Alumni,2023,Medium,Morrisbury,WI,2023-02-05,917.1,Capital Campaign
G201108,CA100955,John,Simmons,john.simmons645@yahoo.com,7094421410,Alumni,1991,Medium,Reyeshaven,DE,2026-09-12,739.19,Endowment
G201109,CA100318,Holly,Davis,holly.davis947@yahoo.com,+1-977-233-2945x62557,Alumni,1978,Medium,South Danielfort,NH,2022-10-13,660.9,Athletics
G201110,CA101731,Gloria,Owens,gloria.owens443@yahoo.com,835-400-7883,Parent,,Low,East James,VT,"July 16, 2024",194.23,Endowment
G201111,CA100896,Shannon,Montgomery,shannon.montgomery625@gmail.com,835-246-2127,Faculty/Staff,,Medium,West Austin,HI,2023-03-02,314.97,Scholarship Fund
G201112,CA101714,Hannah,Smith,,5722235028,Alumni,2013,Medium,Lake Joseph,FL,2025-02-13,321.43,Annual Fund
G201113,CA100850,Penny,Livingston,penny.livingston497@yahoo.com,(905)276-6194x588,Friend,,High,Jonesmouth,ID,2023-05-13,3854.61,Scholarship Fund
G201114,CA101204,Eileen,PETERS,,001-345-782-9420x340,Alumni,1986,Low,West Kathryn,KY,"March 05, 2023",108.45,Capital Campaign
G201115,CA100916,Dennis,Schneider,,8603119875,Alumni,2012,Medium,Yuchester,WI,2022-07-15,976.82,Athletics
G201116,CA101467,Michael,Armstrong,michael.armstrong767@gmail.com,+1-747-959-7833x54883,Alumni,2016,Low,New Jacobport,OK,2025-04-21,109.41,Scholarship Fund
G201117,CA100600,Susan,Fisher,,+1-843-498-5298x940,Alumni,1979,Principal,Santiagomouth,AS,09/17/2024,5946.06,Scholarship Fund
G201118,CA101198,Christopher,Turner,christopher.turner925@gmail.com,(898)636-9235x3484,Parent,,Low,Blackburnton,NY,2025-01-19,130.52,Endowment
G201119,CA100906,Alyssa,Sullivan,alyssa.sullivan385@hotmail.com,236-724-8355,Alumni,2012,Low,Lorraineshire,MS,2026-05-14,114.77,Unrestricted
G201120,CA100746,Sara,Young,sara.young588@hotmail.com,(712)353-8921x878,Organization,,Low,Lake Michael,UT,2022-11-26,80.3,Annual Fund
G201121,CA101665,Tonya,Rodriguez,tonya.rodriguez163@hotmail.com,272-537-3564x0783,Faculty/Staff,,Medium,Port Richardmouth,FM,2023-05-17,778.07,Scholarship Fund
G201122,CA101269,Joshua,Patterson,joshua.patterson584@gmail.com,,Alumni,2001,Medium,Murphymouth,CT,"July 14, 2025",424.34,Unrestricted
G201123,CA100617,Jodi,Noble,jodi.noble744_at_hotmail.com,524.201.0783x5674,Friend,,Low,North Kimborough,ND,2024-04-08,141.65,Annual Fund
G201124,CA100145,Deborah,Williams,deborah.williams680@hotmail.com,+1-565-961-0143x88899,Alumni,1990,Medium,Petershire,UT,2026-07-02,256.86,Capital Campaign
G201125,CA101626,Amber,Santana,amber.santana463@gmail.com,632-833-3023x9934,Alumni,2018,Principal,Port Richardtown,MP,2024-05-06,12669.66,Unrestricted
G201126,CA100034,Barbara,Odonnell,barbara.odonnell886@yahoo.com,(831)793-1491x9058,Parent,,Low,New Deborahtown,PR,2023-05-15,61.37,Unrestricted
G201127,CA100250,Guy,Hansen,guy.hansen244@yahoo.com,849-756-2137x213,Alumni,2007,Medium,East Paultown,AS,2026-09-02,315.48,Annual Fund
G201128,CA100919,Kelsey,Mitchell,kelsey.mitchell483@hotmail.com,,Friend,,Medium,Jeremiahfurt,NC,23-Oct-2023,754.27,Unrestricted
G201129,CA100741,Robin,Davis,robin.davis990@yahoo.com,797-226-3475x57522,Faculty/Staff,,Principal,East Bonniehaven,UT,2022-10-02,21395.52,Unrestricted
G201130,CA100785,Victor,Hines,victor.hines628@yahoo.com,+1-933-792-0567,Alumni,2003,Medium,Fordmouth,NV,2026-08-20,199.71,Athletics
G201131,CA100947,Samuel,Crawford,samuel.crawford560@gmail.com,(258)893-7085,Alumni,2004,Low,Lake Colleen,IA,2023-01-25,87.53,Scholarship Fund
G201132,CA100250,Guy,Hansen,guy.hansen244@yahoo.com,849-756-2137x213,Alumni,2007,Medium,East Paultown,AS,2025-03-11,193.99,Endowment
G201133,CA101480,Jennifer,MCCONNELL,jennifer.mcconnell186@gmail.com,001-871-765-7893x91295,Alumni,1976,Low,New Amandaland,SD,2024-02-28,101.02,Athletics
G201134,CA100940,Jessica,Obrien,jessica.obrien443@gmail.com,001-963-283-1828x56053,Friend,,Low,Floydshire,ND,2023-06-19,114.3,Capital Campaign
G201135,CA100302,Stephanie,Gray,stephanie.gray412@yahoo.com,8256922220,Parent,,Low,Jessicamouth,LA,"March 06, 2024",136.27,Capital Campaign
G201136,CA100021,Robert,White,robert.white852@yahoo.com,(534)221-6073x37543,Alumni,1981,Principal,South Mark,VI,2023-04-21,18083.7,Annual Fund
G201137,CA100692,Sandra,Thompson,sandra.thompson788@yahoo.com,8858721696,Alumni,1990,Medium,Lake Anthony,IN,2025-03-01,207.45,Scholarship Fund
G201138,CA101083,Crystal,Howard,crystal.howard122@gmail.com,481.405.5800x027,Alumni,2011,High,West Jacobmouth,TN,2022-10-15,2523.84,Endowment
G201139,CA101058,Chad,Mclaughlin,chad.mclaughlin870@gmail.com,001-806-605-3088,Alumni,2014,Medium,North Edward,MH,2026-04-22,995.98,Annual Fund
G201140,CA101592,Nicholas,Flores,nicholas.flores697@gmail.com,905.354.9434x3687,Alumni,2023,Medium,Michelleshire,HI,2025-11-18,1041.8,Capital Campaign
G201141,CA100171,Ryan,Brandt,ryan.brandt932@gmail.com,,Alumni,2019,Medium,Josemouth,AS,2024-11-25,811.86,Annual Fund
G201142,CA101511,Catherine,Thomas,catherine.thomas383@yahoo.com,(956)319-2767x137,Alumni,2007,Principal,Bradychester,IA,2025-04-20,23267.68,Capital Campaign
G201143,CA100521,Jeffrey,Jones,jeffrey.jones715@gmail.com,650.967.6251x53814,Alumni,2000,Principal,Josephtown,WA,2025-06-14,86363.18,Scholarship Fund
G201144,CA101535,Erica,Houston,erica.houston972@gmail.com,524-524-0662x8346,Alumni,2017,Medium,Emilyside,PA,2022-10-31,763.22,Scholarship Fund
G201145,CA100211,Jade,Phillips,jade.phillips588@gmail.com,+1-373-975-3001,Alumni,1986,Low,North Kimberly,CA,11/19/2024,85.8,Capital Campaign
G201146,CA101596,Andres,Rowe,andres.rowe573@hotmail.com,001-857-894-7581,Organization,,Principal,East Kristinhaven,WI,2023-02-19,17398.33,Unrestricted
G201147,CA100066,Maria,Ross,maria.ross131@hotmail.com,356-354-5271,Alumni,2008,Low,South Colinstad,AS,2026-09-07,124.39,Unrestricted
G201148,CA100545,Robert,Crawford,robert.crawford492@hotmail.com,788.236.1968x9313,Alumni,1989,High,Port Andre,OH,12/06/2022,1589.08,Unrestricted
G201149,CA100951,Alyssa,Harrington,alyssa.harrington701@yahoo.com,,Parent,,Low,East Michellehaven,CT,2026-05-04,72.93,Annual Fund
G201150,CA100378,Derek,Farmer,derek.farmer237_at_hotmail.com,580-815-7164x7947,Organization,,Medium,Tracichester,ID,2024-01-24,342.08,Scholarship Fund
G201151,CA100902,Leah,Walker,leah.walker662@hotmail.com,782-997-1681,Alumni,1982,Medium,Lake Joshua,PR,2023-11-07,248.32,Annual Fund
G201152,CA100066,Maria,Ross,maria.ross131@hotmail.com,356-354-5271,Alumni,2008,Low,South Colinstad,AS,2022-11-02,210.51,Athletics
G201153,CA101126,Edward,Rodriguez,edward.rodriguez581@gmail.com,(654)996-3308x3344,Alumni,2000,Low,West Waynehaven,NM,2025-11-20,54.69,Capital Campaign
G201154,CA101010,Adrian,Johnson,adrian.johnson945_at_hotmail.com,+1-694-824-8942x0466,Parent,,High,Jimenezton,MD,2023-09-29,1146.99,Annual Fund
G201155,CA101673,Samuel,Carroll,samuel.carroll524@hotmail.com,(854)466-2897x35189,Alumni,2015,Low,West Eric,WI,11/06/2024,83.98,Endowment
G201156,CA101767,Michelle,Faulkner,michelle.faulkner809@gmail.com,(302)827-4330x3727,Faculty/Staff,,Medium,West Kenneth,VI,2023-08-25,153.46,Athletics
G201157,CA100765,Jack,Lee,jack.lee523@hotmail.com,001-770-271-3984x8228,Friend,,Low,Lake Cameronhaven,ND,2022-07-06,90.99,Capital Campaign
G201158,CA101733,Sarah,Vega,sarah.vega943@yahoo.com,232-573-5514x97249,Alumni,1983,Low,East John,NJ,2026-03-24,132.06,Annual Fund
G201159,CA100351,Mark,Gonzalez,mark.gonzalez737@hotmail.com,931-253-1363x63179,Faculty/Staff,,High,Thomasmouth,HI,"July 30, 2024",3417.98,Athletics
G201160,CA100066,Maria,Ross,maria.ross131@hotmail.com,356-354-5271,Alumni,2008,Low,South Colinstad,AS,10-Oct-2025,59.55,Scholarship Fund
G201161,CA100422,Jennifer,Moyer,jennifer.moyer357@hotmail.com,+1-957-329-3417x2232,Alumni,1988,Medium,Hahnfort,ME,2024-08-05,304.37,Athletics
G201162,CA100232,David,Smith,david.smith833@hotmail.com,+1-619-901-5814x491,Alumni,2009,Low,Fostertown,NJ,01-Feb-2024,130.93,Endowment
G201163,CA101751,Jennifer,Morales,jennifer.morales396@gmail.com,(520)877-1074x043,Alumni,2009,High,Jessicafurt,NV,2025-08-21,2367.1,Scholarship Fund
G201164,CA100502,Sandra,Brown,sandra.brown478@yahoo.com,(568)363-3414x1115,Alumni,2015,Low,Davidmouth,MS,15-Sep-2024,65.72,Unrestricted
G201165,CA101100,Eric,Willis,eric.willis712@yahoo.com,9572644974,Parent,,Low,North Donaldside,NH,2024-01-03,69.09,Annual Fund
G201166,CA100909,Deborah,Ross,deborah.ross115@gmail.com,,Alumni,2014,Medium,Lake Cameron,UT,"December 04, 2025",1286.19,Scholarship Fund
G201167,CA100497,Craig,Brown,craig.brown146@gmail.com,+1-890-713-8069x84775,Alumni,2004,Low,Evelynmouth,MD,"January 27, 2025",175.78,Athletics
G201168,CA100030,Kayla,Shah,kayla.shah670@gmail.com,001-596-670-5466x88937,Alumni,1986,Medium,Tuckerfurt,MA,2026-02-02,300.3,Scholarship Fund
G201169,CA101631,Charles,CASTILLO,charles.castillo761@gmail.com,+1-958-466-3992x879,Alumni,1973,High,Harrisland,KS,2025-03-13,2602.47,Endowment
G201170,CA101750,Mary,Conner,mary.conner488@gmail.com,001-991-298-4808,Alumni,1994,Low,South Aaronhaven,WI,2025-05-07,187.61,Capital Campaign
G201171,CA100290,Jonathan,Webb,jonathanwebb465@hotmailcom,(606)598-0420,Organization,,Low,Briantown,CA,2022-08-24,80.19,Unrestricted
G201172,CA101091,Jose,Thomas,jose.thomas176@gmail.com,,Parent,,Low,East Stephanie,PW,2022-11-03,149.03,Endowment
G201173,CA100471,Carrie,Franklin,carrie.franklin507@yahoo.com,,Faculty/Staff,,Low,Harrisfurt,CA,2024-01-06,145.26,Scholarship Fund
G201174,CA100613,Michelle,Peterson,michelle.peterson663@hotmail.com,001-387-933-9785x5982,Alumni,2023,Low,Garrettland,OK,2025-01-30,92.46,Athletics
G201175,CA100766,Andre,Le,andre.le149@hotmail.com,550-221-3060x90691,Alumni,2011,High,North Deborahfort,OK,"January 08, 2023",4058.82,Scholarship Fund
G201176,CA101634,Raymond,Moreno,raymond.moreno655@hotmail.com,(210)346-6275,Friend,,Low,Georgeshire,NV,"February 10, 2023",148.74,Endowment
G201177,CA101580,Matthew,Miller,matthew.miller547@yahoo.com,,Alumni,2007,Low,North Sharon,MD,01/19/2026,96.76,Unrestricted
G201178,CA100480,Scott,Thompson,scott.thompson57@hotmail.com,9832708164,Parent,,Medium,North Kelseyborough,IA,2024-11-27,768.84,Athletics
G201179,CA100339,Scott,Green,scott.green541@gmail.com,,Parent,,High,North Ashleyview,WI,2024-12-04,1515.82,Unrestricted
G201180,CA101606,Robin,Graves,robin.graves907@gmail.com,(854)941-1818x513,Alumni,2016,Low,New Tammy,TX,2026-08-22,69.73,Athletics
G201181,CA100978,Julie,Lewis,julie.lewis979@yahoo.com,001-936-665-3802,Parent,,Low,East Kathyport,HI,2023-03-14,38.85,Scholarship Fund
G201182,CA101765,Tonya,Perry,tonya.perry461@gmail.com,001-559-262-7519x346,Alumni,2015,Medium,East Maryhaven,LA,2023-06-11,526.02,Scholarship Fund
G201183,CA101546,Steve,Warren,steve.warren77@yahoo.com,5366562036,Alumni,2003,High,Erinborough,SC,2026-03-21,1670.8,Capital Campaign
G201184,CA100614,Christian,Patton,christian.patton900@yahoo.com,517-630-9850,Faculty/Staff,,High,Peterstad,CA,2023-11-28,2587.32,
G201185,CA100347,Eric,Hobbs,eric.hobbs987@gmail.com,5024194672,Friend,,Medium,Alexandrachester,IA,2024-02-09,601.67,Scholarship Fund
G201186,CA101240,Rodney,Brown,rodney.brown895@yahoo.com,,Alumni,1984,Medium,New Nicole,MN,21-May-2026,576.65,Scholarship Fund
G201187,CA101701,Rachel,Cox,rachel.cox488@yahoo.com,001-561-392-2188x2206,Alumni,2006,Medium,Shortville,NJ,07/15/2023,134.52,Athletics
G201188,CA100474,Monica,Collins,,,Parent,,Low,Mooreshire,ME,2025-09-20,99.82,Athletics
G201189,CA100363,Christine,Martin,christine.martin543@hotmail.com,722-422-3105x9274,Alumni,2007,Low,New Jasmine,TN,2022-12-25,57.6,Scholarship Fund
G201190,CA100095,David,Farrell,david.farrell590@yahoo.com,(671)455-1884,Alumni,2001,High,Port Michael,IN,2025-01-30,2701.83,Annual Fund
G201191,CA100227,Joseph,Martin,joseph.martin625@yahoo.com,6579202590,Alumni,1972,Principal,Charlesmouth,NC,2024-06-24,29985.58,Unrestricted
G201192,CA100409,Samantha,Sanchez,samantha.sanchez649@yahoo.com,+1-915-904-1659x15201,Alumni,2010,Low,Fullerview,PA,"March 11, 2026",72.56,Scholarship Fund
G201193,CA101776,Rebekah,Boyd,rebekah.boyd940@hotmail.com,001-339-777-0411x678,Alumni,2017,High,Walshport,MO,12/13/2023,815.77,Annual Fund
G201194,CA100409,Samantha,Sanchez,samantha.sanchez649@yahoo.com,+1-915-904-1659x15201,Alumni,2010,Low,Fullerview,PA,"February 10, 2024",121.81,Endowment
G201195,CA100962,Stacy,Day,stacy.day451@gmail.com,001-302-458-2543x1832,Organization,,Medium,Port Bryan,ID,2024-11-07,526.75,Annual Fund
G201196,CA101618,Sarah,Reyes,sarah.reyes159@yahoo.com,564-983-8953,Parent,,Low,Hansenville,WV,2022-10-01,66.57,Capital Campaign
G201197,CA101757,Brian,Blanchard,brian.blanchard946@yahoo.com,862.540.5744x50999,Friend,,Low,West Nathaniel,IA,2022-12-25,67.99,Capital Campaign
G201198,CA100353,Kathleen,ROBINSON,kathleen.robinson630@yahoo.com,+1-929-929-8316x873,Alumni,2021,Low,Alexischester,WA,2024-02-08,72.96,Capital Campaign
G201199,CA100159,  Sean ,Smith,sean.smith675@yahoo.com,362-771-3611,Alumni,2011,Medium,Nicoleberg,MS,2024-11-24,562.49,Scholarship Fund
G201200,CA100523,Michael,GARCIA,michael.garcia93_at_yahoo.com,418.682.6170,Alumni,2011,Low,South Randall,ME,2024-07-05,74.87,Unrestricted
G201201,CA101724,Ashley,Mcclain,ashley.mcclain352@yahoo.com,897.201.5221x33689,Alumni,2020,Medium,New Jamesmouth,NE,2024-01-27,640.17,Scholarship Fund
G201202,CA101446,Daniel,Cardenas,daniel.cardenas967@gmail.com,(627)667-2935x09793,Parent,,Low,North David,DE,2022-07-07,50.52,Scholarship Fund
G201203,CA100640,Mary,Fischer,mary.fischer933@gmail.com,+1-808-983-0705x349,Friend,,Medium,Port Shawn,PW,2024-09-08,288.92,Scholarship Fund
G201204,CA100032,Brent,Gray,brent.gray828@gmail.com,755.564.6417x080,Alumni,1985,Low,Port Susanton,WV,2026-04-07,142.71,Athletics
G201205,CA100840,Drew,Jones,,+1-962-263-3556x43436,Friend,,Low,Lake Heidi,NV,2025-06-05,120.04,Scholarship Fund
G201206,CA100768,Yvette,Macias,yvette.macias299@yahoo.com,001-506-842-0768x3625,Friend,,Medium,Stephensonmouth,VA,2025-02-12,310.52,Capital Campaign
G201207,CA101657,Gloria,Evans,gloria.evans252@yahoo.com,(241)919-9255x1253,Alumni,2011,Low,New Christopherbury,GU,2025-05-29,76.6,Unrestricted
G201208,CA100122,Emily,Stephens,emily.stephens807@hotmail.com,(533)575-2431x0690,Alumni,1996,Low,North Brittneymouth,PA,2025-09-24,50.72,Annual Fund
G201209,CA100083,Kellie,Lamb,kellie.lamb969@gmail.com,001-670-965-3794x7383,Friend,,Low,West Erika,OK,2024-08-27,146.02,Scholarship Fund
G201210,CA100877,Kathleen,Wilson,,+1-853-448-6401x0424,Parent,,Low,Matthewchester,CA,2024-11-17,66.0,Scholarship Fund
G201211,CA101320,Katherine,Carroll,katherine.carroll493@hotmail.com,+1-253-419-2600x986,Alumni,2004,Medium,Baileyfort,LA,02/19/2025,373.07,Annual Fund
G201212,CA101505,Lindsay,Sanchez,lindsay.sanchez11@yahoo.com,+1-790-834-5029,Alumni,1981,Low,Juarezton,IA,2025-09-19,56.8,Annual Fund
G201213,CA100925,Heather,Obrien,heather.obrien487@gmail.com,859.891.4492x07492,Alumni,2006,High,Kaneport,MP,2025-04-24,3040.26,Endowment
G201214,CA100793,Dustin,Nelson,dustin.nelson257@yahoo.com,659.583.3991x4038,Parent,,High,Hendersontown,ME,2024-03-15,2851.98,Scholarship Fund
G201215,CA101778,Mark,Nichols,mark.nichols680@hotmail.com,400.862.3945x994,Alumni,1994,High,Anthonychester,AK,2026-01-25,8856.34,Scholarship Fund
G201216,CA100932,James,Miller,james.miller613@gmail.com,+1-350-701-6809x414,Alumni,2011,Low,South Rickyburgh,VI,2025-07-21,112.48,Endowment
G201217,CA100800,Brittany,Clark,brittany.clark634@hotmail.com,,Alumni,2015,Medium,Smithland,OR,2026-04-15,634.01,Annual Fund
G201218,CA101188,Kenneth,Thomas,kenneth.thomas583@yahoo.com,2432261189,Faculty/Staff,,Medium,West Patrick,NE,2025-12-12,577.66,Unrestricted
G201219,CA101004,Andrew,Whitaker,andrew.whitaker792@gmail.com,513-919-3592x3613,Alumni,2007,Low,Klinemouth,HI,2023-08-22,61.24,Scholarship Fund
G201220,CA100012,Lindsey,Chase,lindsey.chase937@gmail.com,5808132677,Alumni,1998,Medium,East Nicholasfurt,KS,20-Dec-2023,490.97,Unrestricted
G201221,CA101470,Andre,Miller,andre.miller347@gmail.com,+1-254-532-7163,Alumni,2017,Medium,West Rachel,PR,10/24/2023,622.15,Annual Fund
G201222,CA100669,Christopher,Stewart,christopher.stewart198@hotmail.com,5204357134,Friend,,High,Brianport,HI,2025-09-01,3375.47,Capital Campaign
G201223,CA101226,Elizabeth,Reyes,elizabeth.reyes364@yahoo.com,546.770.6751x691,Alumni,2012,Medium,North Marc,WA,2024-12-16,170.57,Athletics
G201224,CA100332,Sean,MORTON,sean.morton144@yahoo.com,001-837-828-0512x927,Friend,,Medium,Lake Scott,SC,05/15/2025,771.24,Athletics
G201225,CA100111,David,Rhodes,david.rhodes779@yahoo.com,(652)640-4157x4733,Alumni,2012,Principal,North Christina,OR,2026-08-25,126400.37,Endowment
G201226,CA101028,Debra,Davidson,debra.davidson475@gmail.com,001-780-674-6823,Organization,,Medium,Clineshire,MD,2026-02-11,298.04,Annual Fund
G201227,CA100517,Joseph,Garcia,joseph.garcia327@gmail.com,(956)425-8896,Alumni,2008,Principal,Alberthaven,VT,2023-04-17,127080.17,Endowment
G201228,CA100409,Samantha,Sanchez,samantha.sanchez649@yahoo.com,+1-915-904-1659x15201,Alumni,2010,Low,Fullerview,PA,2022-09-26,99.55,Annual Fund
G201229,CA101104,Emily,Simmons,emily.simmons497@gmail.com,859-748-9895,Organization,,High,Robertchester,IA,2025-11-12,2719.31,Unrestricted
G201230,CA100606,Justin,Wilson,justin.wilson121@yahoo.com,9949097052,Parent,,Medium,Albertburgh,MI,2024-05-25,192.99,Scholarship Fund
G201231,CA100564,Ross,Thompson,ross.thompson454@hotmail.com,(386)364-6491,Alumni,2016,Medium,Lake Allenchester,CT,2025-10-26,-194.73,Endowment
G201232,CA101758,Logan,Dickson,logan.dickson484@hotmail.com,001-611-811-0851,Friend,,Low,Princeside,TN,21-Jun-2025,82.04,Annual Fund
G201233,CA100116,Tina,Woods,tina.woods153@gmail.com,2466374549,Alumni,1999,Low,Heatherton,TN,11/09/2024,163.18,Athletics
G201234,CA101644,Robert,Williams,robert.williams360@gmail.com,001-409-640-9165x7376,Alumni,1987,Medium,South Patrick,WI,2023-12-01,525.34,Unrestricted
G201235,CA100012,Lindsey,Chase,lindsey.chase937@gmail.com,5808132677,Alumni,1998,Medium,East Nicholasfurt,KS,04/19/2023,1538.12,Endowment
G201236,CA101221,Gabriela,Jensen,gabriela.jensen369@gmail.com,001-584-919-4785x5011,Alumni,1979,Medium,Jeffreyhaven,GA,2023-12-28,381.15,Capital Campaign
G201237,CA100120,Charles,Henderson,charles.henderson161@hotmail.com,480-817-0462,Alumni,2014,Low,Victoriafurt,NV,2022-07-02,63.81,Athletics
G201238,CA101729,Justin,Hall,justin.hall52@yahoo.com,(791)260-4359x839,Friend,,Low,Burnettshire,NE,2024-06-26,187.2,Capital Campaign
G201239,CA101433,Kimberly,Nicholson,kimberly.nicholson597@gmail.com,(520)561-9019,Alumni,,Low,West Christine,NM,2024-01-22,94.65,Scholarship Fund
G201240,CA100557,Eric,Ross,eric.ross533@gmail.com,367.315.7787,Alumni,2002,Medium,Lake Daniel,MO,2025-09-10,426.09,Capital Campaign
G201241,CA101458,John,Crane,john.crane36@gmail.com,001-398-924-2662,Alumni,1987,Medium,Rogerston,CA,2023-03-18,357.33,Annual Fund
G201242,CA101237,Adam,Kramer,adamkramer72@hotmailcom,792.573.9615x97640,Alumni,1995,High,Robertton,WA,2025-10-03,2282.14,Capital Campaign
G201243,CA101365,Joshua,Short,joshua.short429@yahoo.com,3456883114,Friend,,Medium,Tapiaville,WV,2024-08-31,216.51,Capital Campaign
G201244,CA100786,Eric,Rojas,eric.rojas829@yahoo.com,(502)356-2650x62292,Organization,,Low,South Thomasview,MA,2025-09-08,83.36,Scholarship Fund
G201245,CA101249,Susan,Wright,susan.wright825@gmail.com,7232510255,Parent,,Low,New Nicolebury,MA,2026-08-13,94.88,Capital Campaign
G201246,CA101014,Sue,Ferguson,sue.ferguson113@hotmail.com,+1-460-508-0179x8677,Alumni,1983,Low,East Beckystad,NV,2024-12-05,85.47,Annual Fund
G201247,CA100100,Rachel,Morgan,rachel.morgan849@hotmail.com,2019094396,Parent,,Low,Dawnport,NJ,2025-11-27,104.58,Annual Fund
G201248,CA101527,John,Jacobson,john.jacobson747@yahoo.com,+1-968-459-0964x598,Alumni,2007,High,Robinton,OH,"March 16, 2023",612.55,
G201249,CA100609,Colin,Rodriguez,colin.rodriguez114@hotmail.com,,Alumni,2023,Medium,Morrisbury,WI,2022-11-15,156.16,Athletics
G201250,CA101746,Andrea,Neal,andrea.neal100@yahoo.com,988.240.7094x6577,Alumni,2000,Low,Millerhaven,NY,2022-11-22,51.48,
G201251,CA101177,Dennis,Romero,dennis.romero504@gmail.com,572.670.2896x6605,Alumni,2015,Medium,New Christopher,AS,2025-07-18,401.33,Annual Fund
G201252,CA101319,Michele,Willis,michele.willis70@hotmail.com,620-730-2520,Friend,,High,Lake James,NH,2026-08-29,1585.52,Endowment
G201253,CA100674,Erika,Evans,erika.evans933@gmail.com,001-581-466-4969x02824,Alumni,2019,Medium,Lake Mason,AR,28-May-2025,619.5,Athletics
G201254,CA100992,Lindsey,Evans,lindsey.evans38@hotmail.com,869.687.3137x9716,Alumni,2006,Low,South Rebeccaville,FL,2023-01-26,188.66,Athletics
G201255,CA100256,Emily,Nicholson,emily.nicholson673@gmail.com,+1-527-955-3942,Friend,,Low,East Jill,VI,2025-07-21,205.51,Annual Fund
G201256,CA100823,James,Keller,james.keller763@hotmail.com,(584)471-2961x803,Alumni,2009,Medium,Deanfurt,AL,2026-03-11,538.95,Endowment
G201257,CA100836,Patricia,Knight,patriciaknight269@gmailcom,659-744-6333,Parent,,Medium,East Andrew,OR,2024-05-13,92.46,Scholarship Fund
G201258,CA101500,Thomas,Wang,thomas.wang55@yahoo.com,(572)399-1154x9044,Alumni,2008,Low,Lake Kevin,NE,2022-07-14,153.28,Athletics
G201259,CA100334,Jose,Moreno,jose.moreno122@yahoo.com,7478658018,Alumni,1996,Low,Matthewview,AS,2024-10-06,116.68,Annual Fund
G201260,CA101315,Timothy,Wolfe,timothy.wolfe642@gmail.com,,Parent,,Medium,Lake Paula,CO,2022-11-05,205.35,Annual Fund
G201261,CA100367,Paul,Smith,paul.smith217@yahoo.com,(847)481-3767x426,Alumni,2011,High,East Jaredfort,VI,2025-11-05,1756.55,Unrestricted
G201262,CA100430,Victoria,Campbell,victoria.campbell687@gmail.com,384.285.2008x94346,Alumni,2014,Low,Jordanhaven,MI,2024-02-22,86.25,Athletics
G201263,CA101126,Edward,Rodriguez,edward.rodriguez581@gmail.com,(654)996-3308x3344,Alumni,2000,Low,West Waynehaven,NM,"August 22, 2022",137.58,Unrestricted
G201264,CA100461,Megan,LOZANO,megan.lozano232@gmail.com,+1-826-315-3473x55289,Alumni,2005,Low,East Nicoleberg,WY,11-Jul-2022,75.97,Capital Campaign
G201265,CA101550,Joseph,Mitchell,joseph.mitchell965@gmail.com,885-929-5377x4037,Parent,,Low,Grantport,AK,2026-05-10,139.07,Athletics
G201266,CA101346,Kristin,Perry,kristin.perry637@hotmail.com,(740)351-6654,Alumni,2001,Low,East Patricia,VI,12/31/2023,48.45,Scholarship Fund
G201267,CA101666,Abigail,George,abigail.george780@hotmail.com,001-851-945-4983,Alumni,2003,Principal,West Paulview,OK,2022-12-09,36997.07,Annual Fund
G201268,CA100533,Laura,Benson,laura.benson960@hotmail.com,(678)581-2786x8669,Friend,,Low,North Ernest,IL,2024-07-19,33.62,Endowment
G201269,CA101324,Ricky,Cochran,ricky.cochran353@gmail.com,586-707-0472x6602,Alumni,2002,Low,West Williamtown,CA,2022-07-24,88.84,Annual Fund
G201270,CA100638,Shirley,Davis,shirley.davis469@yahoo.com,450.498.8986x4565,Alumni,2017,Medium,Port Sierraborough,NE,"November 22, 2023",234.06,Endowment
G201271,CA101647,Tiffany,Bishop,tiffany.bishop158@hotmail.com,974-922-9835x966,Alumni,,Low,West Johntown,WY,09/14/2024,100.14,Endowment
G201272,CA100761,Hannah,Perry,hannah.perry102@yahoo.com,(343)374-9060x7231,Parent,,Medium,Port Tracy,HI,2024-01-22,1030.2,Endowment
G201273,CA101093,Peter,Whitaker,peter.whitaker389@hotmail.com,001-273-911-8046x7413,Alumni,2017,Low,Jermaineside,ME,2025-11-27,93.78,Annual Fund
G201274,CA101417,Lucas,Chan,lucas.chan667@yahoo.com,(728)992-0641,Alumni,1996,Medium,New Katherinehaven,IA,"July 19, 2026",343.3,Endowment
G201275,CA100388,Benjamin,Barrett,benjamin.barrett541@yahoo.com,001-886-840-7905,Faculty/Staff,,Low,Ashleyfort,CT,2022-08-12,106.62,Unrestricted
G201276,CA101721,Tonya,Hill,tonya.hill387@hotmail.com,9303458809,Alumni,2018,Low,Jonesport,GU,2025-11-21,84.7,Annual Fund
G201277,CA101391,Mitchell,Sanchez,mitchell.sanchez421@hotmail.com,709.466.4147x53369,Faculty/Staff,,Medium,Natalieview,WV,2025-07-12,702.18,Endowment
G201278,CA101772,Kaitlyn,Gardner,kaitlyn.gardner802@gmail.com,,Alumni,2019,Principal,Duffymouth,HI,2023-04-24,23870.71,Capital Campaign
G201279,CA100564,Ross,Thompson,ross.thompson454@hotmail.com,(386)364-6491,Alumni,2016,Medium,Lake Allenchester,CT,2024-09-25,457.38,Endowment
G201280,CA100825,Alan,Beard,alan.beard228@gmail.com,337-433-7773x12688,Parent,,Medium,Port William,VI,2022-08-07,1030.82,Unrestricted
G201281,CA100974,Monica,Duncan,monica.duncan673@gmail.com,5299295014,Alumni,1987,Low,Desireehaven,ID,02/27/2024,87.65,Endowment
G201282,CA101089,Melissa,James,melissa.james800@gmail.com,,Alumni,2009,High,South Davidfurt,CT,02/01/2026,5820.09,Annual Fund
G201283,CA100799,William,Roberts,william.roberts708@gmail.com,,Alumni,1976,Low,Pierceton,ID,2026-08-02,296.13,Athletics
G201284,CA101646,Daniel,Page,daniel.page925@yahoo.com,(226)241-4756,Alumni,1998,High,New Josephbury,IL,2023-07-04,2372.5,Endowment
G201285,CA100005,Jason,Hahn,jason.hahn128@hotmail.com,837-767-2423x88496,Parent,,Medium,East William,CO,2024-03-08,220.2,Athletics
G201286,CA100918,Dana,Jimenez,dana.jimenez319@hotmail.com,391-660-9365x9520,Parent,,High,Port Davidhaven,SC,15-Oct-2022,3045.36,Annual Fund
G201287,CA101698,Lisa,Coleman,lisa.coleman937@yahoo.com,397-438-4498,Faculty/Staff,,High,Port Jerryton,TX,2022-07-17,772.74,Unrestricted
G201288,CA101201,Bethany,Chase,bethany.chase474@gmail.com,,Alumni,2022,Medium,Bradleyberg,GU,2023-05-20,349.87,Capital Campaign
G201289,CA101425,Julian,Lopez,julian.lopez767@hotmail.com,,Alumni,2010,Medium,West Grant,ME,2026-02-19,459.66,Capital Campaign
G201290,CA101092,Jennifer,Smith,jennifer.smith725@gmail.com,001-894-442-5892x22560,Alumni,2014,Low,Jasonton,MH,2024-06-14,84.03,Capital Campaign
G201291,CA100527,John,Hoover,john.hoover965@gmail.com,618.592.3923x1260,Parent,,Low,South Andres,ID,08-Sep-2026,98.49,Unrestricted
G201292,CA100674,Erika,Evans,erika.evans933@gmail.com,001-581-466-4969x02824,Alumni,2019,Medium,Lake Mason,AR,2026-01-12,295.57,Endowment
G201293,CA101288,Cynthia,Brock,cynthia.brock822@yahoo.com,644.743.5962,Faculty/Staff,,Low,Yoderland,HI,31-Jan-2024,76.5,Capital Campaign
G201294,CA100343,Kyle,Ferguson,kyle.ferguson426@yahoo.com,9054050613,Parent,,Low,North Benjamin,FL,2025-04-06,117.35,Annual Fund
G201295,CA100024,Elizabeth,Nguyen,elizabeth.nguyen774@hotmail.com,682-636-6299x4680,Alumni,1977,Low,South Kristi,PA,"November 07, 2024",26.9,Athletics
G201296,CA100021,Robert,White,robert.white852@yahoo.com,(534)221-6073x37543,Alumni,1981,Principal,South Mark,VI,2024-11-10,4672.07,
G201297,CA101637,Brandon,Miller,brandon.miller889@yahoo.com,979-223-2671x48581,Alumni,1984,Low,West Bradleyville,OK,"November 23, 2022",175.69,Scholarship Fund
G201298,CA100471,Carrie,Franklin,carrie.franklin507@yahoo.com,,Faculty/Staff,,Low,Harrisfurt,CA,2025-04-13,137.19,Athletics
G201299,CA100901,Amy,Jones,amy.jones853@hotmail.com,+1-415-488-1445,Parent,,Low,South Tracyborough,DC,2024-03-10,99.35,Scholarship Fund
G201300,CA101161,Jacqueline,WHITNEY,jacqueline.whitney377@yahoo.com,244.593.0537,Alumni,2012,Medium,North Alyssa,MT,2026-08-07,175.59,Scholarship Fund
G201301,CA101422,Nathan,Armstrong,nathan.armstrong932@hotmail.com,001-408-842-9069x69045,Faculty/Staff,,Low,South Carlton,MS,2025-09-15,100.01,Annual Fund
G201302,CA101305,Adam,Hood,adam.hood371@yahoo.com,,Parent,,Low,Charlesland,WY,2024-03-07,100.25,Capital Campaign
G201303,CA100795,Joshua,Mccarthy,joshua.mccarthy97@yahoo.com,729-825-0105x8752,Alumni,2014,Medium,Lake Ryanmouth,MO,2024-04-21,980.83,Capital Campaign
G201304,CA100942,Douglas,Hopkins,douglas.hopkins369@gmail.com,(735)952-1650,Alumni,2002,High,Lake Josephshire,FL,2023-11-10,2243.48,Endowment
G201305,CA101497,Sarah,Coleman,sarah.coleman50@gmail.com,396-830-3995,Alumni,2012,Principal,Everettport,MA,2026-02-05,16842.02,Scholarship Fund
G201306,CA100885,Aaron,Clark,,001-806-815-3722x155,Alumni,2007,Principal,Scottborough,PR,04/21/2023,35613.83,Unrestricted
G201307,CA101397,Joshua,Clark,joshua.clark243@gmail.com,,Alumni,1993,Low,West Raymondborough,OR,2024-02-13,43.64,Scholarship Fund
G201308,CA100659,Joshua,HOOVER,joshua.hoover134@yahoo.com,001-345-496-4883,Alumni,2007,Low,Lake Javierburgh,KS,2025-01-28,68.95,Unrestricted
G201309,CA100899,Amanda,Ho,amanda.ho70@hotmail.com,,Alumni,1996,Medium,Port Heatherton,IN,2023-05-23,389.21,Unrestricted
G201310,CA100095,David,Farrell,david.farrell590@yahoo.com,(671)455-1884,Alumni,2001,High,Port Michael,IN,2023-01-09,742.77,Annual Fund
G201311,CA100466,Shannon,Reynolds,shannon.reynolds942@yahoo.com,,Alumni,2014,Low,Stewartfurt,AK,04/10/2023,118.11,Athletics
G201312,CA101210,Ronald,Bell,ronald.bell23@gmail.com,5486507665,Alumni,2005,Low,Patrickton,FM,2026-04-08,109.52,Athletics
G201313,CA100550,Isaiah,Reese,isaiah.reese995@hotmail.com,+1-617-375-6620x563,Faculty/Staff,,Low,North Michaelmouth,AK,2024-12-23,108.49,Unrestricted
G201314,CA100413,Alison,Holland,alison.holland143@gmail.com,276-317-4224x3864,Parent,,Medium,New Danielchester,MT,07/07/2026,431.62,Athletics
G201315,CA100316,Scott,Anderson,scott.anderson957@yahoo.com,+1-601-760-1662x99795,Alumni,2005,Low,Lake Katherine,AS,2026-07-24,29.35,Scholarship Fund
G201316,CA100447,Tonya,Martinez,tonya.martinez805@yahoo.com,670.530.4531,Alumni,2018,Low,South Tammy,AZ,2025-05-02,68.39,Annual Fund
G201317,CA100611,Manuel,Hale,manuel.hale271@yahoo.com,,Alumni,2006,Low,Lake Audrey,ID,2022-09-09,94.91,Athletics
G201318,CA100623,Shawn,Wilson,shawn.wilson98@yahoo.com,8449964104,Parent,,Medium,Port Patrickmouth,AZ,09/15/2022,238.17,Endowment
G201319,CA101015,Sarah,Merritt,sarah.merritt385@yahoo.com,,Friend,,Medium,Taylorchester,WY,2025-02-24,194.7,Athletics
G201320,CA100860,Tonya,Richardson,tonya.richardson326_at_hotmail.com,001-259-210-2451x091,Friend,,High,Port George,MO,27-Nov-2024,-1085.93,Annual Fund
G201321,CA100829,Darlene,Wood,darlene.wood591@yahoo.com,,Alumni,1989,High,Stevenmouth,ME,2026-01-20,1401.12,Capital Campaign
G201322,CA100843,Kelly,Garrison,kelly.garrison890@yahoo.com,(236)442-8131,Faculty/Staff,,High,Amychester,MH,06-Apr-2024,4373.3,Endowment
G201323,CA100445,Natalie,Clark,natalie.clark61@hotmail.com,254-974-3553x79502,Alumni,2014,Medium,North Emilychester,OH,"July 14, 2025",464.61,Unrestricted
G201324,CA101446,Daniel,Cardenas,daniel.cardenas967@gmail.com,(627)667-2935x09793,Parent,,Low,North David,DE,2024-04-06,90.51,Annual Fund
G201325,CA101639,Shannon,Smith,shannon.smith610@yahoo.com,001-737-795-8291,Alumni,2007,Medium,Lisaland,NE,10-Dec-2024,489.98,Scholarship Fund
G201326,CA101209,Joseph,Ortiz,joseph.ortiz863@gmail.com,328-438-2710,Organization,,Medium,East Ashley,SC,2023-05-18,269.44,Unrestricted
G201327,CA101649,Carlos,Pittman,carlos.pittman997@yahoo.com,,Friend,,Low,Dustinhaven,NM,"May 05, 2024",131.81,Unrestricted
G201328,CA100033,Anthony,Wright,anthony.wright949@gmail.com,+1-323-427-1937x452,Alumni,1988,Medium,Danieltown,ME,2023-05-31,565.83,Scholarship Fund
G201329,CA101440,Ronald,Rogers,,(437)818-5921,Alumni,1999,High,Deborahstad,MT,2023-05-27,746.36,Endowment
G201330,CA101006,James,Roberts,jamesroberts974@gmailcom,001-666-217-7182,Parent,,Low,Port Richardside,FL,2023-04-16,41.76,Scholarship Fund
G201331,CA101118,Darlene,Clark,darlene.clark705_at_gmail.com,,Friend,,Medium,East Jessica,OH,2024-02-15,474.71,Unrestricted
G201332,CA101497,Sarah,Coleman,sarah.coleman50@gmail.com,396-830-3995,Alumni,2012,Principal,Everettport,MA,2024-07-27,8196.47,Capital Campaign
G201333,CA101098,Shawn,Johnson,shawn.johnson377@hotmail.com,831.226.7731x9227,Alumni,1990,Medium,Haleyshire,NC,2024-11-24,256.58,Unrestricted
G201334,CA100792,Carrie,Macdonald,carrie.macdonald795@hotmail.com,217-763-4250x733,Organization,,Low,Malloryfort,OH,2022-07-08,39.68,Capital Campaign
G201335,CA100244,Zachary,Sullivan,zachary.sullivan928@hotmail.com,+1-404-413-7977x2369,Alumni,1992,Principal,Garymouth,NH,15-Apr-2023,9420.83,Capital Campaign
G201336,CA100857,Michael,Newton,michael.newton338@yahoo.com,001-754-213-2971,Alumni,1976,Principal,Sullivanchester,FL,2024-01-20,99788.13,Endowment
G201337,CA100660,Anne,Martinez,anne.martinez960@hotmail.com,,Faculty/Staff,,High,Riverashire,PA,2024-06-21,1265.33,Scholarship Fund
G201338,CA100011,Collin,Jordan,collin.jordan68@yahoo.com,(870)410-6513x33872,Alumni,1990,Low,Stevenland,NV,2025-06-02,45.18,Capital Campaign
G201339,CA100596,Jeff,Petersen,jeff.petersen914@gmail.com,4747065004,Faculty/Staff,,High,Kristenhaven,TN,2024-06-22,4198.74,Annual Fund
G201340,CA101764,Joe,Smith,joe.smith75@hotmail.com,,Parent,,Low,Lake Shari,UT,2025-12-04,75.05,
G201341,CA101706,Mary,Stewart,mary.stewart225@yahoo.com,+1-306-427-8790x259,Parent,,Low,Lake Jessicafurt,IA,2024-11-19,52.27,Scholarship Fund
G201342,CA101776,Rebekah,Boyd,rebekah.boyd940@hotmail.com,001-339-777-0411x678,Alumni,2017,High,Walshport,MO,02-Nov-2022,1758.87,Endowment
G201343,CA101252,Sean,Cook,sean.cook798@hotmail.com,(359)999-2012x3763,Alumni,2004,Low,Parkerstad,KY,2024-01-21,116.81,Scholarship Fund
G201344,CA101195,Christian,Owens,christian.owens96_at_yahoo.com,001-480-324-5598x5160,Friend,,Low,New Elizabethmouth,ND,03/01/2025,170.73,Unrestricted
G201345,CA100558,Kayla,Gonzalez,kayla.gonzalez425@yahoo.com,955-297-3714,Alumni,2003,Medium,South Dustin,IL,2023-09-03,330.8,Unrestricted
G201346,CA100650,Michelle,Jones,michelle.jones55@hotmail.com,001-760-808-9219x6394,Organization,,Low,West Joshuaborough,CT,2024-08-12,174.72,Capital Campaign
G201347,CA100029,Chris,Mitchell,chris.mitchell195@yahoo.com,958-812-2362x31665,Alumni,1991,Principal,East Marissafurt,MH,2023-09-30,44346.18,
G201348,CA101696,Lori,Nichols,lori.nichols214@hotmail.com,401.945.5703x934,Alumni,2014,Medium,Lake Amberfurt,MO,10/05/2026,540.06,Unrestricted
G201349,CA101785,Kenneth,Phillips,kenneth.phillips631@gmail.com,5302276947,Alumni,2017,Low,West Stephanie,ID,11/11/2025,70.01,Scholarship Fund
G201350,CA101723,Erin,Glover,erin.glover340@hotmail.com,+1-630-745-7627,Faculty/Staff,,Medium,North Wendytown,OH,2023-05-11,827.73,Annual Fund
G201351,CA100941,Jennifer,Patterson,jennifer.patterson391@hotmail.com,477-206-7368,Friend,,Principal,Kathyfurt,ND,2025-11-30,33367.37,Annual Fund
G201352,CA100871,Diane,Powers,diane.powers586@yahoo.com,(363)325-1448,Alumni,2008,Medium,Port David,AL,2025-04-21,804.72,Endowment
G201353,CA101611,Emily,Hughes,emily.hughes817@yahoo.com,+1-256-749-6741x9916,Alumni,2011,Low,New Erin,MS,2024-01-18,235.32,Capital Campaign
G201354,CA100450,Zachary,Williams,zachary.williams788@hotmail.com,504.768.7506,Friend,,Low,New Lindseybury,UT,"January 25, 2024",122.28,Capital Campaign
G201355,CA101057,Charles,Lewis,charles.lewis657@yahoo.com,442-562-4178x42902,Alumni,2018,Low,West Mark,CT,2023-07-08,76.59,Scholarship Fund
G201356,CA101395,Stacey,Miller,stacey.miller19@yahoo.com,437.210.3073x72607,Alumni,1997,Low,West Amandachester,GU,2023-05-03,119.25,Scholarship Fund
G201357,CA101682,Christopher,Campos,christopher.campos473@hotmail.com,418-714-0513,Alumni,,Low,South Morgantown,ME,2025-10-28,73.72,Capital Campaign
G201358,CA100942,Douglas,Hopkins,douglas.hopkins369@gmail.com,(735)952-1650,Alumni,2002,High,Lake Josephshire,FL,"January 08, 2025",4214.68,Unrestricted
G201359,CA100350,John,Jensen,john.jensen229@yahoo.com,3103822078,Alumni,2003,Low,Lake Sean,OR,2022-09-12,43.49,Capital Campaign
G201360,CA101637,Brandon,Miller,brandon.miller889@yahoo.com,979-223-2671x48581,Alumni,1984,Low,West Bradleyville,OK,2026-04-05,147.54,Athletics
G201361,CA101189,Cory,James,cory.james818_at_gmail.com,502.886.7202x0095,Parent,,Low,Griffithland,OK,2024-12-28,73.33,Athletics
G201362,CA100158,Christopher,Beck,christopher.beck110@hotmail.com,(506)943-6110,Alumni,1968,Medium,East Brittneyhaven,TX,2025-01-12,455.92,Capital Campaign
G201363,CA100132,Nathaniel,Williamson,nathaniel.williamson792@hotmail.com,+1-677-200-8860x084,Alumni,2013,Medium,Drakeburgh,CT,2024-03-11,253.39,Unrestricted
G201364,CA100343,Kyle,Ferguson,kyle.ferguson426@yahoo.com,9054050613,Parent,,Low,North Benjamin,FL,08/01/2025,75.11,Capital Campaign
G201365,CA100318,Holly,Davis,holly.davis947@yahoo.com,+1-977-233-2945x62557,Alumni,1978,Medium,South Danielfort,NH,2026-04-26,356.76,Annual Fund
G201366,CA101234,Pamela,Phillips,pamela.phillips370@gmail.com,885-472-6029x2546,Friend,,Principal,Lopezhaven,MP,2023-01-21,74759.53,Unrestricted
G201367,CA101318,Brandon,Reilly,brandon.reilly530@gmail.com,(830)666-3605x0281,Alumni,,Low,New Amyville,AL,2025-05-12,67.93,Annual Fund
G201368,CA100822,Thomas,Ramirez,thomas.ramirez441@hotmail.com,001-361-211-4576x832,Alumni,2009,High,North Ashley,TN,2022-09-14,1700.57,Annual Fund
G201369,CA100985,Gerald,Sanchez,gerald.sanchez706@yahoo.com,224-376-0108,Alumni,2013,Medium,North Jaredchester,OH,2025-08-07,812.72,Scholarship Fund
G201370,CA101047,Tina,Velez,tina.velez467@yahoo.com,(928)705-5077x4065,Friend,,High,Christopherfurt,GA,2025-11-26,10926.71,Annual Fund
G201371,CA100861,Madison,Henry,madison.henry860@yahoo.com,001-949-681-9421,Friend,,Low,Lake Kimberly,NY,05/28/2025,88.71,Scholarship Fund
G201372,CA100725,Robert,Jones,robert.jones380@yahoo.com,768.772.9047x742,Alumni,1991,Low,South Trevorshire,ID,15-Jun-2023,88.7,Endowment
G201373,CA100661,Joshua,Aguirre,joshua.aguirre955@hotmail.com,+1-773-320-3319x22270,Organization,,Low,East Williammouth,NE,2024-04-12,60.46,Annual Fund
G201374,CA101074,Danielle,Ramsey,danielle.ramsey934@hotmail.com,599-464-3385,Faculty/Staff,,Medium,Staceyburgh,FM,2023-09-29,381.47,Endowment
G201375,CA100637,Shannon,Davenport,shannon.davenport111@yahoo.com,001-772-929-8120x99576,Alumni,1991,Low,New Jennifer,KY,2022-12-04,71.43,Athletics
G201376,CA101334,Chelsea,Jones,chelsea.jones216@hotmail.com,410.806.4332,Alumni,1985,Medium,East Trevor,NH,2024-04-21,253.97,Scholarship Fund
G201377,CA100233,Eric,Robinson,eric.robinson935@hotmail.com,(884)324-5088x2100,Parent,,Medium,Jasonstad,IL,2025-06-28,195.67,Endowment
G201378,CA101798,James,White,james.white394@yahoo.com,506.458.7448,Parent,,High,South Matthew,VA,2023-04-18,9618.03,Athletics
G201379,CA100731,Tracey,Miller,tracey.miller534@hotmail.com,(468)232-3035,Alumni,1973,Medium,Amberhaven,GA,2025-02-23,362.47,Athletics
G201380,CA100474,Monica,Collins,,,Parent,,Low,Mooreshire,ME,2024-03-02,144.75,Annual Fund
G201381,CA101255,Adam,Watkins,adam.watkins451@hotmail.com,001-784-752-4032x1153,Alumni,2004,High,West Clintonborough,VA,2026-03-17,2258.11,Annual Fund
G201382,CA100749,Sophia,Thomas,,+1-495-509-0591x19186,Alumni,1997,Medium,New Kim,HI,2026-06-10,225.26,Endowment
G201383,CA100805,Patrick,Carroll,patrick.carroll581@gmail.com,805-233-6514,Friend,,Low,Kayleeville,ME,2026-06-14,95.69,Endowment
G201384,CA100464,Krystal,Mendez,krystal.mendez307@gmail.com,668.857.8725x58777,Faculty/Staff,,Low,East Jeffreyborough,NV,2026-08-17,66.26,Unrestricted
G201385,CA101100,Eric,Willis,eric.willis712@yahoo.com,9572644974,Parent,,Low,North Donaldside,NH,2025-02-10,61.44,Athletics
G201386,CA100964,Angela,Cooper,angela.cooper409@hotmail.com,(976)981-7225,Faculty/Staff,,Low,Jorgestad,OH,06/07/2024,120.7,Unrestricted
G201387,CA100168,Stephanie,JONES,stephanie.jones571@yahoo.com,545-918-7053x4949,Alumni,2008,Medium,Brittanyfort,WI,2025-11-30,940.09,Annual Fund
G201388,CA100330,Kristen,Green,kristen.green691@hotmail.com,392.690.4904x7128,Alumni,2010,Low,Davidview,KY,"February 12, 2026",114.07,Athletics
G201389,CA101613,Audrey,Lopez,audrey.lopez472@hotmail.com,(796)570-7421,Parent,,Low,New Johnfurt,VA,2026-06-14,113.8,Unrestricted
G201390,CA100921,Robert,Davis,robert.davis731@gmail.com,001-842-888-6050x537,Alumni,2011,Low,Burchton,NC,2026-07-12,45.18,Unrestricted
G201391,CA100494,  Daisy ,Frank,daisy.frank816@yahoo.com,(343)364-0270,Alumni,1994,Low,Warrenport,VA,2023-07-19,107.98,Scholarship Fund
G201392,CA100252,Diane,Lara,diane.lara2@yahoo.com,709.588.3920,Alumni,1995,High,East Christopherview,WI,2024-12-08,3613.78,Annual Fund
G201393,CA100807,  Heather ,Lewis,heather.lewis555@yahoo.com,+1-660-907-6762x09014,Alumni,2006,Low,Port Joseph,TN,2022-09-04,147.42,Scholarship Fund
G201394,CA100450,Zachary,Williams,zachary.williams788@hotmail.com,504.768.7506,Friend,,Low,New Lindseybury,UT,2023-09-01,55.59,Capital Campaign
G201395,CA100999,Rebecca,Hernandez,rebecca.hernandez412@hotmail.com,001-869-370-4095x31419,Parent,,Medium,Ronaldfort,MH,2025-01-12,229.84,Athletics
G201396,CA101667,Austin,Graham,austin.graham746@hotmail.com,267.751.8571x16456,Alumni,2010,Medium,Loriborough,ME,2023-06-02,351.87,Athletics
G201397,CA100809,Anna,Vincent,anna.vincent991@hotmail.com,001-473-704-5195x778,Parent,,Low,Jessicaside,FL,10-Aug-2024,167.1,Annual Fund
G201398,CA101539,Joshua,Pierce,joshua.pierce722@yahoo.com,944.696.6866,Parent,,High,Smithville,NH,2024-06-30,1684.08,Endowment
G201399,CA100685,Benjamin,Lynch,benjamin.lynch499@hotmail.com,+1-816-381-5466x0241,Alumni,2018,High,New Jose,ME,22-Mar-2025,1459.29,Capital Campaign
G201400,CA100189,Bryan,Goodwin,bryan.goodwin333@hotmail.com,815-886-9380,Faculty/Staff,,Low,Armstrongbury,NJ,2025-07-26,75.12,Scholarship Fund
G201401,CA100130,Ashley,Sanchez,ashley.sanchez419@hotmail.com,+1-254-277-7252x2872,Alumni,1976,Medium,Port Elizabethtown,MT,2025-07-30,289.69,Scholarship Fund
G201402,CA100468,Matthew,Leonard,matthew.leonard255@yahoo.com,243-992-8404x4566,Alumni,2013,High,Port Raymond,IN,2023-10-22,3377.12,Athletics
G201403,CA101424,Donald,Robinson,donald.robinson947@gmail.com,943.476.9929x64447,Friend,,Low,Leahtown,ND,2023-01-07,31.69,Endowment
G201404,CA101058,Chad,Mclaughlin,chad.mclaughlin870@gmail.com,001-806-605-3088,Alumni,2014,Medium,North Edward,MH,2023-04-01,331.8,Annual Fund
G201405,CA100584,Tony,Peterson,tony.peterson866@hotmail.com,001-588-854-7281x23567,Faculty/Staff,,Low,North Joshua,GA,2023-01-11,58.23,Annual Fund
G201406,CA101028,Debra,Davidson,debra.davidson475@gmail.com,001-780-674-6823,Organization,,Medium,Clineshire,MD,2024-03-31,595.68,Annual Fund
G201407,CA100512,Tina,Hunter,tina.hunter177@yahoo.com,+1-926-403-4084,Alumni,2021,Low,Nealhaven,PW,2026-01-13,57.48,Annual Fund
G201408,CA101123,Todd,Burton,todd.burton509@yahoo.com,001-912-212-1101,Alumni,2009,Principal,Lake Michael,UT,2026-01-13,34094.81,Capital Campaign
G201409,CA100930,Ashley,Cooper,ashley.cooper711@hotmail.com,730-787-6123,Alumni,2002,Principal,West Meganview,MO,2022-07-05,79527.26,Capital Campaign
G201410,CA100500,Mercedes,Stein,mercedes.stein268@hotmail.com,(949)432-8980x2714,Alumni,1977,Medium,Friedmanfort,TN,"August 06, 2023",337.5,Annual Fund
G201411,CA100378,Derek,Farmer,derek.farmer237_at_hotmail.com,580-815-7164x7947,Organization,,Medium,Tracichester,ID,15-Feb-2026,926.39,Athletics
G201412,CA100668,William,Thompson,william.thompson527@hotmail.com,3449851579,Friend,,Medium,North Samanthaburgh,VA,"May 11, 2023",317.05,Capital Campaign
G201413,CA100154,Linda,Hudson,lindahudson180@hotmailcom,898-225-4494x812,Parent,,Low,Michelleberg,UT,08/09/2022,40.44,Capital Campaign
G201414,CA101738,Sheila,Carpenter,sheilacarpenter432@gmailcom,(663)556-0777,Alumni,2002,Low,Lake Derrick,MT,"April 06, 2023",114.41,Annual Fund
G201415,CA101202,Jimmy,Jennings,jimmy.jennings602@gmail.com,398.897.9060x854,Alumni,1985,Low,Cookefurt,IA,2024-08-12,34.96,Annual Fund
G201416,CA101257,Heather,King,heather.king121@gmail.com,(418)283-4581,Friend,,Low,Kelseyfort,NM,2023-09-02,59.26,Annual Fund
G201417,CA100744,Amy,Contreras,amy.contreras270@yahoo.com,2736333732,Alumni,2003,Low,North Meredith,NJ,2023-09-13,57.99,Endowment
G201418,CA101761,Autumn,Kane,autumn.kane682@yahoo.com,+1-619-921-4749,Friend,,Low,Paulport,HI,2024-03-15,80.99,Capital Campaign
G201419,CA101248,Susan,Richard,susan.richard460@hotmail.com,6226154390,Faculty/Staff,,Low,New Jeffreyburgh,MI,08-Oct-2025,70.99,Capital Campaign
G201420,CA100111,David,Rhodes,david.rhodes779@yahoo.com,(652)640-4157x4733,Alumni,2012,Principal,North Christina,OR,2024-12-12,77385.08,Endowment
G201421,CA101775,Jeffery,David,jeffery.david626@yahoo.com,622.285.7042,Alumni,2013,Low,West Matthew,LA,2026-01-25,131.71,Scholarship Fund
G201422,CA100729,Tony,Dunn,tony.dunn94@hotmail.com,,Alumni,,Low,Lake Melissahaven,KS,2023-06-29,62.67,Capital Campaign
G201423,CA101734,Tony,Carter,tony.carter331@hotmail.com,309-935-5557x02006,Parent,,Low,Charleschester,ME,2023-05-19,43.54,Scholarship Fund
G201424,CA101268,Joshua,Montoya,joshua.montoya661@gmail.com,001-537-627-7685x7606,Faculty/Staff,,Principal,Hectorton,GU,2025-02-23,96637.59,Athletics
G201425,CA101191,Anna,Smith,anna.smith663@yahoo.com,397.313.0722,Alumni,2008,Medium,New Lisa,OK,2024-01-06,514.08,Capital Campaign
G201426,CA100477,Nicole,Moore,nicolemoore318@hotmailcom,+1-341-337-6815,Friend,,High,Robertburgh,KS,2026-06-03,1913.78,Scholarship Fund
G201427,CA101180,Robert,Peck,robert.peck366@hotmail.com,744-547-1893,Organization,,Medium,New Robertton,MT,2024-02-14,437.08,Endowment
G201428,CA101213,Sarah,Logan,sarah.logan426@gmail.com,(641)697-6878,Friend,,Low,Mcdonaldland,TN,2026-02-10,87.74,Capital Campaign
G201429,CA101120,Samantha,Sparks,samantha.sparks481@gmail.com,(484)471-9017,Faculty/Staff,,Medium,West Brett,MN,2026-03-12,777.89,Unrestricted
G201430,CA100504,Duane,Hahn,duane.hahn703@gmail.com,972.594.2095x4814,Faculty/Staff,,Medium,Carterfurt,AR,2024-09-13,482.2,Scholarship Fund
G201431,CA101308,Thomas,Williams,thomas.williams338@gmail.com,001-230-545-4184,Alumni,1982,Low,East Christopher,ND,2025-07-23,50.53,Annual Fund
G201432,CA100459,Michael,Jones,michael.jones926@gmail.com,+1-212-547-3950,Alumni,2013,Medium,West Grant,FM,"May 21, 2025",577.02,Endowment
G201433,CA100047,Cindy,Jimenez,cindy.jimenez352@yahoo.com,001-603-248-2477x10932,Alumni,2012,Medium,Davisville,NH,2022-10-29,401.91,Scholarship Fund
G201434,CA100195,Todd,Black,todd.black682@yahoo.com,,Alumni,2017,Medium,New Laceyland,ME,"August 08, 2025",220.9,Annual Fund
G201435,CA101498,Antonio,Rivera,antonio.rivera545@hotmail.com,001-582-626-7312,Alumni,1994,Low,Port Kimberly,PW,2023-03-08,70.56,Capital Campaign
G201436,CA100609,Colin,Rodriguez,colin.rodriguez114@hotmail.com,,Alumni,2023,Medium,Morrisbury,WI,2026-02-05,679.97,Scholarship Fund
G201437,CA101296,Mark,Morrison,markmorrison197@hotmailcom,391.622.6000,Alumni,1997,Low,Brandonmouth,MO,2023-07-27,44.7,Capital Campaign
G201438,CA101762,Brandy,Walls,brandy.walls751@gmail.com,284.672.1461x7275,Alumni,1974,Medium,Laurenburgh,NE,2023-09-14,947.8,Unrestricted
G201439,CA100163,Jason,Livingston,jason.livingston317@yahoo.com,348.566.6188x92414,Alumni,1983,High,New Mark,OR,2024-02-19,5288.79,Annual Fund
G201440,CA101376,Angela,Vance,angela.vance462@yahoo.com,,Friend,,Medium,Christinatown,CT,2023-02-13,431.29,Capital Campaign
G201441,CA101583,Alyssa,Simmons,alyssa.simmons934@hotmail.com,8095358201,Alumni,2016,Low,North Katherinemouth,OK,"November 18, 2023",96.44,Athletics
G201442,CA101544,Kevin,Haney,,+1-763-584-9368x0635,Faculty/Staff,,Medium,Lake Marytown,WI,2024-01-08,231.11,Endowment
G201443,CA101638,Ryan,Lynch,ryan.lynch437@yahoo.com,+1-720-492-5192x01828,Alumni,2009,Medium,East Janet,OK,2023-01-22,153.61,Unrestricted
G201444,CA100181,Janet,Thomas,janet.thomas149@gmail.com,751.456.9154x52267,Parent,,Low,Jeffreyshire,GU,2022-11-29,167.04,Unrestricted
G201445,CA100579,Rhonda,Mitchell,rhonda.mitchell668@yahoo.com,8886050171,Alumni,1998,Medium,Loganstad,MO,2022-12-18,532.95,Annual Fund
G201446,CA100330,Kristen,Green,kristen.green691@hotmail.com,392.690.4904x7128,Alumni,2010,Low,Davidview,KY,2024-11-01,104.61,Capital Campaign
G201447,CA101531,Mary,Richardson,mary.richardson632@hotmail.com,+1-647-265-1186x156,Alumni,1981,Low,Dakotafort,MI,2023-08-15,101.13,Endowment
G201448,CA100534,Brittany,Smith,brittany.smith328@hotmail.com,288.544.3448x123,Parent,,Medium,Benjaminberg,FM,2026-05-25,277.95,Endowment
G201449,CA101211,Kevin,Thompson,kevin.thompson497@gmail.com,763.946.0191x530,Parent,,Principal,Lake Kyle,PR,01/19/2023,30462.08,Annual Fund
G201450,CA101795,Margaret,Crawford,margaret.crawford862@yahoo.com,001-325-372-3163x16037,Alumni,2018,Low,West Kayleemouth,PR,2024-03-25,31.12,Annual Fund
G201451,CA100950,Susan,Bradshaw,susan.bradshaw91@gmail.com,462-841-5285x72562,Friend,,Medium,Port Heather,MA,2022-12-28,1108.6,Annual Fund
G201452,CA101743,Justin,Castro,justin.castro719@yahoo.com,001-288-372-8206x3228,Alumni,2004,Low,South Theresa,OH,2026-05-28,106.25,Unrestricted
G201453,CA101739,Michaela,Lee,michaela.lee636@hotmail.com,+1-404-860-0823x696,Alumni,2001,Low,East Staceyburgh,FL,2024-11-24,91.56,Annual Fund
G201454,CA100163,Jason,Livingston,jason.livingston317@yahoo.com,348.566.6188x92414,Alumni,1983,High,New Mark,OR,2024-02-07,4043.15,Endowment
G201455,CA101796,Tasha,Finley,,+1-663-806-6700x599,Alumni,2009,Medium,Sandersbury,VI,"October 19, 2024",211.27,Capital Campaign
G201456,CA100136,Erica,Fernandez,erica.fernandez727@yahoo.com,,Friend,,Medium,Port Vanessa,VA,2023-06-08,354.65,Scholarship Fund
G201457,CA100638,Shirley,Davis,shirley.davis469@yahoo.com,450.498.8986x4565,Alumni,2017,Medium,Port Sierraborough,NE,2022-11-11,488.3,Capital Campaign
G201458,CA101256,Kelsey,Garcia,kelsey.garcia497@hotmail.com,443-608-7797,Alumni,2015,Medium,Jacobsberg,MN,2024-11-19,248.06,Athletics
G201459,CA101224,Patricia,Rhodes,patricia.rhodes163@hotmail.com,+1-864-377-1837x5307,Alumni,1985,High,East Laurenside,AL,2026-08-05,2030.89,Capital Campaign
G201460,CA100823,James,Keller,james.keller763@hotmail.com,(584)471-2961x803,Alumni,2009,Medium,Deanfurt,AL,2023-04-25,251.57,Scholarship Fund
G201461,CA100933,Crystal,Gonzalez,crystal.gonzalez507@hotmail.com,662.805.3440x777,Organization,,Low,North Jennifer,NV,2024-07-10,54.86,Annual Fund
G201462,CA100975,Brian,Morrow,brian.morrow302@gmail.com,001-367-413-9719,Alumni,2017,Medium,Williamsberg,VA,2023-07-04,282.36,Endowment
G201463,CA100210,Kevin,STANLEY,kevin.stanley407@hotmail.com,549.592.6189x14117,Parent,,Medium,Marieborough,MI,2025-11-09,862.17,Athletics
G201464,CA100205,Patricia,Hatfield,patricia.hatfield774@gmail.com,421-975-2500x74329,Friend,,Low,East Christinachester,MO,10/12/2024,87.69,Unrestricted
G201465,CA101782,Diana,Henry,diana.henry311@hotmail.com,001-971-756-5969x57945,Parent,,Low,Cherylstad,MN,04-Aug-2025,121.44,Scholarship Fund
G201466,CA101097,Lisa,Smith,lisa.smith298@gmail.com,(520)819-7121x24139,Parent,,Medium,Fordshire,SD,2023-07-30,287.2,Unrestricted
G201467,CA100002,Lisa,Smith,lisa.smith559@gmail.com,001-765-642-3511x615,Alumni,2014,Low,Lake Stephenville,MS,2023-02-23,120.84,Annual Fund
G201468,CA100710,Shelby,Brown,shelby.brown222@yahoo.com,(827)840-3344x505,Alumni,1989,Low,Angelaborough,AS,04/04/2024,205.11,Capital Campaign
G201469,CA101317,Nicholas,Smith,nicholas.smith815@gmail.com,9269184025,Alumni,2023,Low,East Rebeccahaven,MO,2024-12-11,92.78,Endowment
G201470,CA101002,Larry,Brown,larry.brown103@gmail.com,(585)816-2259,Friend,,Medium,Amyberg,AL,2025-06-08,428.66,Scholarship Fund
G201471,CA100149,Daniel,Lambert,daniel.lambert390@yahoo.com,359.469.6915x57924,Alumni,1987,Medium,Davidport,DE,2026-06-28,200.25,Scholarship Fund
G201472,CA101785,Kenneth,Phillips,kenneth.phillips631@gmail.com,5302276947,Alumni,2017,Low,West Stephanie,ID,2023-01-12,255.06,Athletics
G201473,CA101638,Ryan,Lynch,ryan.lynch437@yahoo.com,+1-720-492-5192x01828,Alumni,2009,Medium,East Janet,OK,2025-08-01,338.1,Annual Fund
G201474,CA101249,Susan,Wright,susan.wright825@gmail.com,7232510255,Parent,,Low,New Nicolebury,MA,2025-04-15,61.17,Unrestricted
G201475,CA101379,Brandi,Moore,brandi.moore476@gmail.com,476.741.4900x3850,Alumni,2016,High,Bryanborough,MP,2023-09-28,3346.4,Unrestricted
G201476,CA100513,Valerie,Bell,,731.603.0324x32983,Parent,,Medium,Lake Cindy,CA,2024-04-14,702.57,Unrestricted
G201477,CA101009,Daniel,Wells,daniel.wells702@yahoo.com,+1-603-798-8636x53621,Alumni,2014,Medium,Carolfurt,NM,2022-08-12,826.94,Athletics
G201478,CA100001,Anna,Baldwin,,,Alumni,2002,Low,Robinsonshire,KY,01/26/2026,185.2,Athletics
G201479,CA101244,Sabrina,Bennett,sabrina.bennett533@gmail.com,272-594-7638,Alumni,1995,Low,Lake Raymondmouth,KS,30-Jul-2026,141.5,Athletics
G201480,CA100926,Angela,Jacobs,angela.jacobs357@hotmail.com,001-771-384-2859x6932,Friend,,Medium,Andrewhaven,FM,17-Dec-2022,613.6,Scholarship Fund
G201481,CA100456,Miguel,Smith,miguel.smith17@hotmail.com,,Faculty/Staff,,Medium,North John,GU,"August 04, 2025",333.19,Athletics
G201482,CA100574,Julie,Simpson,julie.simpson259@hotmail.com,(934)823-4619x9423,Alumni,,Medium,Hendersonview,GU,2023-05-26,129.68,Capital Campaign
G201483,CA101584,Thomas,Fowler,thomas.fowler302@gmail.com,822-284-8349x276,Parent,,Low,Ryanton,CO,2023-11-05,159.25,Athletics
G201484,CA100009,Rodney,Lewis,rodney.lewis547@hotmail.com,001-534-565-7871x33150,Alumni,2019,Medium,North Jeanton,IN,03/16/2023,588.87,Endowment
G201485,CA101788,Robin,Davis,robin.davis833_at_hotmail.com,325.346.0189,Parent,,Low,Port Kevin,VA,2024-04-06,81.63,Unrestricted
G201486,CA101708,Stephanie,Mcdonald,stephanie.mcdonald275@gmail.com,001-679-939-5795x5192,Alumni,1994,Medium,Evelynland,CA,2024-01-20,401.23,Capital Campaign
G201487,CA100436,Aaron,Kelley,,9674949756,Faculty/Staff,,Medium,New Dana,WV,"April 14, 2026",288.62,Athletics
G201488,CA100169,Kimberly,Oconnor,kimberly.oconnor689@hotmail.com,001-332-506-0385x05064,Alumni,2006,Low,South Travis,AR,2025-06-10,64.71,Annual Fund
G201489,CA100286,Brent,Dennis,brent.dennis607@yahoo.com,399.981.3646x225,Alumni,2018,Low,New Raymondland,MO,"May 14, 2026",104.41,Annual Fund
G201490,CA100605,Lori,Sandoval,lori.sandoval718@gmail.com,383.977.4419x75466,Alumni,2003,Low,Liberg,AK,2023-06-28,46.48,Athletics
G201491,CA100831,Keith,Palmer,keith.palmer427@yahoo.com,539-435-4358x64496,Alumni,2009,Principal,Jamesstad,VT,2022-07-11,29608.25,Scholarship Fund
G201492,CA100441,Howard,Reeves,howard.reeves843@yahoo.com,(515)926-5461x0339,Friend,,Medium,Averyview,AR,"October 01, 2022",243.01,
G201493,CA100856,Lisa,Hamilton,lisa.hamilton894@yahoo.com,584-976-0944x12833,Alumni,2003,Medium,North Heidi,NY,11/03/2023,147.81,Scholarship Fund
G201494,CA101237,Adam,Kramer,adamkramer72@hotmailcom,792.573.9615x97640,Alumni,1995,High,Robertton,WA,2026-02-13,-2867.67,Endowment
G201495,CA100203,Howard,Davis,howard.davis582@gmail.com,001-648-625-1353x4655,Alumni,1995,High,Yorkfort,AR,05-Jul-2026,2486.47,Athletics
G201496,CA101515,Lawrence,Ryan,lawrence.ryan631@hotmail.com,(598)970-3688x3004,Alumni,2005,Medium,South Jessica,UT,25-Dec-2025,196.37,Scholarship Fund
G201497,CA101596,Andres,Rowe,andres.rowe573@hotmail.com,001-857-894-7581,Organization,,Principal,East Kristinhaven,WI,2026-08-30,12205.84,Capital Campaign
G201498,CA101601,Natasha,Pope,natasha.pope247@hotmail.com,596.507.0722x88341,Parent,,Medium,Loriborough,RI,2024-02-14,419.21,Athletics
G201499,CA101602,Adrian,Nelson,adrian.nelson810@gmail.com,+1-974-827-4936x635,Parent,,Medium,Mackland,UT,06/22/2024,766.47,Unrestricted
G201500,CA100164,Cynthia,Davenport,cynthia.davenport932@hotmail.com,+1-214-663-0316x1799,Faculty/Staff,,High,North Alexander,DC,2022-10-28,2567.15,Endowment
G201501,CA100856,Lisa,Hamilton,lisa.hamilton894@yahoo.com,584-976-0944x12833,Alumni,2003,Medium,North Heidi,NY,2026-02-17,480.18,Unrestricted
G201502,CA101632,Laurie,Shaffer,laurie.shaffer957@hotmail.com,(262)591-7964x416,Parent,,High,Port Ian,OH,2022-11-19,3955.08,Capital Campaign
G201503,CA100904,Nicholas,Wilson,nicholas.wilson856@hotmail.com,+1-944-342-1829x9874,Parent,,Medium,East Madison,LA,2023-04-04,387.66,Endowment
G201504,CA101199,Eric,Walker,eric.walker526@hotmail.com,(754)762-2021x23720,Alumni,2002,Low,East Kathleentown,AR,2026-02-15,67.63,Capital Campaign
G201505,CA100170,Teresa,Thomas,teresa.thomas635@yahoo.com,303-486-5719,Alumni,1997,Low,Jonesshire,AR,2022-08-14,72.5,Endowment
G201506,CA101582,Kaitlin,Wilson,kaitlin.wilson3@hotmail.com,+1-776-845-3496x551,Friend,,Low,Oliviafurt,NV,2026-05-28,203.19,Scholarship Fund
G201507,CA100293,Stacy,Perez,stacy.perez254@yahoo.com,(721)968-9363x9264,Alumni,2005,Low,East Denise,OR,04/24/2025,65.72,Capital Campaign
G201508,CA100980,Oscar,Gibbs,oscar.gibbs733@hotmail.com,001-303-499-5297x0137,Alumni,1998,Low,Jamesstad,OH,2025-04-01,144.13,Scholarship Fund
G201509,CA100701,Melissa,Edwards,melissa.edwards670@yahoo.com,(572)587-2760x1534,Alumni,1998,Low,West Charlotte,VA,"September 04, 2023",150.12,Scholarship Fund
G201510,CA100562,Michelle,Wilson,michelle.wilson764@hotmail.com,(448)807-2791x03368,Alumni,2010,Medium,West Jason,ID,2024-06-23,481.83,Capital Campaign
G201511,CA100911,Jason,Collins,jason.collins147@yahoo.com,670-264-6255,Alumni,2003,Principal,South Kristina,VA,2025-03-26,81451.66,Athletics
G201512,CA101654,Nicholas,Klein,nicholas.klein27@yahoo.com,,Organization,,Low,North John,MI,2026-04-08,179.03,Capital Campaign
G201513,CA100532,Andrea,King,andrea.king326@hotmail.com,(657)416-1768x802,Parent,,Medium,Brandonshire,AR,2023-05-24,428.78,Unrestricted
G201514,CA100246,Alexandra,Blankenship,alexandra.blankenship84@hotmail.com,(429)212-7990x88117,Alumni,2004,Low,Boydstad,VI,2022-07-12,45.08,Unrestricted
G201515,CA100669,Christopher,Stewart,christopher.stewart198@hotmail.com,5204357134,Friend,,High,Brianport,HI,2023-04-19,414.76,Annual Fund
G201516,CA101537,Sherry,Duffy,sherry.duffy666@hotmail.com,750-674-3509x52889,Alumni,2003,Low,Bridgestown,IA,2025-11-05,83.29,Endowment
G201517,CA100902,Leah,Walker,leah.walker662@hotmail.com,782-997-1681,Alumni,1982,Medium,Lake Joshua,PR,01/03/2024,450.62,Annual Fund
G201518,CA100895,Joanne,Hooper,joanne.hooper509@hotmail.com,5435223023,Faculty/Staff,,Low,West Steven,TN,2023-07-17,226.17,Scholarship Fund
G201519,CA101126,Edward,Rodriguez,edward.rodriguez581@gmail.com,(654)996-3308x3344,Alumni,2000,Low,West Waynehaven,NM,2024-02-08,225.09,Capital Campaign
G201520,CA101796,Tasha,Finley,,+1-663-806-6700x599,Alumni,2009,Medium,Sandersbury,VI,19-Aug-2022,431.53,Endowment
G201521,CA100599,Sara,Murray,sara.murray138@gmail.com,(861)828-7585x7567,Alumni,2010,Low,Johnsonside,AK,2023-04-21,79.3,Scholarship Fund
G201522,CA100319,Megan,Campbell,megan.campbell552@yahoo.com,+1-992-881-6158x148,Parent,,High,Allenbury,OH,2024-09-16,4133.05,Endowment
G201523,CA100833,Kelly,Wright,kelly.wright515@hotmail.com,+1-452-675-3674x9785,Alumni,2003,Low,West Davidfurt,GU,2025-05-31,126.37,Annual Fund
G201524,CA101625,Julie,Blake,julie.blake277@yahoo.com,810-473-5128,Alumni,1978,Low,Lake Laura,MT,2024-01-01,251.43,Athletics
G201525,CA100416,Thomas,Holt,thomas.holt917@hotmail.com,001-597-349-9564x1220,Alumni,1991,Low,Lake Taratown,IL,2025-01-10,32.3,Capital Campaign
G201526,CA100340,Sean,Mosley,sean.mosley561@gmail.com,+1-800-864-2569x0877,Faculty/Staff,,Low,New Jeremiahfurt,UT,2022-12-23,107.78,
G201527,CA101386,Brianna,Thomas,brianna.thomas686_at_gmail.com,(563)438-2222x4005,Alumni,2010,Low,Lake Gregory,MN,11/05/2024,98.23,Endowment
G201528,CA100384,Steve,Johnson,steve.johnson579@hotmail.com,+1-942-976-2467x19788,Alumni,2009,Low,New Brian,KS,2023-01-08,40.31,Scholarship Fund
G201529,CA101791,Alicia,Guzman,alicia.guzman723@hotmail.com,+1-581-396-6452,Parent,,Medium,Lake Barbarashire,AZ,2025-06-21,303.53,Endowment
G201530,CA100099,Michael,Everett,michael.everett431@yahoo.com,343-484-2498,Alumni,,High,East Donna,VA,2026-01-29,1458.98,Endowment
G201531,CA100139,Sean,Juarez,sean.juarez393@gmail.com,(312)267-8886,Alumni,2013,Medium,West Angelamouth,VI,2025-05-08,268.36,Endowment
G201532,CA101069,Christopher,Fleming,christopher.fleming661@hotmail.com,001-617-546-9029x8310,Alumni,2015,Low,Carlfurt,MO,2023-09-18,102.35,Capital Campaign
G201533,CA100403,Dustin,Roberts,dustin.roberts174@yahoo.com,,Alumni,2003,Low,New Shannon,IA,2024-08-20,50.88,Annual Fund
G201534,CA101124,Angela,Aguirre,angela.aguirre220@hotmail.com,+1-301-670-7403x925,Faculty/Staff,,Low,Gregorymouth,WA,2022-09-15,71.92,Capital Campaign
G201535,CA100829,Darlene,Wood,darlene.wood591@yahoo.com,,Alumni,1989,High,Stevenmouth,ME,06/10/2026,8179.01,Endowment
G201536,CA100749,Sophia,Thomas,,+1-495-509-0591x19186,Alumni,1997,Medium,New Kim,HI,2025-05-25,414.43,Annual Fund
G201537,CA101692,Nancy,Sherman,nancy.sherman917@yahoo.com,+1-999-526-6536x197,Friend,,Medium,South Jayshire,VI,2026-06-29,740.95,Endowment
G201538,CA100975,Brian,Morrow,brian.morrow302@gmail.com,001-367-413-9719,Alumni,2017,Medium,Williamsberg,VA,2023-08-29,708.31,Athletics
G201539,CA101204,Eileen,PETERS,,001-345-782-9420x340,Alumni,1986,Low,West Kathryn,KY,2025-07-22,74.14,Athletics
G201540,CA101184,Julie,Nixon,julie.nixon697@gmail.com,001-233-364-7704x1309,Alumni,2021,Low,Jameschester,AK,2024-01-30,161.33,Capital Campaign
G201541,CA101590,Kaitlyn,SMITH,kaitlyn.smith346@hotmail.com,+1-907-751-9919x817,Alumni,2011,High,Caseyshire,TX,2026-04-26,4281.11,Athletics
G201542,CA100993,Javier,Mitchell,javier.mitchell217@gmail.com,679.343.3256x2389,Parent,,High,Romanland,VT,19-Aug-2023,3494.11,Unrestricted
G201543,CA101691,Elizabeth,Stone,elizabeth.stone130@hotmail.com,001-265-552-3917,Alumni,2016,Low,West John,AL,2025-10-26,84.56,Endowment
G201544,CA101306,Thomas,Johnson,,+1-351-673-2895,Alumni,1982,Medium,Patrickview,AZ,04/16/2024,242.7,Unrestricted
G201545,CA100218,Aaron,Davis,aaron.davis698@hotmail.com,+1-948-783-7550x375,Alumni,2002,Low,Wilsonbury,AL,2022-07-16,110.98,Unrestricted
G201546,CA101478,Hayley,Smith,hayley.smith550@hotmail.com,001-237-961-6522x898,Alumni,2022,Medium,Beverlybury,AS,2023-10-02,1070.57,Endowment
G201547,CA101624,Arthur,Saunders,arthur.saunders809@yahoo.com,877.595.7039x962,Parent,,Low,Mcdonaldburgh,FM,2023-02-23,86.55,Unrestricted
G201548,CA101419,Rebecca,Spears,rebecca.spears467@yahoo.com,578-267-4280x2188,Alumni,1998,Principal,Walkerstad,NM,2026-10-02,90955.01,
G201549,CA100299,Amanda,Davidson,amanda.davidson584@hotmail.com,8812770388,Alumni,2009,High,Blackton,ID,2026-04-13,4273.28,Scholarship Fund
G201550,CA100714,Jonathan,Adkins,jonathan.adkins932@gmail.com,,Friend,,Low,North Dawn,NE,2026-03-18,133.84,Capital Campaign
G201551,CA101605,Michelle,Trujillo,michelle.trujillo816@gmail.com,897-789-2594,Alumni,,High,Stuartview,MS,2025-09-30,4647.39,Capital Campaign
G201552,CA101249,Susan,Wright,susan.wright825@gmail.com,7232510255,Parent,,Low,New Nicolebury,MA,2025-01-18,70.37,Annual Fund
G201553,CA100773,Michael,Manning,michael.manning954@gmail.com,415-495-9775x2441,Alumni,1999,High,South David,PW,27-Dec-2023,3095.41,Unrestricted
G201554,CA101687,Shannon,Hall,shannon.hall705@gmail.com,001-880-757-6310x108,Alumni,2017,Medium,Richardville,GA,2023-08-06,904.48,Unrestricted
G201555,CA100260,Matthew,White,matthew.white408@yahoo.com,465.556.4729,Parent,,Low,Lake Josephbury,OH,2023-11-12,179.28,
G201556,CA101419,Rebecca,Spears,rebecca.spears467@yahoo.com,578-267-4280x2188,Alumni,1998,Principal,Walkerstad,NM,19-Feb-2023,14750.23,Endowment
G201557,CA100673,Deborah,Garcia,,927-582-0797x9966,Alumni,2016,Medium,Jennifermouth,NJ,"May 07, 2023",185.2,Annual Fund
G201558,CA100714,Jonathan,Adkins,jonathan.adkins932@gmail.com,,Friend,,Low,North Dawn,NE,2025-02-14,108.2,Unrestricted
G201559,CA101748,David,Johnson,david.johnson560@yahoo.com,271.586.0566,Faculty/Staff,,Low,Lake Maryfurt,MS,2026-07-01,61.96,Capital Campaign
G201560,CA100220,Philip,Bryant,philip.bryant647@gmail.com,001-951-260-9177x982,Faculty/Staff,,Medium,New Savannahshire,NJ,2023-11-29,277.85,Endowment
G201561,CA101297,Dylan,Jensen,,343-204-9134,Alumni,2013,Low,New Lisa,NM,2023-05-16,78.66,Scholarship Fund
G201562,CA101013,Gregory,Phillips,gregory.phillips739@yahoo.com,(677)346-2591x60112,Faculty/Staff,,Low,West Reneehaven,GU,2024-07-17,222.41,Unrestricted
G201563,CA100682,Brendan,Greene,brendan.greene928@yahoo.com,965-740-8424x560,Parent,,Low,Cynthiaville,MI,2022-09-09,-89.85,Endowment
G201564,CA101118,Darlene,Clark,darlene.clark705_at_gmail.com,,Friend,,Medium,East Jessica,OH,2026-09-06,358.55,Annual Fund
G201565,CA101145,Christina,Henderson,christina.henderson842@yahoo.com,,Alumni,2009,Low,Port Samuelfurt,NM,04/10/2025,123.52,Capital Campaign
G201566,CA100116,Tina,Woods,tina.woods153@gmail.com,2466374549,Alumni,1999,Low,Heatherton,TN,2023-10-24,262.42,Capital Campaign
G201567,CA100781,David,Padilla,,001-512-911-0633x0165,Parent,,Principal,Lake Vanessa,PA,"July 27, 2022",64099.05,Annual Fund
G201568,CA100107,Francisco,Ewing,francisco.ewing250@hotmail.com,395-888-8794x7055,Alumni,2011,Low,Lauratown,PA,2025-08-06,95.18,Annual Fund
G201569,CA101687,Shannon,Hall,shannon.hall705@gmail.com,001-880-757-6310x108,Alumni,2017,Medium,Richardville,GA,2023-10-16,417.45,Athletics
G201570,CA101229,Lisa,Jones,lisa.jones105@gmail.com,530-521-5167x58646,Alumni,2000,Medium,Jesseside,CO,2026-08-23,814.57,Athletics
G201571,CA100854,Jason,Ritter,jason.ritter264@gmail.com,,Alumni,2012,Medium,West Jessicaland,IN,2023-06-14,364.19,Endowment
G201572,CA100168,Stephanie,JONES,stephanie.jones571@yahoo.com,545-918-7053x4949,Alumni,2008,Medium,Brittanyfort,WI,2025-05-30,262.69,Unrestricted
G201573,CA101428,Drew,Norton,drew.norton113@hotmail.com,,Alumni,2005,Principal,Michaelbury,PR,2022-12-28,74911.5,Athletics
G201574,CA101381,Jessica,Dominguez,jessica.dominguez760@yahoo.com,+1-974-793-2511x49788,Alumni,2015,Low,North Dennis,UT,2024-12-03,123.67,Scholarship Fund
G201575,CA100594,Stephanie,Fowler,stephanie.fowler133@yahoo.com,+1-587-282-4556x9644,Friend,,Medium,Maryville,NE,2026-03-28,445.6,Scholarship Fund
G201576,CA101768,Nancy,BARNES,,921-238-0782,Friend,,Low,Butlermouth,UT,2024-10-08,79.27,Capital Campaign
G201577,CA101042,Michael,Arroyo,michael.arroyo955@yahoo.com,7922300716,Friend,,High,South Jonathanland,FM,"March 09, 2026",2952.78,Scholarship Fund
G201578,CA101115,Karen,Blair,karen.blair358@gmail.com,232.482.9302,Faculty/Staff,,High,Richardville,IL,2022-12-27,3271.55,Capital Campaign
G201579,CA100330,Kristen,Green,kristen.green691@hotmail.com,392.690.4904x7128,Alumni,2010,Low,Davidview,KY,2023-07-12,84.99,Capital Campaign
G201580,CA101054,Veronica,Rogers,veronica.rogers773@hotmail.com,+1-828-355-3595x205,Parent,,Low,North Rickfort,OK,2024-09-17,43.18,Athletics
G201581,CA101312,Gary,Werner,gary.werner450@hotmail.com,,Organization,,Low,New Hollyland,ND,2026-09-22,202.72,Unrestricted
G201582,CA101158,Joseph,Day,joseph.day403@hotmail.com,495.685.5852,Alumni,2018,Medium,Lake Meagan,DC,2025-03-03,420.83,Scholarship Fund
G201583,CA101712,Caleb,Cole,caleb.cole182@gmail.com,+1-942-887-4162,Friend,,Medium,Lake Randall,CA,2023-07-20,401.08,Athletics
G201584,CA100649,  Walter ,Moody,walter.moody868@gmail.com,(844)803-3041,Alumni,1988,High,Port Joy,KY,2024-09-01,1331.74,Unrestricted
G201585,CA101685,Joseph,Montgomery,joseph.montgomery403@hotmail.com,+1-687-309-3391x369,Alumni,2011,Low,Port Crystal,ME,"December 12, 2022",78.18,Athletics
G201586,CA101787,John,THOMPSON,john.thompson550@hotmail.com,280-252-5795,Alumni,1993,Low,Sarafort,PA,2025-11-17,159910.0,Athletics
G201587,CA101070,Francis,Bradley,francis.bradley69@gmail.com,767-808-0568,Parent,,Medium,Stevenston,MS,2024-06-15,1153.55,Annual Fund
G201588,CA101585,Linda,Sawyer,linda.sawyer432@gmail.com,703-834-8015x373,Faculty/Staff,,Low,Hatfieldfort,CT,08/06/2026,61.39,Athletics
G201589,CA101038,Michelle,Braun,michelle.braun690@hotmail.com,,Alumni,2006,Low,New Cheryl,FM,2023-06-16,70.19,Annual Fund
G201590,CA100705,Thomas,Garcia,thomas.garcia122@hotmail.com,997.549.0961,Organization,,Medium,Gayview,WV,2023-07-23,259.58,Scholarship Fund
G201591,CA100032,Brent,Gray,brent.gray828@gmail.com,755.564.6417x080,Alumni,1985,Low,Port Susanton,WV,2025-04-16,37.61,Annual Fund
G201592,CA101608,Sophia,Green,sophia.green350@hotmail.com,933.454.0112,Alumni,1998,Low,South Alexander,AL,2023-04-11,57.04,Unrestricted
G201593,CA101623,James,Smith,james.smith33@hotmail.com,368-556-0669x926,Alumni,1998,Low,South Kimberly,NJ,2024-04-29,119.46,Endowment
G201594,CA100567,Lisa,Wilkins,lisa.wilkins178@hotmail.com,452-896-3863x96096,Alumni,2003,Low,South Rebecca,NC,2025-04-11,168.21,Endowment
G201595,CA101615,Amy,Avila,amy.avila419@yahoo.com,391.906.5735,Alumni,2009,Low,Matthewview,MS,02-Aug-2024,44.4,Athletics
G201596,CA101342,Deborah,Brown,deborah.brown712@hotmail.com,+1-641-768-0613,Parent,,High,Torresshire,PA,2024-11-04,2468.4,Unrestricted
G201597,CA100548,Lisa,Hernandez,lisa.hernandez457_at_gmail.com,228.447.6570x4120,Parent,,Low,North Randy,NE,2023-10-12,92.46,Athletics
G201598,CA101290,Shannon,MORROW,shannon.morrow216@hotmail.com,8397670243,Friend,,High,Port Kathy,UT,2024-12-06,1480.77,Athletics
G201599,CA100060,Jimmy,Medina,jimmy.medina119@yahoo.com,258.769.2617x964,Alumni,2003,Low,South Sean,IA,2025-05-06,85700.0,Athletics
G201600,CA101332,Barbara,King,barbara.king269@gmail.com,469-533-2844,Friend,,Low,Troyland,PA,2026-03-07,60.3,Athletics
G201601,CA101492,Donald,Marshall,donald.marshall445@yahoo.com,001-233-679-5311x12359,Alumni,2016,High,South Michael,FM,2025-07-01,2424.15,Annual Fund
G201602,CA100653,Cody,Jackson,cody.jackson575@yahoo.com,001-531-226-9789,Alumni,1986,Medium,Kingport,WA,11/02/2025,653.87,Athletics
G201603,CA101684,Renee,Nelson,renee.nelson309@yahoo.com,(627)257-9407,Alumni,1988,Low,East Michaela,NV,2025-11-17,41.34,Unrestricted
G201604,CA100465,Michelle,Foster,michelle.foster544@yahoo.com,(569)225-4812x14785,Alumni,1971,Low,Huntmouth,NE,2025-10-21,180.81,Endowment
G201605,CA101287,Sharon,Jennings,sharon.jennings570@hotmail.com,+1-461-227-6620x808,Alumni,2017,Low,New David,AR,"May 17, 2024",95.1,Athletics
G201606,CA100271,Stanley,Chavez,stanley.chavez588@hotmail.com,+1-673-450-2080x214,Alumni,2009,Medium,Acostabury,CO,"June 03, 2024",688.73,Scholarship Fund
G201607,CA100429,Joshua,Rose,joshua.rose65@gmail.com,001-367-238-9975x634,Faculty/Staff,,Principal,Peterberg,NC,2025-02-05,5630.17,Endowment
G201608,CA101688,Marc,Foster,marc.foster832@yahoo.com,600-647-4867x9486,Organization,,High,South Alexanderbury,MO,08-May-2024,1552.71,Endowment
G201609,CA100291,Paul,Nelson,paul.nelson209@hotmail.com,(310)446-3681x579,Friend,,Medium,New Tammy,OH,2023-06-07,266.41,Scholarship Fund
G201610,CA100305,Mary,EVANS,mary.evans726@gmail.com,4169224999,Alumni,1989,High,Sarahland,WI,11-Jul-2023,4388.2,Athletics
G201611,CA100744,Amy,Contreras,amy.contreras270@yahoo.com,2736333732,Alumni,2003,Low,North Meredith,NJ,17-Apr-2026,89.35,Athletics
G201612,CA101294,Charles,Chavez,charles.chavez616@hotmail.com,001-462-535-6999,Alumni,1975,Low,West Karen,WA,2022-12-08,116.72,Athletics
G201613,CA101547,Brooke,Powell,,,Alumni,2008,High,Burgessbury,IN,11/02/2024,6067.31,Scholarship Fund
G201614,CA100933,Crystal,Gonzalez,crystal.gonzalez507@hotmail.com,662.805.3440x777,Organization,,Low,North Jennifer,NV,2023-04-14,56.73,Endowment
G201615,CA100866,William,Simpson,william.simpson873@yahoo.com,726.200.5595,Alumni,1995,Medium,South Kelseyhaven,ID,2024-11-18,1042.88,Annual Fund
G201616,CA101052,  James ,Anderson,james.anderson951@hotmail.com,+1-205-895-0310,Alumni,1992,Low,Susanborough,ME,2026-03-03,71.1,
G201617,CA100121,Molly,Knox,molly.knox34@yahoo.com,482-551-2868,Alumni,1996,Medium,Port Andrewport,NH,2024-11-30,364.21,Scholarship Fund
G201618,CA100151,Christine,Glenn,christine.glenn445@gmail.com,323.268.8767x6772,Parent,,Low,West Antonio,IN,2024-05-18,80.74,Athletics
G201619,CA101105,Kenneth,Rivera,kenneth.rivera502@yahoo.com,,Organization,,Low,Julieport,VT,"June 20, 2023",82.25,Scholarship Fund
G201620,CA101588,Tara,Sharp,tara.sharp31@hotmail.com,,Faculty/Staff,,Medium,New John,AK,2024-03-23,433.51,Annual Fund
G201621,CA100117,David,Parker,david.parker572@yahoo.com,+1-784-814-5933x27279,Friend,,Medium,Toddborough,WV,"March 01, 2024",159.01,Endowment
G201622,CA101479,Louis,Nichols,louis.nichols552@gmail.com,559-777-7265x97640,Parent,,Low,West Anthonyland,PW,2024-07-10,66.77,Capital Campaign
G201623,CA101248,Susan,Richard,susan.richard460@hotmail.com,6226154390,Faculty/Staff,,Low,New Jeffreyburgh,MI,"June 02, 2025",70.21,Scholarship Fund
G201624,CA101259,Matthew,Moran,matthew.moran381@hotmail.com,,Alumni,2020,Medium,Susanview,AR,2022-09-17,85.61,Scholarship Fund
G201625,CA100990,Antonio,Whitney,antonio.whitney753@yahoo.com,(361)645-9011x07977,Friend,,Low,North Kaitlynview,OR,2024-10-13,36.06,Unrestricted
G201626,CA100957,Lisa,Pacheco,lisa.pacheco259@yahoo.com,,Parent,,Medium,Brownmouth,VI,05/26/2024,481.57,Capital Campaign
G201627,CA100228,Jeffrey,White,jeffrey.white809@gmail.com,526.988.6153x35554,Alumni,2010,Low,North Elizabethmouth,IA,2026-08-31,126.65,Unrestricted
G201628,CA100318,Holly,Davis,holly.davis947@yahoo.com,+1-977-233-2945x62557,Alumni,1978,Medium,South Danielfort,NH,2025-09-04,169.08,Athletics
G201629,CA100891,John,Williams,john.williams282@yahoo.com,(473)585-7368x011,Alumni,2016,Medium,Delacruzborough,NH,2023-04-07,557.22,Endowment
G201630,CA101317,Nicholas,Smith,nicholas.smith815@gmail.com,9269184025,Alumni,2023,Low,East Rebeccahaven,MO,01-Aug-2026,27.31,Scholarship Fund
G201631,CA100104,Michael,Williams,michael.williams187@yahoo.com,+1-274-880-1624x565,Friend,,Low,New Annastad,OH,2025-04-08,52.19,Annual Fund
G201632,CA100634,Kristie,Hall,kristie.hall649@gmail.com,+1-736-392-9445,Alumni,2024,High,South Robertberg,OK,08-Apr-2024,11923.44,Capital Campaign
G201633,CA101328,Jason,Rivera,jason.rivera655@gmail.com,+1-833-259-7487,Friend,,Medium,Gloriaton,WI,2026-07-12,598.69,Athletics
G201634,CA101391,Mitchell,Sanchez,mitchell.sanchez421@hotmail.com,709.466.4147x53369,Faculty/Staff,,Medium,Natalieview,WV,21-Jul-2026,265.67,Capital Campaign
G201635,CA100154,Linda,Hudson,lindahudson180@hotmailcom,898-225-4494x812,Parent,,Low,Michelleberg,UT,03-Apr-2024,116.25,Scholarship Fund
G201636,CA101117,Timothy,Bishop,timothy.bishop678@yahoo.com,,Friend,,Medium,Lake Brian,KY,2025-07-01,320.8,Scholarship Fund
G201637,CA100064,Brittney,Hayes,brittney.hayes72@gmail.com,+1-908-347-0076x617,Friend,,Medium,West Charleneland,DC,05-Dec-2022,1180.41,Endowment
G201638,CA100841,Jennifer,Johnson,jennifer.johnson150@hotmail.com,(556)607-6761x645,Alumni,1972,Medium,Rhondaview,NJ,"December 24, 2022",216.7,Endowment
G201639,CA100779,Nicholas,Richardson,nicholas.richardson92@hotmail.com,(765)325-4837x44171,Faculty/Staff,,Medium,Port Davidville,IA,16-Jun-2026,489.39,Capital Campaign
G201640,CA100087,Chelsea,Henderson,chelsea.henderson742@yahoo.com,341.903.6971,Faculty/Staff,,Principal,Lake Zacharybury,VT,2025-02-25,11162.64,Capital Campaign
G201641,CA101148,Danielle,Drake,danielle.drake984@gmail.com,,Alumni,,Low,Tammieville,MP,2026-04-05,51.31,Unrestricted
G201642,CA100939,April,Beltran,april.beltran841@gmail.com,,Alumni,2020,Medium,Jessicafort,WY,2025-10-09,179.81,Unrestricted
G201643,CA100740,Sean,Williams,sean.williams264@yahoo.com,001-742-738-8565x271,Parent,,Low,West Maria,CT,2023-04-17,65.11,Athletics
G201644,CA101228,Kaitlin,Rodriguez,kaitlin.rodriguez469@hotmail.com,292.248.4813,Alumni,1981,Low,Robertachester,PA,2024-12-16,56.23,Endowment
G201645,CA101383,Christopher,Harris,christopher.harris536@gmail.com,311-943-6786x21078,Alumni,2020,Medium,North Christinafurt,SC,18-Nov-2024,404.16,Athletics
G201646,CA100822,Thomas,Ramirez,thomas.ramirez441@hotmail.com,001-361-211-4576x832,Alumni,2009,High,North Ashley,TN,2025-07-18,4986.56,Annual Fund
G201647,CA100939,April,Beltran,april.beltran841@gmail.com,,Alumni,2020,Medium,Jessicafort,WY,03/05/2025,162.82,Annual Fund
G201648,CA101407,Tyler,Harris,tyler.harris460@gmail.com,001-319-640-2470x288,Alumni,2013,High,North Davidside,NH,2026-03-28,5766.38,Annual Fund
G201649,CA100780,Charles,Brooks,charles.brooks1@gmail.com,001-431-910-0591,Organization,,Low,Kristiville,RI,2022-07-02,55.54,Endowment
G201650,CA100852,Christy,Mitchell,christy.mitchell313@gmail.com,791.977.6808x98126,Faculty/Staff,,Low,Douglasborough,CO,2026-04-05,192.13,Scholarship Fund
G201651,CA101230,Clarence,Nguyen,clarence.nguyen161@gmail.com,001-747-764-2789x61573,Alumni,1986,High,East Amyland,MH,2024-10-29,2287.52,Annual Fund
G201652,CA100772,Lauren,Hernandez,lauren.hernandez27@yahoo.com,232.275.9980x111,Alumni,1985,Principal,West Melissamouth,MH,2025-03-16,41029.2,Scholarship Fund
G201653,CA100473,Donna,Jones,donna.jones375@gmail.com,(980)325-6621x286,Alumni,1986,Medium,Friedmanborough,DC,10/10/2023,162.51,Scholarship Fund
G201654,CA100705,Thomas,Garcia,thomas.garcia122@hotmail.com,997.549.0961,Organization,,Medium,Gayview,WV,2026-06-17,444.23,Unrestricted
G201655,CA100988,Danny,Gonzalez,danny.gonzalez664@gmail.com,001-862-658-8576,Faculty/Staff,,Low,Johnsonville,OH,2024-01-25,164.86,Athletics
G201656,CA101404,Dale,Smith,dale.smith977@yahoo.com,001-891-800-4202,Parent,,Low,South Ruthton,WA,2024-01-27,94.13,Unrestricted
G201657,CA100233,Eric,Robinson,eric.robinson935@hotmail.com,(884)324-5088x2100,Parent,,Medium,Jasonstad,IL,2024-09-28,353.35,Capital Campaign
G201658,CA101255,Adam,Watkins,adam.watkins451@hotmail.com,001-784-752-4032x1153,Alumni,2004,High,West Clintonborough,VA,2023-11-29,16039.17,Capital Campaign
G201659,CA100919,Kelsey,Mitchell,kelsey.mitchell483@hotmail.com,,Friend,,Medium,Jeremiahfurt,NC,2023-04-03,462.04,Annual Fund
G201660,CA100838,Stephen,Martin,stephen.martin537@gmail.com,841.903.4699,Alumni,2002,Medium,East Craig,CO,2025-06-29,229.19,Annual Fund
G201661,CA101294,Charles,Chavez,charles.chavez616@hotmail.com,001-462-535-6999,Alumni,1975,Low,West Karen,WA,10-Jan-2023,142.07,Scholarship Fund
G201662,CA100944,Krista,Parrish,krista.parrish826@gmail.com,(605)609-3869,Alumni,2016,Medium,West Nicole,MA,2023-06-30,881.54,Capital Campaign
G201663,CA101246,Jeffrey,Pearson,jeffrey.pearson433@yahoo.com,001-696-702-6676x52728,Alumni,1988,Low,New Tracy,RI,2022-11-23,77.49,Scholarship Fund
G201664,CA101208,Ann,Taylor,,218-216-1255x90461,Organization,,High,Guzmanbury,AR,2025-06-21,14422.17,Scholarship Fund
G201665,CA100424,Eric,Clayton,eric.clayton46@hotmail.com,5159619318,Parent,,High,Victoriastad,WI,2023-02-21,1222.25,Endowment
G201666,CA101643,Richard,Dawson,richard.dawson431@yahoo.com,280.629.9034,Alumni,2021,Low,West Thomas,VI,2022-09-14,110.67,Annual Fund
G201667,CA100115,Penny,Wilcox,penny.wilcox883@hotmail.com,,Alumni,1976,Medium,Christopherville,HI,2024-02-26,179.67,Athletics
G201668,CA100862,Cody,Obrien,cody.obrien424@hotmail.com,506-652-7758x4466,Faculty/Staff,,Low,Jasonmouth,FL,"March 11, 2023",51.1,Athletics
G201669,CA101294,Charles,Chavez,charles.chavez616@hotmail.com,001-462-535-6999,Alumni,1975,Low,West Karen,WA,2024-04-21,35.76,Annual Fund
G201670,CA101702,Patrick,Little,patrick.little87@hotmail.com,001-530-723-6416x936,Faculty/Staff,,Medium,South Melaniechester,KY,2023-07-03,244.73,Annual Fund
G201671,CA101447,Kevin,Melton,kevin.melton925@hotmail.com,(902)923-4778x045,Alumni,2015,Medium,West Darren,NC,07-Nov-2025,172.33,Athletics
G201672,CA101582,Kaitlin,Wilson,kaitlin.wilson3@hotmail.com,+1-776-845-3496x551,Friend,,Low,Oliviafurt,NV,05-Sep-2024,96.45,Annual Fund
G201673,CA101580,Matthew,Miller,matthew.miller547@yahoo.com,,Alumni,2007,Low,North Sharon,MD,2026-08-18,171.04,Unrestricted
G201674,CA101424,Donald,Robinson,donald.robinson947@gmail.com,943.476.9929x64447,Friend,,Low,Leahtown,ND,2025-07-07,111.88,Endowment
G201675,CA101151,Michael,Joyce,michael.joyce843@gmail.com,7278500030,Friend,,Low,Garciastad,SD,2026-01-23,258.89,Scholarship Fund
G201676,CA100190,Kent,Foster,kent.foster118@hotmail.com,4894899217,Alumni,2007,Low,Port James,AZ,2023-08-27,78.09,Unrestricted
G201677,CA100927,Kyle,Montgomery,kyle.montgomery816@gmail.com,(231)823-4266,Faculty/Staff,,Medium,New Thomasfurt,SC,2022-07-23,129.43,Scholarship Fund
G201678,CA101323,Justin,Rivera,justin.rivera601@yahoo.com,(229)752-1797,Organization,,Low,Jamesbury,AS,2026-07-18,47.85,Annual Fund
G201679,CA100378,Derek,Farmer,derek.farmer237_at_hotmail.com,580-815-7164x7947,Organization,,Medium,Tracichester,ID,2022-07-30,616.82,Unrestricted
G201680,CA100594,Stephanie,Fowler,stephanie.fowler133@yahoo.com,+1-587-282-4556x9644,Friend,,Medium,Maryville,NE,2024-01-06,287.49,Endowment
G201681,CA100501,Amber,Sanchez,ambersanchez240@gmailcom,001-911-360-2564x34712,Alumni,2010,Low,Monicashire,WI,2025-11-12,263.87,Capital Campaign
G201682,CA100186,Tiffany,Morgan,tiffany.morgan32_at_hotmail.com,606.629.6201x5336,Parent,,Medium,Johnton,MO,2024-01-13,371.78,Unrestricted
G201683,CA100719,Anthony,Guzman,anthony.guzman760@gmail.com,001-528-551-5533x34264,Alumni,2008,Low,Anthonymouth,DE,2023-07-30,50.78,Athletics
G201684,CA100614,Christian,Patton,christian.patton900@yahoo.com,517-630-9850,Faculty/Staff,,High,Peterstad,CA,2023-07-02,5368.06,Annual Fund
G201685,CA100144,Donna,Espinoza,donna.espinoza877@yahoo.com,279-779-6886,Alumni,2013,Principal,North Kaylastad,GA,2025-09-26,23920.13,Scholarship Fund
G201686,CA100495,Ryan,Thompson,,001-223-472-8179x323,Alumni,2010,Low,West Tonya,VI,2026-03-21,84.9,Capital Campaign
G201687,CA101167,Natalie,Colon,natalie.colon255@yahoo.com,,Faculty/Staff,,High,Cynthiashire,MI,2025-09-07,2346.81,Annual Fund
G201688,CA101545,Christopher,Duran,christopher.duran814@yahoo.com,+1-696-795-1930,Alumni,2020,High,Port Rebecca,NM,2023-10-16,948.72,Athletics
G201689,CA101758,Logan,Dickson,logan.dickson484@hotmail.com,001-611-811-0851,Friend,,Low,Princeside,TN,2024-01-05,83.21,Scholarship Fund
G201690,CA101103,Michael,Hudson,michael.hudson660@yahoo.com,753.705.9702,Alumni,2012,Low,East Allisonmouth,MT,"August 19, 2026",60.66,Capital Campaign
G201691,CA100076,Katherine,Jones,katherine.jones869@hotmail.com,979.697.9955x2717,Alumni,2020,Low,Brittanystad,NY,2024-02-10,92.72,Scholarship Fund
G201692,CA101270,William,Alexander,,999.693.2420x2483,Alumni,1998,Medium,Kelseyland,WI,07-Jan-2025,1127.17,Athletics
G201693,CA101765,Tonya,Perry,tonya.perry461@gmail.com,001-559-262-7519x346,Alumni,2015,Medium,East Maryhaven,LA,2025-12-24,1086.21,Unrestricted
G201694,CA100982,Gabriel,Harvey,,001-716-769-0632x2481,Parent,,Medium,Stephanieburgh,GU,2024-11-11,256.9,Scholarship Fund
G201695,CA101765,Tonya,Perry,tonya.perry461@gmail.com,001-559-262-7519x346,Alumni,2015,Medium,East Maryhaven,LA,"March 13, 2023",385.5,Unrestricted
G201696,CA101212,Eduardo,Young,eduardo.young53@hotmail.com,(217)868-2251x27267,Alumni,2001,Low,Padillafurt,MI,2025-05-07,132.64,Scholarship Fund
G201697,CA101514,Linda,Butler,linda.butler528@gmail.com,+1-542-815-2483x19686,Alumni,1981,Low,Timothyview,MS,2025-05-23,156.83,Capital Campaign
G201698,CA101186,Carl,Brown,carl.brown609@hotmail.com,994.619.3245x3810,Alumni,2006,Medium,Lake Sandraberg,WV,"February 05, 2026",590.54,Capital Campaign
G201699,CA100534,Brittany,Smith,brittany.smith328@hotmail.com,288.544.3448x123,Parent,,Medium,Benjaminberg,FM,2023-09-14,1570.31,Athletics
G201700,CA100917,Angela,Shields,angela.shields145@gmail.com,3234009156,Alumni,2009,Low,East Haleymouth,NJ,2024-11-04,51.38,
G201701,CA101111,Janice,Tran,janice.tran169@gmail.com,556-663-1138x850,Alumni,1991,Low,East Maria,GA,2023-01-13,126.28,Endowment
G201702,CA101481,Danny,Rowland,danny.rowland322@hotmail.com,(900)750-0924x49287,Organization,,Medium,Riddlebury,SD,2024-07-23,511.26,Endowment
G201703,CA100671,Darlene,Cole,darlene.cole435@hotmail.com,+1-620-396-2893x65435,Alumni,1992,High,West Jeffery,KS,2026-02-12,6358.93,Capital Campaign
G201704,CA101619,Angela,Gallagher,angela.gallagher75@yahoo.com,576.300.6434x597,Parent,,Medium,Wolfton,IN,2023-04-04,987.59,Endowment
G201705,CA101628,John,Baldwin,john.baldwin965@gmail.com,9647488548,Friend,,Medium,North Darren,OR,"July 04, 2025",431.67,Athletics
G201706,CA100068,Morgan,Pugh,morgan.pugh294@yahoo.com,001-304-794-5198x3273,Parent,,High,Dannyview,OK,2026-04-28,5529.42,Unrestricted
G201707,CA101004,Andrew,Whitaker,andrew.whitaker792@gmail.com,513-919-3592x3613,Alumni,2007,Low,Klinemouth,HI,2024-03-08,83.53,Annual Fund
G201708,CA100510,Zoe,Park,zoe.park927@yahoo.com,001-821-951-8260,Alumni,2006,Low,New Maryside,VT,2026-09-11,91.91,Unrestricted
G201709,CA100401,Andrew,Johnson,andrew.johnson568@hotmail.com,+1-693-417-3420x6969,Alumni,2017,Principal,West Georgeshire,DE,2022-12-21,24983.8,Annual Fund
G201710,CA101124,Angela,Aguirre,angela.aguirre220@hotmail.com,+1-301-670-7403x925,Faculty/Staff,,Low,Gregorymouth,WA,2025-12-02,106.48,Annual Fund
G201711,CA101031,Kelsey,Harrison,kelsey.harrison807@hotmail.com,+1-805-883-6683x482,Friend,,Low,South Catherine,WY,2026-06-20,129.26,Athletics
G201712,CA100099,Michael,Everett,michael.everett431@yahoo.com,343-484-2498,Alumni,,High,East Donna,VA,2022-10-14,6421.33,Endowment
G201713,CA101392,Phillip,Cortez,phillip.cortez550@hotmail.com,753.589.6298,Parent,,Low,West James,PW,2025-05-07,54.3,Capital Campaign
G201714,CA100476,Debbie,Ellison,debbieellison412@yahoocom,001-446-392-6329x676,Parent,,Principal,Haleton,IA,07/02/2026,20878.17,Annual Fund
G201715,CA100254,Sarah,Andrews,sarah.andrews21@yahoo.com,(368)618-1845,Parent,,Low,Heatherfurt,OK,2025-01-30,144.58,Capital Campaign
G201716,CA100278,Michael,Smith,michael.smith812@hotmail.com,962.409.5935x18638,Alumni,2013,Low,Marcusmouth,DE,2024-04-02,16.62,Unrestricted
G201717,CA101239,David,Chandler,david.chandler731@gmail.com,7229271117,Friend,,Medium,Lawsonfort,CT,2024-08-05,393.97,Endowment
G201718,CA100584,Tony,Peterson,tony.peterson866@hotmail.com,001-588-854-7281x23567,Faculty/Staff,,Low,North Joshua,GA,2024-06-25,248.05,Capital Campaign
G201719,CA101798,James,White,james.white394@yahoo.com,506.458.7448,Parent,,High,South Matthew,VA,2024-11-06,4447.74,Athletics
G201720,CA100046,Elaine,Morales,elaine.morales138@hotmail.com,2719545168,Alumni,1997,Low,Brownhaven,MN,2022-12-12,191.71,Capital Campaign
G201721,CA100155,Michelle,Wright,michelle.wright473@hotmail.com,636-772-9466x71168,Alumni,1982,Low,Clementsmouth,OR,08/30/2023,66.91,Unrestricted
G201722,CA101469,Lance,Ryan,lance.ryan949_at_yahoo.com,001-227-824-0002,Alumni,2007,Low,North Kevinfurt,WY,01-Jul-2024,245.73,Scholarship Fund
G201723,CA100539,Maria,Michael,maria.michael975@gmail.com,714.329.0018,Alumni,2011,Low,East Timothy,OK,2024-05-14,67.83,Capital Campaign
G201724,CA100369,Brenda,Snyder,brenda.snyder290@hotmail.com,930.502.4471x462,Alumni,2013,Low,North Kathyfort,CA,2026-01-13,52.5,Endowment
G201725,CA100075,Christian,Harrell,christian.harrell798@hotmail.com,335-421-8188x35523,Friend,,High,Jamesberg,WV,2024-07-10,7413.96,Annual Fund
G201726,CA101224,Patricia,Rhodes,patricia.rhodes163@hotmail.com,+1-864-377-1837x5307,Alumni,1985,High,East Laurenside,AL,2024-04-04,2997.34,Annual Fund
G201727,CA100651,Joseph,Douglas,joseph.douglas294@yahoo.com,(846)213-6847x4883,Organization,,Low,Lunastad,WV,2024-01-18,90.75,Annual Fund
G201728,CA100918,Dana,Jimenez,dana.jimenez319@hotmail.com,391-660-9365x9520,Parent,,High,Port Davidhaven,SC,2026-02-16,2699.35,Capital Campaign
G201729,CA100945,Meghan,Lynch,meghan.lynch522@hotmail.com,+1-411-545-7887x0715,Alumni,2007,High,Westfort,ID,"August 24, 2024",4796.76,Scholarship Fund
G201730,CA100763,Taylor,Rodriguez,,9624113695,Alumni,2002,Principal,Harperton,TN,2025-11-11,57585.67,Annual Fund
G201731,CA100565,Tyler,Walton,tyler.walton936@hotmail.com,978-890-4633,Alumni,2018,Medium,East Melissaville,MI,2022-07-08,856.26,Unrestricted
G201732,CA100585,Gina,Lynn,gina.lynn743@hotmail.com,+1-912-771-1307x2407,Alumni,2005,Medium,Davidside,CO,2026-04-24,688.43,Unrestricted
G201733,CA100137,Christian,Mcgee,christian.mcgee473@yahoo.com,8167315999,Alumni,1971,Medium,Lake Joshuamouth,NM,2022-12-28,272.24,Capital Campaign
G201734,CA100923,Stephanie,Saunders,stephanie.saunders477@yahoo.com,450-568-8269x17768,Alumni,1996,High,Kellyton,DE,2023-01-01,5224.37,Endowment
G201735,CA100534,Brittany,Smith,brittany.smith328@hotmail.com,288.544.3448x123,Parent,,Medium,Benjaminberg,FM,07/06/2022,286.9,Unrestricted
G201736,CA101528,Tricia,Carr,tricia.carr718@gmail.com,001-517-573-5166x811,Organization,,High,Leechester,NV,2025-04-29,5107.62,Scholarship Fund
G201737,CA101100,Eric,Willis,eric.willis712@yahoo.com,9572644974,Parent,,Low,North Donaldside,NH,2025-04-13,130.07,Annual Fund
G201738,CA100750,Mary,Johnson,mary.johnson381@yahoo.com,001-415-311-6966x6725,Faculty/Staff,,Medium,Michaelchester,FM,2023-12-30,184.1,Capital Campaign
G201739,CA100160,Kiara,Mullins,kiara.mullins764@gmail.com,+1-921-589-0927x5326,Alumni,1975,Medium,North Donaldville,OR,2025-08-01,341.26,Athletics
G201740,CA100118,John,Fischer,john.fischer454@gmail.com,478.751.9108x83982,Alumni,2003,Low,Wilsonborough,VT,2026-04-18,156.78,Annual Fund
G201741,CA101134,Mark,Doyle,mark.doyle242@yahoo.com,+1-464-864-1962x3421,Alumni,2015,Low,East Charles,HI,2023-02-12,166.3,Athletics
G201742,CA101101,Randall,Parker,randall.parker67@hotmail.com,001-767-864-9797x41636,Parent,,Low,West Michaelaton,AK,2025-09-14,100.39,Endowment
G201743,CA100401,Andrew,Johnson,andrew.johnson568@hotmail.com,+1-693-417-3420x6969,Alumni,2017,Principal,West Georgeshire,DE,"June 10, 2026",21168.05,Scholarship Fund
G201744,CA101411,Jennifer,Brown,jennifer.brown157@hotmail.com,698.599.4885x669,Friend,,Low,North Mikeshire,SC,2023-11-08,104.31,Annual Fund
G201745,CA100208,Samantha,POWELL,samantha.powell783@gmail.com,223.809.8215,Faculty/Staff,,Low,Kelseyton,PA,2023-07-31,50.52,Annual Fund
G201746,CA100402,Alexis,Fox,alexis.fox87@yahoo.com,+1-571-633-3447x62639,Alumni,2011,Low,South Henry,WY,2024-07-12,65.24,Annual Fund
G201747,CA100079,Nathan,Campbell,nathan.campbell861@yahoo.com,001-759-305-1518x64492,Faculty/Staff,,High,West Kyle,SD,2026-04-06,1913.29,Annual Fund
G201748,CA100834,Andrea,Long,andrea.long590@gmail.com,847.578.9489,Alumni,1976,Low,Brentchester,SC,2024-04-01,69.05,Capital Campaign
G201749,CA100486,Christine,Brown,christine.brown916@yahoo.com,743.226.3039x7524,Alumni,2015,Medium,Wongport,WV,03/13/2024,583.75,Unrestricted
G201750,CA101210,Ronald,Bell,ronald.bell23@gmail.com,5486507665,Alumni,2005,Low,Patrickton,FM,2025-11-06,50.37,Scholarship Fund
G201751,CA100168,Stephanie,JONES,stephanie.jones571@yahoo.com,545-918-7053x4949,Alumni,2008,Medium,Brittanyfort,WI,2026-06-08,292.92,Endowment
G201752,CA100274,Eric,Chandler,eric.chandler139@hotmail.com,+1-581-347-4350,Alumni,1968,Principal,Lake Ryan,AL,2024-11-01,58095.02,Scholarship Fund
G201753,CA101660,Kimberly,Ellis,kimberly.ellis865@gmail.com,904-320-5986x85697,Alumni,2015,Low,Jamesborough,UT,2026-02-21,89.19,Unrestricted
G201754,CA100299,Amanda,Davidson,amanda.davidson584@hotmail.com,8812770388,Alumni,2009,High,Blackton,ID,2022-12-24,1565.63,Annual Fund
G201755,CA101355,Timothy,Reilly,timothy.reilly440@gmail.com,373-706-6293,Alumni,2018,Low,Port Alyssaland,NH,2026-01-18,181.46,Scholarship Fund
G201756,CA100933,Crystal,Gonzalez,crystal.gonzalez507@hotmail.com,662.805.3440x777,Organization,,Low,North Jennifer,NV,18-Aug-2025,113.56,Capital Campaign
G201757,CA100391,Zachary,Powers,zachary.powers307@hotmail.com,(808)229-7374,Alumni,1989,Principal,West Steven,IA,2024-06-16,130218.92,Athletics
G201758,CA100091,Diana,Nelson,diana.nelson975@yahoo.com,(867)465-2775x84161,Alumni,1993,High,Manuelland,MD,2025-08-05,1599.5,Scholarship Fund
G201759,CA100734,Michael,Perez,,(761)292-3724,Alumni,1997,Medium,New Larryville,WI,2025-04-25,450.46,Unrestricted
G201760,CA101408,Melissa,Evans,melissa.evans387@gmail.com,319.536.7857x6463,Alumni,1978,High,North Samanthafort,ME,2024-11-30,6106.76,Scholarship Fund
G201761,CA101041,Helen,Rush,helen.rush534@gmail.com,795-409-2711,Friend,,High,Millerton,WA,06/11/2024,7477.94,Unrestricted
G201762,CA100421,Briana,Cohen,briana.cohen26@hotmail.com,,Faculty/Staff,,Medium,Andersonport,VA,2025-10-24,365.65,Annual Fund
G201763,CA101138,Lisa,Nelson,lisa.nelson66@hotmail.com,280.258.2692,Alumni,2011,Low,Sanderschester,GA,"October 19, 2025",24.6,Capital Campaign
G201764,CA101182,Kaitlyn,Chavez,kaitlyn.chavez913@yahoo.com,,Alumni,2004,Medium,South Josephborough,AK,2024-05-05,469.27,Endowment
G201765,CA101067,Olivia,Russell,olivia.russell506@yahoo.com,,Alumni,2011,Medium,North Evelyn,GU,2026-07-10,316.69,Athletics
G201766,CA100249,Michael,Moore,michael.moore263@hotmail.com,001-844-586-9594,Parent,,Low,Arnoldside,NJ,2024-07-10,30.6,Capital Campaign
G201767,CA100734,Michael,Perez,,(761)292-3724,Alumni,1997,Medium,New Larryville,WI,2025-08-29,357.97,Scholarship Fund
G201768,CA101010,Adrian,Johnson,adrian.johnson945_at_hotmail.com,+1-694-824-8942x0466,Parent,,High,Jimenezton,MD,2024-10-25,2188.87,Athletics
G201769,CA101214,Erik,Brown,,(400)561-8489x742,Faculty/Staff,,Low,Michelleborough,ME,03/18/2026,152.96,Scholarship Fund
G201770,CA100337,Deborah,Pratt,deborah.pratt383@gmail.com,724-647-1746,Parent,,Low,Port Charles,WI,2023-11-15,115.69,Annual Fund
G201771,CA100702,Kristina,Santos,kristina.santos229@yahoo.com,379.608.3350x6158,Organization,,Low,Port Brianshire,NC,2024-11-12,71.56,Capital Campaign
G201772,CA101250,Justin,Hogan,justin.hogan682@hotmail.com,5365988843,Organization,,High,East Kelly,IA,2023-09-22,6295.01,Athletics
G201773,CA101701,Rachel,Cox,rachel.cox488@yahoo.com,001-561-392-2188x2206,Alumni,2006,Medium,Shortville,NJ,2024-07-01,452.96,Annual Fund
G201774,CA100705,Thomas,Garcia,thomas.garcia122@hotmail.com,997.549.0961,Organization,,Medium,Gayview,WV,21-May-2023,772.76,Endowment
G201775,CA101451,Barbara,Johnson,barbara.johnson576@hotmail.com,(789)667-1360,Friend,,Principal,Pamelaberg,AK,2022-11-09,33493.65,Athletics
G201776,CA100320,Erik,Olson,erik.olson52@gmail.com,,Alumni,1994,Low,Jaredshire,NE,2026-09-10,82.22,Unrestricted
G201777,CA100685,Benjamin,Lynch,benjamin.lynch499@hotmail.com,+1-816-381-5466x0241,Alumni,2018,High,New Jose,ME,2024-04-12,1265.65,Athletics
G201778,CA100228,Jeffrey,White,jeffrey.white809@gmail.com,526.988.6153x35554,Alumni,2010,Low,North Elizabethmouth,IA,2023-10-30,106.78,Annual Fund
G201779,CA100423,Jimmy,Hawkins,jimmy.hawkins488@gmail.com,,Friend,,Medium,Nicolestad,TX,11-Feb-2023,296.05,Scholarship Fund
G201780,CA101508,Michael,Young,michael.young678@gmail.com,001-383-916-8163x60389,Faculty/Staff,,Principal,Lake Omar,AL,19-Jun-2023,23112.86,Scholarship Fund
G201781,CA101108,Whitney,Wolf,whitney.wolf207@yahoo.com,(702)517-0754,Parent,,Low,Crystalchester,MN,2025-11-11,123.83,Capital Campaign
G201782,CA101287,Sharon,Jennings,sharon.jennings570@hotmail.com,+1-461-227-6620x808,Alumni,2017,Low,New David,AR,2022-10-09,92.1,Endowment
G201783,CA100562,Michelle,Wilson,michelle.wilson764@hotmail.com,(448)807-2791x03368,Alumni,2010,Medium,West Jason,ID,2024-05-14,1038.21,Capital Campaign
G201784,CA101079,Joseph,Cruz,joseph.cruz224@yahoo.com,6487933261,Friend,,High,Jasonton,NV,2024-01-10,2354.83,Annual Fund
G201785,CA100804,Karen,Mccall,karen.mccall497@yahoo.com,+1-294-231-9100,Faculty/Staff,,Medium,Sarahport,NV,03-Oct-2024,394.77,Scholarship Fund
G201786,CA100681,Kristen,Pollard,kristen.pollard313@hotmail.com,001-961-620-5943x89760,Alumni,2003,Principal,North Mirandamouth,MN,2024-03-04,63946.86,Annual Fund
G201787,CA101455,Zachary,Stewart,zachary.stewart696@yahoo.com,317.878.4019x027,Alumni,2010,Medium,South Jacqueline,NE,2026-08-22,2221.78,Endowment
G201788,CA101511,Catherine,Thomas,catherine.thomas383@yahoo.com,(956)319-2767x137,Alumni,2007,Principal,Bradychester,IA,2025-08-14,142589.9,Annual Fund
G201789,CA101791,Alicia,Guzman,alicia.guzman723@hotmail.com,+1-581-396-6452,Parent,,Medium,Lake Barbarashire,AZ,2024-08-30,325.35,Athletics
G201790,CA100814,Aaron,Leon,aaron.leon504@hotmail.com,372-514-3643,Alumni,1981,Medium,North Anthonyville,IL,2024-09-17,384.89,Unrestricted
G201791,CA101702,Patrick,Little,patrick.little87@hotmail.com,001-530-723-6416x936,Faculty/Staff,,Medium,South Melaniechester,KY,"August 26, 2025",391.28,Annual Fund
G201792,CA100989,Adam,Gonzalez,adam.gonzalez110@hotmail.com,001-339-562-7466x62159,Alumni,2011,Low,Lake Melissa,AK,2026-05-10,80.2,Annual Fund
G201793,CA100338,Bryan,Price,bryan.price254@gmail.com,442-871-7396x271,Alumni,1997,Low,New Dawn,PW,2024-01-16,59.08,Scholarship Fund
G201794,CA100500,Mercedes,Stein,mercedes.stein268@hotmail.com,(949)432-8980x2714,Alumni,1977,Medium,Friedmanfort,TN,2025-03-01,424.19,Capital Campaign
G201795,CA100653,Cody,Jackson,cody.jackson575@yahoo.com,001-531-226-9789,Alumni,1986,Medium,Kingport,WA,2024-04-28,440.54,Unrestricted
G201796,CA100430,Victoria,Campbell,victoria.campbell687@gmail.com,384.285.2008x94346,Alumni,2014,Low,Jordanhaven,MI,2024-12-01,106.84,Endowment
G201797,CA100840,Drew,Jones,,+1-962-263-3556x43436,Friend,,Low,Lake Heidi,NV,2022-07-06,123.04,Athletics
G201798,CA100110,Amy,Lowe,amy.lowe549@hotmail.com,+1-749-973-3484x34437,Parent,,Medium,Annview,LA,2024-03-03,313.25,Athletics
G201799,CA100955,John,Simmons,john.simmons645@yahoo.com,7094421410,Alumni,1991,Medium,Reyeshaven,DE,"October 12, 2023",320.59,Unrestricted
G201800,CA100146,Vincent,Cooper,vincent.cooper340@gmail.com,914.761.1254x5738,Alumni,2016,Medium,Davismouth,MD,2025-03-17,1056.36,Athletics
G201801,CA101024,Beth,Anderson,beth.anderson404@yahoo.com,847-624-6301,Alumni,2004,High,West David,IL,2024-01-05,2291.67,Endowment
G201802,CA100805,Patrick,Carroll,patrick.carroll581@gmail.com,805-233-6514,Friend,,Low,Kayleeville,ME,2023-09-12,113.76,Athletics
G201803,CA101098,Shawn,Johnson,shawn.johnson377@hotmail.com,831.226.7731x9227,Alumni,1990,Medium,Haleyshire,NC,2026-04-11,324.16,Athletics
G201804,CA101705,Sandra,Soto,sandra.soto532@hotmail.com,001-286-281-1143x3064,Alumni,2012,Medium,Annafort,CO,2024-10-15,338.88,Scholarship Fund
G201805,CA101583,Alyssa,Simmons,alyssa.simmons934@hotmail.com,8095358201,Alumni,2016,Low,North Katherinemouth,OK,2023-08-01,231.24,Scholarship Fund
G201806,CA101611,Emily,Hughes,emily.hughes817@yahoo.com,+1-256-749-6741x9916,Alumni,2011,Low,New Erin,MS,2022-08-07,-158.87,Athletics
G201807,CA100910,Ricardo,Gregory,ricardo.gregory927@hotmail.com,(889)446-4203,Alumni,2004,Low,Jenniferhaven,NE,2025-04-05,102.18,Capital Campaign
G201808,CA101420,  Tina ,Hansen,tina.hansen679@hotmail.com,9376891213,Parent,,Low,Port Jennifer,PA,2026-07-01,66.17,Athletics
G201809,CA100443,Tammy,Brooks,tammy.brooks450@gmail.com,686.487.0079,Alumni,2009,Medium,North Sarahfort,KY,2024-10-02,403.03,Capital Campaign
G201810,CA100795,Joshua,Mccarthy,joshua.mccarthy97@yahoo.com,729-825-0105x8752,Alumni,2014,Medium,Lake Ryanmouth,MO,2022-09-19,248.19,Capital Campaign
G201811,CA100942,Douglas,Hopkins,douglas.hopkins369@gmail.com,(735)952-1650,Alumni,2002,High,Lake Josephshire,FL,2025-03-28,3816.27,Endowment
G201812,CA100640,Mary,Fischer,mary.fischer933@gmail.com,+1-808-983-0705x349,Friend,,Medium,Port Shawn,PW,2023-05-16,326.22,Athletics
G201813,CA101361,Natalie,Payne,natalie.payne655@gmail.com,001-288-861-8207,Alumni,2010,Medium,Espinozaton,VI,"December 28, 2024",515.53,Scholarship Fund
G201814,CA100877,Kathleen,Wilson,,+1-853-448-6401x0424,Parent,,Low,Matthewchester,CA,2024-06-29,88.69,Unrestricted
G201815,CA100930,Ashley,Cooper,ashley.cooper711@hotmail.com,730-787-6123,Alumni,2002,Principal,West Meganview,MO,2022-12-22,12145.64,Scholarship Fund
G201816,CA101542,Zachary,Smith,zachary.smith574@yahoo.com,805-366-9375x40242,Alumni,1993,Medium,Deckerside,OR,2024-03-26,315.39,Endowment
G201817,CA100885,Aaron,Clark,,001-806-815-3722x155,Alumni,2007,Principal,Scottborough,PR,2025-03-09,24412.2,Endowment
G201818,CA101679,Mary,Savage,mary.savage775@hotmail.com,,Friend,,Medium,Lake Elijahfurt,SC,2026-03-29,104.94,Annual Fund
G201819,CA100467,Hayden,Hall,hayden.hall604@hotmail.com,551-348-8814,Alumni,2017,High,North Michaelside,ID,2024-07-17,15059.5,Scholarship Fund
G201820,CA100356,Julie,Johnson,julie.johnson516@yahoo.com,626.825.7016x580,Alumni,1986,Low,Helenside,OK,2026-04-01,167.16,Endowment
G201821,CA100541,Jeremy,Cruz,jeremy.cruz622@yahoo.com,+1-743-361-7213x1451,Alumni,2007,Low,Sandraland,MH,2025-05-03,219.15,Unrestricted
G201822,CA100212,Jennifer,Garcia,jennifer.garcia990@yahoo.com,+1-837-344-7012x0455,Parent,,High,Port Katherineton,AL,2022-12-02,1711.15,Endowment
G201823,CA101648,Gary,Reynolds,gary.reynolds326@gmail.com,001-247-236-5003x2990,Friend,,High,Turnermouth,MT,2026-02-04,438.98,Scholarship Fund
G201824,CA101771,Bradley,Miller,bradley.miller874@gmail.com,+1-829-688-7123x20366,Parent,,Low,Port Scott,VI,2026-01-09,134.92,Athletics
G201825,CA101405,Tammie,Walter,tammie.walter852@hotmail.com,6346213485,Alumni,2018,Low,North Jason,ID,2023-02-10,131.64,Endowment
G201826,CA101425,Julian,Lopez,julian.lopez767@hotmail.com,,Alumni,2010,Medium,West Grant,ME,"July 20, 2023",328.3,Annual Fund
G201827,CA100422,Jennifer,Moyer,jennifer.moyer357@hotmail.com,+1-957-329-3417x2232,Alumni,1988,Medium,Hahnfort,ME,2026-05-14,470.55,Capital Campaign
G201828,CA101050,Holly,Miller,holly.miller682@gmail.com,2124275950,Alumni,2014,Low,Maloneton,CO,2024-01-24,74.46,Annual Fund
G201829,CA100339,Scott,Green,scott.green541@gmail.com,,Parent,,High,North Ashleyview,WI,2023-12-29,3854.8,Annual Fund
G201830,CA101109,Matthew,Mcbride,matthew.mcbride19@gmail.com,001-520-230-0449x64612,Alumni,1990,Low,East Phyllisstad,CT,2025-05-06,59.66,Capital Campaign
G201831,CA101499,Angela,Bernard,,451.442.0259x36450,Parent,,Principal,North John,DC,2025-07-18,55747.67,Capital Campaign
G201832,CA100764,Sarah,Wang,sarah.wang665@gmail.com,001-835-809-0254x25730,Alumni,2014,Medium,West William,IN,2022-11-12,166.6,Scholarship Fund
G201833,CA100085,Shannon,Palmer,shannon.palmer753@yahoo.com,737-550-6068,Parent,,Low,Vangstad,IN,2025-08-22,60.79,Athletics
G201834,CA101176,Michael,Sosa,michael.sosa628@yahoo.com,+1-331-856-6397x92551,Alumni,2012,Principal,Johnton,TN,2023-05-28,22194.5,Athletics
G201835,CA100525,Anthony,Wade,anthony.wade332_at_yahoo.com,+1-341-267-8725x68621,Alumni,1982,Low,East Maurice,AL,2025-12-07,108.29,Annual Fund
G201836,CA101541,Ryan,Nguyen,ryan.nguyen45@hotmail.com,618-586-0167x44923,Friend,,Low,Cherylchester,OK,2023-11-25,43.56,Unrestricted
G201837,CA101453,Peter,Alvarez,peter.alvarez377@hotmail.com,001-208-603-8890x441,Alumni,1993,Low,West Johnstad,MO,2023-03-25,165.01,Endowment
G201838,CA101220,Kenneth,Zuniga,kenneth.zuniga135@gmail.com,317.819.7860,Alumni,1988,High,Port Vanessa,MI,"August 19, 2026",2800.04,Unrestricted
G201839,CA101115,Karen,Blair,karen.blair358@gmail.com,232.482.9302,Faculty/Staff,,High,Richardville,IL,2025-02-01,1471.69,Annual Fund
G201840,CA100137,Christian,Mcgee,christian.mcgee473@yahoo.com,8167315999,Alumni,1971,Medium,Lake Joshuamouth,NM,2023-04-10,533.46,Athletics
G201841,CA100007,Shawn,Mckay,shawn.mckay888@hotmail.com,282-781-4893x252,Alumni,1973,Low,Smithstad,FM,2026-06-19,213.82,Athletics
G201842,CA100289,Katherine,Farrell,katherine.farrell980@gmail.com,001-703-592-4051x4770,Alumni,1999,Medium,East Amy,WV,2023-10-16,119.81,Athletics
G201843,CA101308,Thomas,Williams,thomas.williams338@gmail.com,001-230-545-4184,Alumni,1982,Low,East Christopher,ND,2024-04-29,49.16,Capital Campaign
G201844,CA100772,Lauren,Hernandez,lauren.hernandez27@yahoo.com,232.275.9980x111,Alumni,1985,Principal,West Melissamouth,MH,2023-03-08,56607.58,Scholarship Fund
G201845,CA101654,Nicholas,Klein,nicholas.klein27@yahoo.com,,Organization,,Low,North John,MI,2023-07-23,117.65,Athletics
G201846,CA101193,Kirk,Russell,kirk.russell377@gmail.com,244.422.5216,Alumni,2009,Low,Herbertshire,KY,2023-09-25,135.43,Unrestricted
G201847,CA101009,Daniel,Wells,daniel.wells702@yahoo.com,+1-603-798-8636x53621,Alumni,2014,Medium,Carolfurt,NM,05-Sep-2022,174.5,Unrestricted
G201848,CA101173,David,Foster,david.foster505@hotmail.com,001-611-493-9103x8297,Alumni,2015,Low,Michaelbury,VA,2026-05-31,74.17,Athletics
G201849,CA101107,Robert,Smith,robertsmith779@hotmailcom,+1-682-323-0958x62973,Alumni,2011,Medium,East Dale,AL,2025-10-22,1525.6,Scholarship Fund
G201850,CA100236,Adam,Sanchez,adam.sanchez856@gmail.com,001-364-452-5777x547,Parent,,Low,Port Juanberg,MH,2025-01-22,134.55,Endowment
G201851,CA100794,Jose,Thomas,jose.thomas255@gmail.com,4619572768,Faculty/Staff,,Medium,Danielview,NH,2026-03-05,290.46,Unrestricted
G201852,CA101300,Thomas,Diaz,thomas.diaz180_at_hotmail.com,7799661869,Parent,,Medium,Port Kathy,PW,2025-02-22,505.68,Annual Fund
G201853,CA101188,Kenneth,Thomas,kenneth.thomas583@yahoo.com,2432261189,Faculty/Staff,,Medium,West Patrick,NE,10-Jan-2025,1328.21,Capital Campaign
G201854,CA101778,Mark,Nichols,mark.nichols680@hotmail.com,400.862.3945x994,Alumni,1994,High,Anthonychester,AK,2024-01-27,1249.19,Annual Fund
G201855,CA100898,Wendy,Patel,wendy.patel342@hotmail.com,576.229.7454,Alumni,1968,Medium,South Kenneth,WI,2023-01-06,542.58,
G201856,CA100592,Stephen,Carey,stephen.carey341@yahoo.com,,Parent,,Low,Patriciafort,DE,2024-07-07,153.69,Endowment
G201857,CA100846,Jennifer,Martin,jennifer.martin928@hotmail.com,001-901-762-0478x76886,Faculty/Staff,,Low,Waltonhaven,MT,2025-09-22,123.74,Athletics
G201858,CA101379,Brandi,Moore,brandi.moore476@gmail.com,476.741.4900x3850,Alumni,2016,High,Bryanborough,MP,2025-05-14,4924.84,Capital Campaign
G201859,CA101180,Robert,Peck,robert.peck366@hotmail.com,744-547-1893,Organization,,Medium,New Robertton,MT,2026-04-24,220.26,Scholarship Fund
G201860,CA100528,Christopher,Williams,christopher.williams448@yahoo.com,743.635.6708x60414,Alumni,1975,Low,Jenniferbury,MD,2026-08-27,169.35,Capital Campaign
G201861,CA101223,Ronald,Tran,ronald.tran506@hotmail.com,,Alumni,1991,Medium,Port Christinaberg,DC,2025-05-29,1243.7,Capital Campaign
G201862,CA101279,Devin,POOLE,devin.poole418@hotmail.com,504.486.1867x066,Alumni,2007,Low,Port Chadburgh,OK,2025-01-20,135.9,Athletics
G201863,CA100420,Joseph,Wong,joseph.wong401@yahoo.com,579-957-6024,Parent,,Low,Samuelhaven,IN,2024-08-09,157.21,Capital Campaign
G201864,CA101654,Nicholas,Klein,nicholas.klein27@yahoo.com,,Organization,,Low,North John,MI,2022-12-22,134.19,Capital Campaign
G201865,CA100252,Diane,Lara,diane.lara2@yahoo.com,709.588.3920,Alumni,1995,High,East Christopherview,WI,2026-03-15,989.61,Capital Campaign
G201866,CA100343,Kyle,Ferguson,kyle.ferguson426@yahoo.com,9054050613,Parent,,Low,North Benjamin,FL,2023-11-08,72.38,Scholarship Fund
G201867,CA100470,Sherry,Smith,sherry.smith402@hotmail.com,(253)466-6845x909,Alumni,2000,High,West Ashley,AS,2026-06-20,1846.06,Capital Campaign
G201868,CA101449,Eric,Brown,eric.brown709@hotmail.com,001-545-416-7670x636,Alumni,1994,Medium,Gonzalezville,CA,"May 29, 2024",344.23,Capital Campaign
G201869,CA100625,Daniel,Hughes,,+1-248-676-9984x26732,Parent,,Low,Christopherbury,WI,2026-07-05,44.21,Annual Fund
G201870,CA100542,Bradley,Hernandez,bradley.hernandez195@yahoo.com,659.326.2494x51475,Organization,,Low,Port Sarahberg,WI,2024-05-28,96.26,Annual Fund
G201871,CA101566,Zoe,Yang,zoe.yang88@yahoo.com,+1-384-455-7663x454,Alumni,1989,Low,East Richardview,MA,2024-07-11,294.64,Athletics
G201872,CA100013,Sara,Glover,sara.glover552@yahoo.com,(987)423-4309x80500,Faculty/Staff,,Medium,New Christopherburgh,CA,2025-03-09,865.29,Capital Campaign
G201873,CA100914,Jessica,Anderson,jessica.anderson785@hotmail.com,001-505-604-0433x335,Parent,,Low,Nicoleville,MO,10/12/2023,93.61,Scholarship Fund
G201874,CA100153,Jill,Valdez,jill.valdez150@gmail.com,807-445-1713x3959,Friend,,High,Port Jamie,IL,2024-04-28,10580.21,Capital Campaign
G201875,CA101588,Tara,Sharp,tara.sharp31@hotmail.com,,Faculty/Staff,,Medium,New John,AK,2025-09-01,441.82,Capital Campaign
G201876,CA101017,Jessica,Delacruz,jessica.delacruz208@hotmail.com,6784525482,Alumni,1999,Medium,Lake Angelabury,NY,2023-05-19,89.09,Unrestricted
G201877,CA101180,Robert,Peck,robert.peck366@hotmail.com,744-547-1893,Organization,,Medium,New Robertton,MT,09/11/2024,750.73,Annual Fund
G201878,CA101556,Ricardo,Curtis,ricardo.curtis642@yahoo.com,+1-729-205-2565,Alumni,1979,Low,West Jenniferbury,UT,2022-07-10,48.72,Annual Fund
G201879,CA100998,Megan,Wilkinson,megan.wilkinson824@yahoo.com,001-914-696-1128,Alumni,1990,Medium,New Ellen,OH,2022-08-13,218.51,Scholarship Fund
G201880,CA100007,Shawn,Mckay,shawn.mckay888@hotmail.com,282-781-4893x252,Alumni,1973,Low,Smithstad,FM,2024-09-23,74.56,Capital Campaign
G201881,CA101425,Julian,Lopez,julian.lopez767@hotmail.com,,Alumni,2010,Medium,West Grant,ME,2024-04-15,268.71,Annual Fund
G201882,CA100830,Mary,Jacobs,mary.jacobs828@yahoo.com,987.769.8999x2751,Faculty/Staff,,Medium,West Crystalview,VI,2023-06-15,622.85,Scholarship Fund
G201883,CA100985,Gerald,Sanchez,gerald.sanchez706@yahoo.com,224-376-0108,Alumni,2013,Medium,North Jaredchester,OH,2025-07-16,469.96,Scholarship Fund
G201884,CA100762,Amanda,Jackson,amanda.jackson645@hotmail.com,364-984-4941x163,Faculty/Staff,,High,East April,AZ,2026-05-11,3035.79,Capital Campaign
G201885,CA100872,Stephanie,Jones,stephanie.jones534@yahoo.com,(317)951-8878,Friend,,Medium,Kristenstad,WY,2023-10-13,258.22,Capital Campaign
G201886,CA101088,Michael,Anderson,michael.anderson93@yahoo.com,(818)950-7610x87082,Alumni,2015,Low,Port Williamburgh,MP,2025-01-28,57.01,Athletics
G201887,CA100885,Aaron,Clark,,001-806-815-3722x155,Alumni,2007,Principal,Scottborough,PR,01-Apr-2026,27817.39,Unrestricted
G201888,CA100267,Courtney,Anderson,courtney.anderson891@gmail.com,9054577848,Friend,,Medium,New Carla,SC,2023-10-31,111.41,Scholarship Fund
G201889,CA100007,Shawn,Mckay,shawn.mckay888@hotmail.com,282-781-4893x252,Alumni,1973,Low,Smithstad,FM,2025-03-03,175.79,Unrestricted
G201890,CA100703,  John ,Scott,john.scott494@hotmail.com,(633)372-0948,Friend,,Principal,Lake Mariah,CA,"April 21, 2024",79637.9,Annual Fund
G201891,CA101237,Adam,Kramer,adamkramer72@hotmailcom,792.573.9615x97640,Alumni,1995,High,Robertton,WA,2022-08-09,3608.89,Capital Campaign
G201892,CA100619,Samantha,Allen,samantha.allen884@gmail.com,001-203-368-9003,Alumni,1992,Low,East Samuelport,AZ,2024-03-26,108.75,Athletics
G201893,CA100487,  Andrew ,Bradford,andrew.bradford46@yahoo.com,333-980-3396x85270,Friend,,Medium,East Brettberg,IL,11/13/2025,446.44,Unrestricted
G201894,CA100615,Monique,Moore,monique.moore410@yahoo.com,289-338-9846,Faculty/Staff,,Medium,Gilesview,SD,2024-12-06,548.13,Capital Campaign
G201895,CA100528,Christopher,Williams,christopher.williams448@yahoo.com,743.635.6708x60414,Alumni,1975,Low,Jenniferbury,MD,2024-06-01,55.85,Unrestricted
G201896,CA100337,Deborah,Pratt,deborah.pratt383@gmail.com,724-647-1746,Parent,,Low,Port Charles,WI,2023-02-11,175.6,Capital Campaign
G201897,CA100456,Miguel,Smith,miguel.smith17@hotmail.com,,Faculty/Staff,,Medium,North John,GU,2025-09-13,1012.57,Scholarship Fund
G201898,CA100038,Elizabeth,Wood,elizabeth.wood544@hotmail.com,356.485.5744x43135,Friend,,Medium,East Joanna,KY,2024-11-04,476.08,Endowment
G201899,CA100587,Tristan,Hamilton,tristan.hamilton431@hotmail.com,5313310094,Parent,,Medium,West Jeremyfurt,MO,2023-03-19,599.53,Scholarship Fund
G201900,CA101421,Barbara,Flores,barbara.flores939@yahoo.com,,Friend,,Low,Susanfort,WY,2023-05-11,124.84,Scholarship Fund
G201901,CA100108,Thomas,Coffey,thomas.coffey436@hotmail.com,001-430-597-2896,Organization,,Low,New Stacyville,ID,2026-01-10,98.44,Annual Fund
G201902,CA100495,Ryan,Thompson,,001-223-472-8179x323,Alumni,2010,Low,West Tonya,VI,2024-03-28,117.35,Athletics
G201903,CA100862,Cody,Obrien,cody.obrien424@hotmail.com,506-652-7758x4466,Faculty/Staff,,Low,Jasonmouth,FL,2026-01-19,120.25,Athletics
G201904,CA100456,Miguel,Smith,miguel.smith17@hotmail.com,,Faculty/Staff,,Medium,North John,GU,2026-08-18,261.36,Athletics
G201905,CA101305,Adam,Hood,adam.hood371@yahoo.com,,Parent,,Low,Charlesland,WY,2024-04-22,30.8,Endowment
G201906,CA101612,Kristen,Wright,kristen.wright287@hotmail.com,9972034251,Alumni,1980,Low,New Chadstad,OH,"November 23, 2023",66.4,Annual Fund
G201907,CA101575,Patrick,Weeks,patrick.weeks956@yahoo.com,001-247-519-9038,Friend,,Low,Davidview,PR,2022-07-22,78.56,Scholarship Fund
G201908,CA101176,Michael,Sosa,michael.sosa628@yahoo.com,+1-331-856-6397x92551,Alumni,2012,Principal,Johnton,TN,2022-11-16,15183.24,Endowment
G201909,CA101030,Rebecca,Williams,rebecca.williams771@yahoo.com,+1-266-941-1065x41134,Alumni,2003,Medium,Craigshire,KY,"April 12, 2024",375.26,Annual Fund
G201910,CA101313,Mary,Short,mary.short63@hotmail.com,731-213-2661x1584,Friend,,High,Frankfurt,IA,2023-04-21,1801.44,Endowment
G201911,CA100744,Amy,Contreras,amy.contreras270@yahoo.com,2736333732,Alumni,2003,Low,North Meredith,NJ,2025-12-25,129.64,Scholarship Fund
G201912,CA100039,Jenny,Bray,jenny.bray610_at_hotmail.com,+1-641-234-3524x082,Organization,,Low,New Kellyberg,SC,2026-04-06,24.38,Scholarship Fund
G201913,CA100357,Laura,French,laura.french839@gmail.com,+1-750-785-0165x790,Alumni,2001,Medium,Lake Angelica,CA,2025-01-21,416.2,Unrestricted
G201914,CA100040,Miranda,Henry,miranda.henry584@gmail.com,001-947-377-5204,Friend,,Low,South Travisshire,SC,"January 09, 2026",146.25,Endowment
G201915,CA100471,Carrie,Franklin,carrie.franklin507@yahoo.com,,Faculty/Staff,,Low,Harrisfurt,CA,2024-02-21,83.65,Athletics
G201916,CA100766,Andre,Le,andre.le149@hotmail.com,550-221-3060x90691,Alumni,2011,High,North Deborahfort,OK,"April 24, 2024",1732.36,Capital Campaign
G201917,CA100270,Peter,Gray,peter.gray973@yahoo.com,863-589-4484,Alumni,1998,Principal,East Derrickville,SC,2022-12-31,9766.1,Athletics
G201918,CA100110,Amy,Lowe,amy.lowe549@hotmail.com,+1-749-973-3484x34437,Parent,,Medium,Annview,LA,"May 17, 2023",358.42,Athletics
G201919,CA100476,Debbie,Ellison,debbieellison412@yahoocom,001-446-392-6329x676,Parent,,Principal,Haleton,IA,2025-05-24,39274.34,Annual Fund
G201920,CA101500,Thomas,Wang,thomas.wang55@yahoo.com,(572)399-1154x9044,Alumni,2008,Low,Lake Kevin,NE,2026-07-05,167.44,Endowment
G201921,CA100520,Erica,Randolph,erica.randolph398@gmail.com,578.281.6093x0685,Alumni,2001,Medium,Oconnellhaven,MH,2026-05-18,1048.54,Athletics
G201922,CA100803,Connie,Knight,connie.knight22@yahoo.com,980.840.3253,Parent,,High,Stephenfurt,PA,2026-01-14,2681.8,Athletics
G201923,CA101605,Michelle,Trujillo,michelle.trujillo816@gmail.com,897-789-2594,Alumni,,High,Stuartview,MS,2022-11-30,2149.78,Unrestricted
G201924,CA101466,Kathryn,Cook,kathryn.cook671@hotmail.com,001-411-850-1016,Faculty/Staff,,High,North Williamberg,MO,2022-07-02,2648.2,Annual Fund
G201925,CA100112,John,Williams,john.williams233@hotmail.com,230.416.5712,Organization,,Medium,Delgadofort,NJ,2024-07-04,260.72,Capital Campaign
G201926,CA100158,Christopher,Beck,christopher.beck110@hotmail.com,(506)943-6110,Alumni,1968,Medium,East Brittneyhaven,TX,2024-11-12,213.71,Unrestricted
G201927,CA100077,Charles,Murray,charles.murray774@gmail.com,9542119986,Alumni,2002,Low,Stoutshire,SD,2022-10-11,42.43,Unrestricted
G201928,CA101074,Danielle,Ramsey,danielle.ramsey934@hotmail.com,599-464-3385,Faculty/Staff,,Medium,Staceyburgh,FM,2022-09-17,403.81,Capital Campaign
G201929,CA100497,Craig,Brown,craig.brown146@gmail.com,+1-890-713-8069x84775,Alumni,2004,Low,Evelynmouth,MD,2025-02-23,94.93,Endowment
G201930,CA101402,Michael,Ayala,michael.ayala821@gmail.com,563-599-4901,Alumni,1982,Medium,West Teresa,IL,2024-06-17,310.85,Endowment
G201931,CA100819,Sean,Shaw,sean.shaw591@yahoo.com,696-480-4918x727,Parent,,Principal,West Carolynchester,DE,2025-03-07,78105.73,
G201932,CA101463,Joanne,Webb,joanne.webb346@hotmail.com,+1-877-719-6199x71659,Faculty/Staff,,Low,Powellmouth,MT,"August 08, 2025",85.01,Endowment
G201933,CA100316,Scott,Anderson,scott.anderson957@yahoo.com,+1-601-760-1662x99795,Alumni,2005,Low,Lake Katherine,AS,2024-01-31,110.98,Unrestricted
G201934,CA101599,David,Johnson,david.johnson246@hotmail.com,(910)617-5900x1706,Friend,,Low,South Amyburgh,NC,2024-09-27,37.85,Unrestricted
G201935,CA101166,Jesus,Velazquez,,621-918-9684x42464,Faculty/Staff,,Low,Samuelside,PW,2024-02-02,66.15,Scholarship Fund
G201936,CA100532,Andrea,King,andrea.king326@hotmail.com,(657)416-1768x802,Parent,,Medium,Brandonshire,AR,2024-12-07,344.75,Unrestricted
G201937,CA100140,Paul,Carter,paul.carter72@yahoo.com,001-418-339-8262x24447,Parent,,Low,South Joshua,ME,23-Jan-2023,145.05,Athletics
G201938,CA101369,Kim,Clark,kim.clark583@gmail.com,(591)458-5423,Parent,,Medium,Christopherstad,CA,2024-03-13,480.38,Annual Fund
G201939,CA101343,Amanda,Kane,,(205)986-7949x6383,Alumni,1999,Low,East Randall,DE,2026-07-14,79.25,Athletics
G201940,CA100877,Kathleen,Wilson,,+1-853-448-6401x0424,Parent,,Low,Matthewchester,CA,02/16/2025,45.04,Capital Campaign
G201941,CA100409,Samantha,Sanchez,samantha.sanchez649@yahoo.com,+1-915-904-1659x15201,Alumni,2010,Low,Fullerview,PA,07-Feb-2023,45.58,Scholarship Fund
G201942,CA100579,Rhonda,Mitchell,rhonda.mitchell668@yahoo.com,8886050171,Alumni,1998,Medium,Loganstad,MO,2023-01-28,468.56,Endowment
G201943,CA101675,Michael,Hopkins,michael.hopkins673@hotmail.com,,Alumni,2009,Low,Port Josehaven,PR,2024-05-31,69.04,Annual Fund
G201944,CA100074,Richard,Bowman,richard.bowman672@yahoo.com,860-352-9751,Friend,,Low,South Brianna,NC,2023-09-01,126.93,Capital Campaign
G201945,CA101065,Derek,Dougherty,derek.dougherty655@gmail.com,714-547-4328x116,Alumni,,Medium,Lake Davidtown,DC,2024-09-10,408.26,Scholarship Fund
G201946,CA100509,Cynthia,Wallace,cynthia.wallace940@gmail.com,911-617-8309,Faculty/Staff,,Low,Port Brittanyfurt,NJ,2022-08-31,99.34,Athletics
G201947,CA100629,Jeremy,Thompson,,+1-203-610-2879x5083,Parent,,Low,Allenstad,ND,2026-05-17,102.65,Athletics
G201948,CA101159,Jennifer,Edwards,jennifer.edwards663@yahoo.com,285-775-9171,Alumni,1979,Low,New Melissaton,MN,2024-10-24,176.71,Scholarship Fund
G201949,CA100398,Jonathan,Davis,jonathan.davis729@gmail.com,832-375-6041x7765,Organization,,Medium,Lake Jose,CA,2023-05-18,297.96,Scholarship Fund
G201950,CA100827,Mary,Ward,mary.ward376@gmail.com,560-460-5603x567,Alumni,2009,Low,Mendezhaven,FM,2024-02-08,70.35,Capital Campaign
G201951,CA101736,Kristi,Cameron,kristi.cameron448@yahoo.com,2767122283,Alumni,2009,Low,Phillipschester,OH,2026-08-17,63.19,Athletics
G201952,CA101288,Cynthia,Brock,cynthia.brock822@yahoo.com,644.743.5962,Faculty/Staff,,Low,Yoderland,HI,15-Jul-2025,48.51,Scholarship Fund
G201953,CA101079,Joseph,Cruz,joseph.cruz224@yahoo.com,6487933261,Friend,,High,Jasonton,NV,12/09/2025,3944.32,Unrestricted
G201954,CA100169,Kimberly,Oconnor,kimberly.oconnor689@hotmail.com,001-332-506-0385x05064,Alumni,2006,Low,South Travis,AR,"August 03, 2025",67.83,Athletics
G201955,CA100296,David,Johnson,david.johnson247@hotmail.com,+1-949-499-3933x051,Alumni,2008,Low,Josephstad,HI,2024-09-12,109.47,Annual Fund
G201956,CA100946,Amber,Stanton,amber.stanton435@gmail.com,9979461917,Parent,,Low,Weavershire,PW,28-Nov-2022,50.73,Annual Fund
G201957,CA100312,Michaela,Mckinney,michaela.mckinney386@yahoo.com,(517)335-7438x42150,Alumni,1969,Low,Hunterfort,MH,03/07/2023,76.26,Annual Fund
G201958,CA101175,Jamie,Todd,jamie.todd512@gmail.com,213.258.9693x353,Friend,,Low,Amychester,CO,2025-01-16,79.29,Annual Fund
G201959,CA101524,Robert,Ponce,robert.ponce399@gmail.com,+1-399-981-2743x92255,Friend,,High,Chadburgh,MD,2024-04-06,4819.1,Capital Campaign
G201960,CA100292,Sara,Smith,sara.smith409@gmail.com,245.676.2055x54384,Alumni,1972,High,Zamoratown,OH,13-Feb-2024,2336.74,Annual Fund
G201961,CA100190,Kent,Foster,kent.foster118@hotmail.com,4894899217,Alumni,2007,Low,Port James,AZ,2023-02-23,112.2,Unrestricted
G201962,CA100922,Heather,Wilson,heather.wilson96@gmail.com,(400)930-8356x69106,Alumni,1992,Low,West Shelbyborough,CT,2026-09-03,-48.44,Annual Fund
G201963,CA100928,David,Gallagher,david.gallagher473@gmail.com,+1-572-434-8389x3595,Parent,,Low,Port Loriport,GU,06/13/2025,32.76,Annual Fund
G201964,CA101653,Megan,Hernandez,megan.hernandez267@yahoo.com,,Friend,,Low,Andrewshire,ND,2025-02-25,22.17,Scholarship Fund
G201965,CA100967,Stephanie,Browning,stephanie.browning979_at_gmail.com,001-562-416-5914x3882,Friend,,Low,Denisebury,WY,2023-12-31,135.38,Scholarship Fund
G201966,CA100543,Diana,Flores,diana.flores677@yahoo.com,871.719.6421x522,Faculty/Staff,,High,Troyfort,UT,2025-06-10,1367.78,Unrestricted
G201967,CA100218,Aaron,Davis,aaron.davis698@hotmail.com,+1-948-783-7550x375,Alumni,2002,Low,Wilsonbury,AL,2025-12-11,120.79,Scholarship Fund
G201968,CA100615,Monique,Moore,monique.moore410@yahoo.com,289-338-9846,Faculty/Staff,,Medium,Gilesview,SD,2022-11-11,655.68,Unrestricted
G201969,CA100812,Daniel,Mason,daniel.mason585@gmail.com,819.804.8235x71558,Alumni,2005,Low,New Michael,MT,2022-08-24,44.47,Unrestricted
G201970,CA100833,Kelly,Wright,kelly.wright515@hotmail.com,+1-452-675-3674x9785,Alumni,2003,Low,West Davidfurt,GU,15-Sep-2022,120.89,Athletics
G201971,CA100595,Laura,Knight,,910-672-7284x9824,Friend,,Medium,Port Kennethmouth,AZ,2025-08-23,873.93,Endowment
G201972,CA101210,Ronald,Bell,ronald.bell23@gmail.com,5486507665,Alumni,2005,Low,Patrickton,FM,07/25/2022,69.27,Scholarship Fund
G201973,CA100109,Andrew,Edwards,andrew.edwards314@gmail.com,(836)789-7028x38578,Friend,,Low,South Rhonda,MA,2022-11-25,174.93,Scholarship Fund
G201974,CA100634,Kristie,Hall,kristie.hall649@gmail.com,+1-736-392-9445,Alumni,2024,High,South Robertberg,OK,2022-09-14,5433.7,Annual Fund
G201975,CA100905,Walter,Kramer,walter.kramer340@yahoo.com,(870)786-7009x0043,Alumni,2022,Low,Christopherhaven,KY,12/13/2025,83.97,Annual Fund
G201976,CA101659,Tyler,Martinez,tyler.martinez471@yahoo.com,(732)882-4630x61621,Organization,,Low,West David,VI,2024-01-24,39.83,Scholarship Fund
G201977,CA101359,Brandy,Flores,brandy.flores819@hotmail.com,8895458962,Alumni,1971,Low,Andreamouth,MT,2024-06-01,98.84,Scholarship Fund
G201978,CA100983,Natalie,Welch,natalie.welch401@gmail.com,840.930.1095,Parent,,Low,Richardsonport,RI,2022-07-03,65.13,Annual Fund
G201979,CA101199,Eric,Walker,eric.walker526@hotmail.com,(754)762-2021x23720,Alumni,2002,Low,East Kathleentown,AR,2024-06-12,101.15,Capital Campaign
G201980,CA101256,Kelsey,Garcia,kelsey.garcia497@hotmail.com,443-608-7797,Alumni,2015,Medium,Jacobsberg,MN,2025-01-16,351.89,Unrestricted
G201981,CA101422,Nathan,Armstrong,nathan.armstrong932@hotmail.com,001-408-842-9069x69045,Faculty/Staff,,Low,South Carlton,MS,2026-07-20,146.55,Scholarship Fund
G201982,CA101684,Renee,Nelson,renee.nelson309@yahoo.com,(627)257-9407,Alumni,1988,Low,East Michaela,NV,2026-03-16,68.49,Unrestricted
G201983,CA101663,Peter,Wilson,peter.wilson183@gmail.com,+1-781-868-7851,Friend,,Low,West Courtneyshire,MS,"June 06, 2026",75.51,Scholarship Fund
G201984,CA100254,Sarah,Andrews,sarah.andrews21@yahoo.com,(368)618-1845,Parent,,Low,Heatherfurt,OK,2024-12-18,172.92,
G201985,CA101312,Gary,Werner,gary.werner450@hotmail.com,,Organization,,Low,New Hollyland,ND,2026-07-08,151.15,Scholarship Fund
G201986,CA101661,Tamara,Johnson,tamara.johnson983@hotmail.com,2905101461,Alumni,2022,Medium,South Mariah,NC,"July 29, 2024",508.87,Capital Campaign
G201987,CA101213,Sarah,Logan,sarah.logan426@gmail.com,(641)697-6878,Friend,,Low,Mcdonaldland,TN,2024-02-27,96.98,Endowment
G201988,CA100010,Carlos,Johnson,carlos.johnson702@yahoo.com,983-547-3829,Alumni,1998,Medium,Aguirreborough,CT,2023-11-26,641.8,Capital Campaign
G201989,CA101483,Dorothy,Burke,dorothy.burke306@gmail.com,(223)836-9318,Friend,,Low,North Alexander,NM,2025-10-07,95.41,Athletics
G201990,CA101745,Eric,Burton,eric.burton825@yahoo.com,,Alumni,1995,Principal,West Steven,NV,2023-06-21,49204.75,
G201991,CA101605,Michelle,Trujillo,michelle.trujillo816@gmail.com,897-789-2594,Alumni,,High,Stuartview,MS,2024-04-30,6652.54,Capital Campaign
G201992,CA100394,Erik,Taylor,erik.taylor448@yahoo.com,882-707-0015x941,Friend,,Low,South Sherryberg,IA,2026-09-07,115.58,Unrestricted
G201993,CA101751,Jennifer,Morales,jennifer.morales396@gmail.com,(520)877-1074x043,Alumni,2009,High,Jessicafurt,NV,2023-07-31,5378.99,Athletics
G201994,CA101173,David,Foster,david.foster505@hotmail.com,001-611-493-9103x8297,Alumni,2015,Low,Michaelbury,VA,06/21/2026,141.57,Capital Campaign
G201995,CA100446,Paula,Warner,paula.warner587@yahoo.com,+1-711-880-7156,Alumni,1974,Medium,Port Katrina,UT,"March 13, 2023",222.27,Capital Campaign
G201996,CA100845,George,Nelson,george.nelson748@gmail.com,680.962.2072x23959,Alumni,2012,Low,South Gregory,DE,2024-10-19,92.77,Annual Fund
G201997,CA101683,Larry,JOHNSON,larry.johnson941@yahoo.com,(209)540-6714x87831,Parent,,Low,West Lisastad,WV,01/10/2026,63.36,Endowment
G201998,CA100388,Benjamin,Barrett,benjamin.barrett541@yahoo.com,001-886-840-7905,Faculty/Staff,,Low,Ashleyfort,CT,2024-12-10,65.67,Capital Campaign
G201999,CA101281,Linda,Ford,linda.ford86@yahoo.com,001-508-564-9426x9420,Parent,,Low,Lake Kelliemouth,ME,2024-12-06,99.54,Scholarship Fund
G202000,CA101364,Alexander,Tucker,alexander.tucker881@gmail.com,001-412-331-5550x5705,Friend,,Low,Williamsonbury,NC,2023-07-03,37.88,Scholarship Fund
G202001,CA101300,Thomas,Diaz,thomas.diaz180_at_hotmail.com,7799661869,Parent,,Medium,Port Kathy,PW,2023-11-05,674.05,Athletics
G202002,CA100657,Leah,Crane,leah.crane795@yahoo.com,494.477.3522x87056,Alumni,2002,Low,Jonestown,ME,"July 14, 2023",128.41,Capital Campaign
G202003,CA101400,Robert,Mayo,robert.mayo811@gmail.com,,Alumni,1991,Medium,Flemingside,IN,2026-09-07,440.03,Endowment
G202004,CA100231,Gina,Johnson,gina.johnson679@hotmail.com,901-810-2481x93466,Friend,,Low,Stewartfurt,TX,2024-04-17,53.17,Capital Campaign
G202005,CA101438,Paula,Barnes,paula.barnes126@gmail.com,8923815780,Friend,,Medium,East Davidland,TX,10/23/2022,249.13,Capital Campaign
G202006,CA100986,Jerry,Cole,jerry.cole411_at_yahoo.com,001-417-226-8080x81571,Alumni,2009,Low,West Janetmouth,CO,2024-06-29,130.4,Endowment
G202007,CA100545,Robert,Crawford,robert.crawford492@hotmail.com,788.236.1968x9313,Alumni,1989,High,Port Andre,OH,2026-07-23,2853.97,Capital Campaign
G202008,CA100389,Hannah,Harris,hannahharris947@yahoocom,252.694.5637x18344,Alumni,2002,Low,Ballardland,VT,2022-07-14,72.62,Athletics
G202009,CA101162,Christopher,Cobb,christopher.cobb792@hotmail.com,438.392.6087,Parent,,Low,Laurafort,ND,2025-01-18,186.48,Unrestricted
G202010,CA101001,Amy,Le,amy.le379@hotmail.com,,Alumni,1993,Low,Johnsonmouth,NY,2025-08-29,140.08,Scholarship Fund
G202011,CA101397,Joshua,Clark,joshua.clark243@gmail.com,,Alumni,1993,Low,West Raymondborough,OR,2025-06-15,186.87,Athletics
G202012,CA101767,Michelle,Faulkner,michelle.faulkner809@gmail.com,(302)827-4330x3727,Faculty/Staff,,Medium,West Kenneth,VI,"August 11, 2025",372.74,Scholarship Fund
G202013,CA100029,Chris,Mitchell,chris.mitchell195@yahoo.com,958-812-2362x31665,Alumni,1991,Principal,East Marissafurt,MH,2022-09-04,39835.44,Unrestricted
G202014,CA100340,Sean,Mosley,sean.mosley561@gmail.com,+1-800-864-2569x0877,Faculty/Staff,,Low,New Jeremiahfurt,UT,2023-06-16,99.77,Annual Fund
G202015,CA101068,Brian,Espinoza,brian.espinoza855@hotmail.com,577.475.6919,Alumni,2012,Medium,Lake Andrewburgh,PA,14-Oct-2023,414.8,Athletics
G202016,CA100714,Jonathan,Adkins,jonathan.adkins932@gmail.com,,Friend,,Low,North Dawn,NE,2025-07-20,86.09,Endowment
G202017,CA100328,Jessica,Fox,jessica.fox537@yahoo.com,281.789.1371x894,Alumni,2006,Low,South Shawnfort,OK,2023-09-02,87.51,Athletics
G202018,CA101496,Cody,Bridges,cody.bridges502@gmail.com,+1-357-956-2641x26084,Alumni,2011,High,Mooreshire,RI,"August 09, 2022",2185.1,Athletics
G202019,CA100235,James,Carpenter,jamescarpenter159@yahoocom,(623)414-9135x775,Alumni,2014,Medium,Lindseychester,GA,24-Jun-2026,596.78,Capital Campaign
G202020,CA100097,Robert,Ortiz,robert.ortiz309@hotmail.com,425-417-7852,Parent,,Low,Shawton,MP,2023-04-02,43.89,Athletics
G202021,CA101083,Crystal,Howard,crystal.howard122@gmail.com,481.405.5800x027,Alumni,2011,High,West Jacobmouth,TN,2024-01-08,995.43,Endowment
G202022,CA100677,David,Hines,david.hines89@gmail.com,(454)569-6815x7903,Alumni,1991,Low,Michaelhaven,GU,2025-09-16,167.06,Unrestricted
G202023,CA101784,Hannah,Anderson,hannah.anderson785@hotmail.com,(420)378-8216x511,Alumni,2002,Principal,Marilynstad,NM,2024-11-20,29970.5,Unrestricted
G202024,CA100018,William,King,william.king740@gmail.com,964-800-5242,Alumni,,Low,North Charlesberg,ND,2022-08-08,67.21,Capital Campaign
G202025,CA100008,Tricia,Roman,tricia.roman380@gmail.com,4399117182,Parent,,Low,West Allison,PA,2026-08-13,37.04,Annual Fund
G202026,CA100194,Joseph,Watson,joseph.watson134@yahoo.com,344-571-3247x5469,Parent,,Medium,Lewischester,WA,2024-10-23,397.43,Scholarship Fund
G202027,CA100605,Lori,Sandoval,lori.sandoval718@gmail.com,383.977.4419x75466,Alumni,2003,Low,Liberg,AK,2022-08-07,52.43,Capital Campaign
G202028,CA100851,Kyle,Hunter,kyle.hunter469@gmail.com,728-240-0838,Parent,,Low,Powellmouth,MI,05/09/2024,60.93,Endowment
G202029,CA101353,Jeremy,Elliott,jeremy.elliott975@yahoo.com,+1-877-648-6759x51418,Friend,,Low,East Adam,NC,2025-04-26,157.94,Scholarship Fund
G202030,CA101302,Jonathan,Page,jonathan.page994@yahoo.com,213.979.5610,Friend,,Medium,Simpsonburgh,CA,2022-10-26,295.88,Endowment
G202031,CA100357,Laura,French,laura.french839@gmail.com,+1-750-785-0165x790,Alumni,2001,Medium,Lake Angelica,CA,2023-02-04,632.15,Athletics
G202032,CA100654,Matthew,Hernandez,matthew.hernandez391@yahoo.com,001-599-760-4387x875,Alumni,1996,High,Fletcherhaven,OH,2024-12-29,3022.73,Unrestricted
G202033,CA100452,Susan,Wall,susan.wall868@yahoo.com,731.399.7179x11006,Parent,,Medium,North Samantha,NV,2022-08-08,185.94,Annual Fund
G202034,CA101643,Richard,Dawson,richard.dawson431@yahoo.com,280.629.9034,Alumni,2021,Low,West Thomas,VI,2023-02-27,92.01,Capital Campaign
G202035,CA101727,Randy,SANCHEZ,randy.sanchez499@hotmail.com,,Friend,,Low,Lake Adambury,NM,2026-08-05,55.82,Scholarship Fund
G202036,CA100722,Cameron,BAUTISTA,cameron.bautista8@hotmail.com,231-467-0450x2329,Parent,,Low,East Heather,WV,09-Nov-2025,99.27,Annual Fund
G202037,CA100919,Kelsey,Mitchell,kelsey.mitchell483@hotmail.com,,Friend,,Medium,Jeremiahfurt,NC,02/12/2025,151.89,Scholarship Fund
G202038,CA101570,Susan,Guerrero,susan.guerrero733@yahoo.com,+1-359-472-4387,Alumni,1996,Low,Christophermouth,HI,06/21/2025,157.1,Annual Fund
G202039,CA100713,Kathryn,GREEN,kathryn.green236@hotmail.com,702-715-5732x5737,Faculty/Staff,,Low,Lake Teresa,KS,2026-06-22,26.5,Capital Campaign
G202040,CA100400,Maria,Hines,mariahines136@hotmailcom,+1-765-477-2429x54316,Parent,,Medium,Waltershire,IN,2023-03-24,266.91,Endowment
G202041,CA101264,Dennis,Ross,dennis.ross142@yahoo.com,309-256-3217x40039,Parent,,Medium,New Jeffreystad,WV,2023-11-17,355.62,Unrestricted
G202042,CA101182,Kaitlyn,Chavez,kaitlyn.chavez913@yahoo.com,,Alumni,2004,Medium,South Josephborough,AK,2022-10-08,752.02,Scholarship Fund
G202043,CA101532,James,Ryan,james.ryan228@hotmail.com,337-205-4245,Alumni,1996,Low,South Michelle,TN,2023-04-25,96.85,Endowment
G202044,CA101762,Brandy,Walls,brandy.walls751@gmail.com,284.672.1461x7275,Alumni,1974,Medium,Laurenburgh,NE,2025-07-23,490.67,Athletics
G202045,CA100957,Lisa,Pacheco,lisa.pacheco259@yahoo.com,,Parent,,Medium,Brownmouth,VI,2025-09-07,350.21,Annual Fund
G202046,CA100582,Holly,Buckley,holly.buckley586@hotmail.com,912.952.9671x883,Alumni,2021,Low,Marcfort,IN,2025-02-02,108.56,Endowment
G202047,CA100634,Kristie,Hall,kristie.hall649@gmail.com,+1-736-392-9445,Alumni,2024,High,South Robertberg,OK,03-Oct-2024,500.47,Scholarship Fund
G202048,CA101311,James,Young,james.young342@hotmail.com,(923)203-9744x08806,Friend,,Medium,Riddleton,PA,01-Mar-2024,617.14,Athletics
G202049,CA100800,Brittany,Clark,brittany.clark634@hotmail.com,,Alumni,2015,Medium,Smithland,OR,2025-05-21,276.95,Unrestricted
G202050,CA101304,James,Dennis,james.dennis865@yahoo.com,847-448-9047x6078,Alumni,1987,Low,West Valerie,FM,2025-11-23,136.72,Unrestricted
G202051,CA101751,Jennifer,Morales,jennifer.morales396@gmail.com,(520)877-1074x043,Alumni,2009,High,Jessicafurt,NV,2026-04-07,1895.3,Capital Campaign
G202052,CA100147,Carlos,Williams,carlos.williams420@hotmail.com,405-712-3828,Alumni,2006,Low,Mullenbury,AS,2023-09-20,72.23,Endowment
G202053,CA101420,  Tina ,Hansen,tina.hansen679@hotmail.com,9376891213,Parent,,Low,Port Jennifer,PA,2025-02-09,104.03,Capital Campaign
G202054,CA101304,James,Dennis,james.dennis865@yahoo.com,847-448-9047x6078,Alumni,1987,Low,West Valerie,FM,2026-01-03,141.39,Unrestricted
G202055,CA100320,Erik,Olson,erik.olson52@gmail.com,,Alumni,1994,Low,Jaredshire,NE,2024-04-19,61.84,Scholarship Fund
G202056,CA101203,Billy,Johnson,billy.johnson830@hotmail.com,001-984-333-6113,Alumni,2010,High,New Nicolemouth,CO,"April 27, 2026",3441.13,Endowment
G202057,CA100283,Susan,Smith,susan.smith157@gmail.com,490-382-4043x3504,Alumni,2020,Medium,South Michaelberg,KS,04/03/2024,351.62,Endowment
G202058,CA101276,Blake,Gibson,blake.gibson102@hotmail.com,(604)835-6605x0337,Faculty/Staff,,High,East Anthony,NJ,2023-07-21,2750.08,Scholarship Fund
G202059,CA100153,Jill,Valdez,jill.valdez150@gmail.com,807-445-1713x3959,Friend,,High,Port Jamie,IL,2022-09-07,896.07,Endowment
G202060,CA101423,Martin,Stevens,martin.stevens675@gmail.com,545.870.1652x761,Alumni,2011,Low,West Brianaside,AR,2023-12-26,69.08,Athletics
G202061,CA101636,  Rachel ,Barker,rachel.barker696@gmail.com,,Parent,,Low,Nicholstown,NE,2025-08-28,60.51,Endowment
G202062,CA100302,Stephanie,Gray,stephanie.gray412@yahoo.com,8256922220,Parent,,Low,Jessicamouth,LA,2024-11-04,83.78,Capital Campaign
G202063,CA100315,Susan,Castro,susan.castro305@gmail.com,585.485.4249,Faculty/Staff,,Low,West Christinamouth,ND,2026-02-19,64.46,Endowment
G202064,CA100606,Justin,Wilson,justin.wilson121@yahoo.com,9949097052,Parent,,Medium,Albertburgh,MI,2026-04-05,243.7,Athletics
G202065,CA100696,Jennifer,Lawson,jennifer.lawson144@hotmail.com,001-807-370-4605x687,Parent,,Medium,East Melanieshire,WV,2023-09-08,440.3,
G202066,CA101573,Paul,Sims,paul.sims309@yahoo.com,(523)388-7888x76569,Alumni,2016,Low,South Donna,AR,2023-09-17,106.56,Scholarship Fund
G202067,CA100392,Edward,Jennings,edward.jennings919@yahoo.com,(365)413-6442x49363,Faculty/Staff,,Principal,North John,GU,2024-10-19,47243.7,Unrestricted
G202068,CA100500,Mercedes,Stein,mercedes.stein268@hotmail.com,(949)432-8980x2714,Alumni,1977,Medium,Friedmanfort,TN,2023-04-18,342.16,Capital Campaign
G202069,CA100376,Julie,Ramirez,julie.ramirez939@hotmail.com,(552)589-3891x190,Parent,,Low,Georgeside,AL,2026-04-16,45.8,Annual Fund
G202070,CA100884,David,Lopez,david.lopez623@hotmail.com,001-813-420-3301,Alumni,2004,Medium,West Susan,OK,"July 17, 2026",2336.28,Athletics
G202071,CA100114,Justin,Hays,,772.687.4315x27420,Friend,,Low,East Cheryl,SC,2025-11-09,52.15,Scholarship Fund
G202072,CA101491,Robert,Rogers,robert.rogers578@yahoo.com,350-620-4502,Alumni,1998,Low,West Jeremy,CA,17-Oct-2025,172.52,Annual Fund
G202073,CA100773,Michael,Manning,michael.manning954@gmail.com,415-495-9775x2441,Alumni,1999,High,South David,PW,21-May-2024,7120.03,Capital Campaign
G202074,CA100855,Taylor,Zavala,taylor.zavala156@hotmail.com,711.475.9574x9885,Alumni,2002,Low,Lindabury,IN,2026-02-26,139.73,Endowment
G202075,CA100110,Amy,Lowe,amy.lowe549@hotmail.com,+1-749-973-3484x34437,Parent,,Medium,Annview,LA,2026-08-14,244.65,Capital Campaign
G202076,CA100297,Melissa,Henry,melissa.henry904@gmail.com,,Faculty/Staff,,Medium,East Jeremy,MT,"September 08, 2026",143.49,Annual Fund
G202077,CA101181,Tyler,Green,tyler.green358@hotmail.com,+1-709-722-8849x874,Alumni,1995,Low,Port Jasminemouth,ND,06/11/2026,143.34,Unrestricted
G202078,CA100554,Melissa,Jordan,melissa.jordan776@hotmail.com,001-363-939-9129x71024,Friend,,Low,South Leeport,GA,2026-05-19,89.32,Endowment
G202079,CA100543,Diana,Flores,diana.flores677@yahoo.com,871.719.6421x522,Faculty/Staff,,High,Troyfort,UT,2024-06-01,2353.79,Capital Campaign
G202080,CA101423,Martin,Stevens,martin.stevens675@gmail.com,545.870.1652x761,Alumni,2011,Low,West Brianaside,AR,2023-12-17,58.94,Annual Fund
G202081,CA100558,Kayla,Gonzalez,kayla.gonzalez425@yahoo.com,955-297-3714,Alumni,2003,Medium,South Dustin,IL,2022-10-17,342.17,Annual Fund
G202082,CA101024,Beth,Anderson,beth.anderson404@yahoo.com,847-624-6301,Alumni,2004,High,West David,IL,2022-11-03,1635.26,Scholarship Fund
G202083,CA100821,Megan,Perez,megan.perez956@yahoo.com,001-811-222-2990x775,Parent,,High,Cynthiaville,MT,2024-08-12,3796.37,Capital Campaign
G202084,CA101772,Kaitlyn,Gardner,kaitlyn.gardner802@gmail.com,,Alumni,2019,Principal,Duffymouth,HI,2022-09-07,35302.47,Endowment
G202085,CA100021,Robert,White,robert.white852@yahoo.com,(534)221-6073x37543,Alumni,1981,Principal,South Mark,VI,2026-02-03,56229.46,Athletics
G202086,CA101182,Kaitlyn,Chavez,kaitlyn.chavez913@yahoo.com,,Alumni,2004,Medium,South Josephborough,AK,2025-10-06,1049.49,Annual Fund
G202087,CA100537,Lindsey,Mullins,lindsey.mullins505@gmail.com,536.952.7172x722,Alumni,1976,Low,Lake Julian,ME,2024-08-03,33.22,Athletics
G202088,CA100036,Nicole,Sanchez,nicole.sanchez678@yahoo.com,001-596-750-7527,Alumni,1994,Medium,Matthewview,OH,2025-08-13,137.11,
G202089,CA101438,Paula,Barnes,paula.barnes126@gmail.com,8923815780,Friend,,Medium,East Davidland,TX,2023-01-27,425.74,Annual Fund
G202090,CA101483,Dorothy,Burke,dorothy.burke306@gmail.com,(223)836-9318,Friend,,Low,North Alexander,NM,2024-02-04,186.52,Capital Campaign
G202091,CA101499,Angela,Bernard,,451.442.0259x36450,Parent,,Principal,North John,DC,17-Feb-2026,31989.36,Capital Campaign
G202092,CA100137,Christian,Mcgee,christian.mcgee473@yahoo.com,8167315999,Alumni,1971,Medium,Lake Joshuamouth,NM,2025-08-11,488.43,Annual Fund
G202093,CA100098,David,Hernandez,david.hernandez802_at_gmail.com,,Organization,,Low,West Sarah,IN,2023-05-31,36.59,Endowment
G202094,CA100359,Alisha,Martinez,alisha.martinez696@hotmail.com,+1-384-379-5137,Alumni,1994,Low,Hurstport,CA,2024-07-16,133.51,Unrestricted
G202095,CA101381,Jessica,Dominguez,jessica.dominguez760@yahoo.com,+1-974-793-2511x49788,Alumni,2015,Low,North Dennis,UT,2026-01-31,147.18,Unrestricted
G202096,CA101532,James,Ryan,james.ryan228@hotmail.com,337-205-4245,Alumni,1996,Low,South Michelle,TN,2024-08-24,37.41,Endowment
G202097,CA101370,Andrea,Sims,andrea.sims468@yahoo.com,+1-639-866-0734,Alumni,2011,Low,Fletcherfurt,HI,2024-02-03,103.02,Endowment
G202098,CA101624,Arthur,Saunders,arthur.saunders809@yahoo.com,877.595.7039x962,Parent,,Low,Mcdonaldburgh,FM,2025-12-06,54.88,Capital Campaign
G202099,CA100809,Anna,Vincent,anna.vincent991@hotmail.com,001-473-704-5195x778,Parent,,Low,Jessicaside,FL,2025-01-02,222.87,Annual Fund
G202100,CA101571,Rachel,Shepherd,rachelshepherd366@yahoocom,+1-680-228-6060x48022,Alumni,2017,Low,Loganport,FM,2025-01-23,66.27,Endowment
G202101,CA100610,Lindsey,Oconnor,lindseyoconnor524@gmailcom,226-361-0941,Faculty/Staff,,Low,Hinestown,HI,15-Jan-2024,105.9,Unrestricted
G202102,CA101678,Kevin,Smith,kevin.smith827@gmail.com,982-348-8631x373,Alumni,1995,High,Michaelbury,CA,08/13/2026,6111.89,Athletics
G202103,CA100054,Elizabeth,Nolan,elizabeth.nolan417@yahoo.com,882-917-5946x4743,Friend,,Medium,East Patrickstad,OK,2023-07-10,472.59,Scholarship Fund
G202104,CA101508,Michael,Young,michael.young678@gmail.com,001-383-916-8163x60389,Faculty/Staff,,Principal,Lake Omar,AL,2026-05-17,41713.47,Endowment
G202105,CA101764,Joe,Smith,joe.smith75@hotmail.com,,Parent,,Low,Lake Shari,UT,2024-11-15,40.84,Unrestricted
G202106,CA100658,Jacqueline,Gonzalez,jacqueline.gonzalez77@gmail.com,+1-375-710-9792,Friend,,Low,West Courtney,ID,2024-07-01,142.0,Capital Campaign
G202107,CA100107,Francisco,Ewing,francisco.ewing250@hotmail.com,395-888-8794x7055,Alumni,2011,Low,Lauratown,PA,2026-02-22,148.52,
G202108,CA100302,Stephanie,Gray,stephanie.gray412@yahoo.com,8256922220,Parent,,Low,Jessicamouth,LA,"December 13, 2025",113.42,Capital Campaign
G202109,CA100685,Benjamin,Lynch,benjamin.lynch499@hotmail.com,+1-816-381-5466x0241,Alumni,2018,High,New Jose,ME,2025-09-19,5432.31,Capital Campaign
G202110,CA100208,Samantha,POWELL,samantha.powell783@gmail.com,223.809.8215,Faculty/Staff,,Low,Kelseyton,PA,2024-01-29,111.94,Endowment
G202111,CA100573,  April ,Hodges,april.hodges991@gmail.com,(513)305-2312x447,Faculty/Staff,,Low,Jeanport,NH,2025-10-08,83.57,Capital Campaign
G202112,CA101121,Brian,Olsen,brian.olsen587@hotmail.com,(648)271-7754x61992,Faculty/Staff,,Low,Wardside,IN,2025-04-18,47.9,Annual Fund
G202113,CA100295,Kevin,Reese,kevin.reese528@hotmail.com,,Alumni,1992,Low,Edwinborough,CT,2024-11-23,247.73,Unrestricted
G202114,CA101207,Vincent,JONES,,001-952-273-5364x235,Alumni,1990,Principal,West Christopherville,WI,2025-05-16,89644.76,Capital Campaign
G202115,CA100482,Anna,Lopez,anna.lopez530@gmail.com,+1-466-213-3155,Friend,,Low,Valdeztown,MS,2023-04-05,72.56,Unrestricted
G202116,CA100851,Kyle,Hunter,kyle.hunter469@gmail.com,728-240-0838,Parent,,Low,Powellmouth,MI,2022-11-09,74.95,Unrestricted
G202117,CA100510,Zoe,Park,zoe.park927@yahoo.com,001-821-951-8260,Alumni,2006,Low,New Maryside,VT,"January 22, 2024",91.29,Unrestricted
G202118,CA101237,Adam,Kramer,adamkramer72@hotmailcom,792.573.9615x97640,Alumni,1995,High,Robertton,WA,2024-10-11,992.32,Annual Fund
G202119,CA101645,Tanya,Whitaker,tanya.whitaker8@gmail.com,(649)220-3693x091,Alumni,1995,Low,Lake Martinmouth,IA,2023-11-04,67.69,Annual Fund
G202120,CA100057,Tammy,Phillips,tammy.phillips482@yahoo.com,871-223-6851,Alumni,2008,Low,Amandamouth,MN,31-Aug-2022,110.27,Scholarship Fund
G202121,CA101447,Kevin,Melton,kevin.melton925@hotmail.com,(902)923-4778x045,Alumni,2015,Medium,West Darren,NC,2023-11-21,142.05,Capital Campaign
G202122,CA101332,Barbara,King,barbara.king269@gmail.com,469-533-2844,Friend,,Low,Troyland,PA,2024-02-03,47.8,Athletics
G202123,CA101637,Brandon,Miller,brandon.miller889@yahoo.com,979-223-2671x48581,Alumni,1984,Low,West Bradleyville,OK,"July 18, 2025",121.78,Capital Campaign
G202124,CA100999,Rebecca,Hernandez,rebecca.hernandez412@hotmail.com,001-869-370-4095x31419,Parent,,Medium,Ronaldfort,MH,2024-10-30,493.57,Endowment
G202125,CA101764,Joe,Smith,joe.smith75@hotmail.com,,Parent,,Low,Lake Shari,UT,06/24/2024,91.72,Endowment
G202126,CA100058,Emily,Chambers,emily.chambers25@hotmail.com,,Alumni,1991,Low,Carsonstad,CT,2023-06-16,108.64,Unrestricted
G202127,CA101196,Bonnie,Skinner,bonnie.skinner508@gmail.com,(586)949-8647x86862,Alumni,1996,Medium,Kiddtown,NY,2026-07-03,982.28,Athletics
G202128,CA100320,Erik,Olson,erik.olson52@gmail.com,,Alumni,1994,Low,Jaredshire,NE,2023-05-12,193.07,Annual Fund
G202129,CA100343,Kyle,Ferguson,kyle.ferguson426@yahoo.com,9054050613,Parent,,Low,North Benjamin,FL,28-Jan-2025,161.89,Endowment
G202130,CA101527,John,Jacobson,john.jacobson747@yahoo.com,+1-968-459-0964x598,Alumni,2007,High,Robinton,OH,2024-12-23,11962.87,Endowment
G202131,CA100875,Marco,Wood,marco.wood530@gmail.com,,Alumni,2000,Medium,South Jacobshire,MI,02/02/2025,573.26,Annual Fund
G202132,CA101035,Jackson,Jones,jackson.jones595@hotmail.com,+1-982-741-9962x64222,Faculty/Staff,,Low,South Brianview,VA,2022-12-11,122.74,Annual Fund
G202133,CA100466,Shannon,Reynolds,shannon.reynolds942@yahoo.com,,Alumni,2014,Low,Stewartfurt,AK,2026-01-24,131.43,Capital Campaign
G202134,CA100355,Lauren,Nicholson,lauren.nicholson251@yahoo.com,931.680.6325x4310,Friend,,Medium,Lake Stephen,OK,2025-01-13,163.34,Endowment
G202135,CA100677,David,Hines,david.hines89@gmail.com,(454)569-6815x7903,Alumni,1991,Low,Michaelhaven,GU,"February 17, 2025",53.27,Scholarship Fund
G202136,CA101302,Jonathan,Page,jonathan.page994@yahoo.com,213.979.5610,Friend,,Medium,Simpsonburgh,CA,"January 03, 2025",492.45,Annual Fund
G202137,CA100521,Jeffrey,Jones,jeffrey.jones715@gmail.com,650.967.6251x53814,Alumni,2000,Principal,Josephtown,WA,2024-10-18,17584.58,Endowment
G202138,CA101185,Jacob,Anderson,jacob.anderson332@gmail.com,(942)904-1231x905,Parent,,High,North Joseph,KY,2025-08-16,2259.27,Annual Fund
G202139,CA101305,Adam,Hood,adam.hood371@yahoo.com,,Parent,,Low,Charlesland,WY,2025-01-28,126.64,Capital Campaign
G202140,CA100703,  John ,Scott,john.scott494@hotmail.com,(633)372-0948,Friend,,Principal,Lake Mariah,CA,24-Dec-2023,87770.87,Capital Campaign
G202141,CA100383,Charles,Walton,charles.walton635@yahoo.com,234.877.8485x880,Faculty/Staff,,Low,South Shannonfurt,NV,2026-05-13,145.82,Unrestricted
G202142,CA100952,  Ann ,Myers,ann.myers352@yahoo.com,7789468509,Friend,,High,Mallorybury,AL,2024-11-13,7278.97,Scholarship Fund
G202143,CA100640,Mary,Fischer,mary.fischer933@gmail.com,+1-808-983-0705x349,Friend,,Medium,Port Shawn,PW,2023-05-23,497.21,Annual Fund
G202144,CA101136,Chelsea,Davila,chelsea.davila280@yahoo.com,001-281-528-3180,Faculty/Staff,,Medium,Hendersontown,WA,07/11/2026,456.11,Scholarship Fund
G202145,CA100240,Rebecca,Ward,rebecca.ward829@yahoo.com,800.851.8449x892,Parent,,Low,Brianaland,NC,2025-07-19,89.32,Athletics
G202146,CA100656,Nicole,Simpson,nicole.simpson231@hotmail.com,772.486.6041x64485,Alumni,1986,Low,West Alexandra,IL,2022-09-17,189.12,Annual Fund
G202147,CA100447,Tonya,Martinez,tonya.martinez805@yahoo.com,670.530.4531,Alumni,2018,Low,South Tammy,AZ,2024-04-28,63.47,Annual Fund
G202148,CA101005,Tina,Williams,tina.williams179@yahoo.com,388-316-5025x44724,Alumni,2006,Low,Stewartton,VI,2025-11-27,52.44,Unrestricted
G202149,CA101190,Michael,Ortiz,michael.ortiz989@hotmail.com,001-200-357-7950,Alumni,2008,Medium,Sanchezmouth,AS,2024-05-28,515.56,Unrestricted
G202150,CA100052,Casey,Welch,casey.welch921@yahoo.com,216.711.7240,Alumni,2016,Low,West Michaelchester,FL,2026-05-10,147.87,Scholarship Fund
G202151,CA100907,Jessica,Tran,jessica.tran770@gmail.com,+1-270-463-3699x8795,Alumni,2000,Low,North Bruce,AS,2024-02-07,45.61,Unrestricted
G202152,CA100328,Jessica,Fox,jessica.fox537@yahoo.com,281.789.1371x894,Alumni,2006,Low,South Shawnfort,OK,2024-07-21,108.55,Annual Fund
G202153,CA101584,Thomas,Fowler,thomas.fowler302@gmail.com,822-284-8349x276,Parent,,Low,Ryanton,CO,"November 30, 2022",265.33,Athletics
G202154,CA101288,Cynthia,Brock,cynthia.brock822@yahoo.com,644.743.5962,Faculty/Staff,,Low,Yoderland,HI,08/05/2024,109.76,Endowment
G202155,CA101646,Daniel,Page,daniel.page925@yahoo.com,(226)241-4756,Alumni,1998,High,New Josephbury,IL,2025-02-24,552.44,Unrestricted
G202156,CA100052,Casey,Welch,casey.welch921@yahoo.com,216.711.7240,Alumni,2016,Low,West Michaelchester,FL,2022-10-25,94.54,Endowment
G202157,CA100352,Paul,Taylor,paul.taylor355@hotmail.com,654.435.2090,Organization,,Low,Port Stevenchester,GA,2024-02-03,111.17,
G202158,CA101193,Kirk,Russell,kirk.russell377@gmail.com,244.422.5216,Alumni,2009,Low,Herbertshire,KY,08-Feb-2026,29.02,Annual Fund
G202159,CA101632,Laurie,Shaffer,laurie.shaffer957@hotmail.com,(262)591-7964x416,Parent,,High,Port Ian,OH,2024-07-10,12926.65,Endowment
G202160,CA100649,  Walter ,Moody,walter.moody868@gmail.com,(844)803-3041,Alumni,1988,High,Port Joy,KY,2025-03-06,3314.81,Athletics
G202161,CA101342,Deborah,Brown,deborah.brown712@hotmail.com,+1-641-768-0613,Parent,,High,Torresshire,PA,2022-07-17,2051.38,Unrestricted
G202162,CA100233,Eric,Robinson,eric.robinson935@hotmail.com,(884)324-5088x2100,Parent,,Medium,Jasonstad,IL,2023-10-21,260.61,Unrestricted
G202163,CA100413,Alison,Holland,alison.holland143@gmail.com,276-317-4224x3864,Parent,,Medium,New Danielchester,MT,2026-05-18,114.13,Capital Campaign
G202164,CA100380,Brooke,Ewing,,,Organization,,Medium,Port Roger,NM,2023-02-24,399.68,Scholarship Fund
G202165,CA101449,Eric,Brown,eric.brown709@hotmail.com,001-545-416-7670x636,Alumni,1994,Medium,Gonzalezville,CA,05-Jan-2023,289.26,Athletics
G202166,CA101076,Michelle,Osborne,michelle.osborne894@yahoo.com,001-594-875-7694x535,Friend,,High,Anneview,MO,16-Aug-2024,3343.09,Athletics
G202167,CA100239,Gabrielle,Todd,gabrielle.todd771@gmail.com,322.699.2750x373,Alumni,1976,Medium,Jimborough,NC,21-Oct-2025,586.59,Scholarship Fund
G202168,CA100657,Leah,Crane,leah.crane795@yahoo.com,494.477.3522x87056,Alumni,2002,Low,Jonestown,ME,2023-08-28,72.95,Scholarship Fund
G202169,CA101766,Kristin,Mendoza,kristin.mendoza293@gmail.com,(256)811-5686x22307,Alumni,2013,Medium,Christinahaven,AK,"June 27, 2026",520.04,Annual Fund
G202170,CA101757,Brian,Blanchard,brian.blanchard946@yahoo.com,862.540.5744x50999,Friend,,Low,West Nathaniel,IA,2023-01-05,138.45,Unrestricted
G202171,CA100073,Julie,Thompson,julie.thompson590@yahoo.com,+1-238-985-1606,Alumni,2006,Medium,Port Lawrencechester,OK,2026-07-19,101.2,Scholarship Fund
G202172,CA100509,Cynthia,Wallace,cynthia.wallace940@gmail.com,911-617-8309,Faculty/Staff,,Low,Port Brittanyfurt,NJ,2024-11-27,34.08,Capital Campaign
G202173,CA100972,Natalie,Contreras,natalie.contreras291@yahoo.com,,Alumni,2006,Low,East Dana,MO,2025-04-11,128.19,Endowment
G202174,CA101337,Sara,Wilkinson,sara.wilkinson652@yahoo.com,(600)836-3856,Alumni,2009,Medium,West Ashleyview,MD,"September 06, 2026",382.14,Capital Campaign
G202175,CA101018,Mark,King,mark.king429@yahoo.com,4065445475,Alumni,2017,Low,North Donaldborough,FL,2026-02-25,199.27,Endowment
G202176,CA100646,Jason,Rosales,jason.rosales136@yahoo.com,8856456676,Alumni,1996,High,West Toddbury,MA,2022-09-02,8502.48,Unrestricted
G202177,CA100421,Briana,Cohen,briana.cohen26@hotmail.com,,Faculty/Staff,,Medium,Andersonport,VA,2022-07-28,190.04,Unrestricted
G202178,CA100812,Daniel,Mason,daniel.mason585@gmail.com,819.804.8235x71558,Alumni,2005,Low,New Michael,MT,2023-04-07,72.03,Scholarship Fund
G202179,CA100059,Emily,Ruiz,emily.ruiz792@hotmail.com,+1-459-231-7461,Parent,,Medium,West Wendyville,CT,2022-07-19,392.55,Unrestricted
G202180,CA100561,Kristen,Sheppard,kristen.sheppard634@yahoo.com,(796)208-9319x925,Alumni,2015,Low,South Sarah,NM,2023-07-09,121.96,Scholarship Fund
G202181,CA100831,Keith,Palmer,keith.palmer427@yahoo.com,539-435-4358x64496,Alumni,2009,Principal,Jamesstad,VT,2024-02-05,22501.03,Unrestricted
G202182,CA101276,Blake,Gibson,blake.gibson102@hotmail.com,(604)835-6605x0337,Faculty/Staff,,High,East Anthony,NJ,10-Nov-2025,5134.18,Unrestricted
G202183,CA101742,Aaron,Rogers,aaron.rogers494@gmail.com,912.626.0082x2837,Alumni,2018,Medium,South Kimberly,MD,2024-05-22,605.32,Athletics
G202184,CA100433,Pamela,Alvarez,pamela.alvarez188@yahoo.com,958-869-8864,Friend,,Medium,Barkerfort,VA,2024-11-08,463.92,Scholarship Fund
G202185,CA100338,Bryan,Price,bryan.price254@gmail.com,442-871-7396x271,Alumni,1997,Low,New Dawn,PW,08/22/2025,122.99,Unrestricted
G202186,CA101798,James,White,james.white394@yahoo.com,506.458.7448,Parent,,High,South Matthew,VA,05-Nov-2023,3662.42,Annual Fund
G202187,CA100522,Crystal,Long,crystal.long972@yahoo.com,+1-780-379-7050x9754,Alumni,2001,Medium,West Pamelaburgh,MO,2024-01-12,354.05,Endowment
G202188,CA100201,Edward,Cannon,edward.cannon411_at_gmail.com,,Alumni,1986,High,Guerreroberg,VA,2022-09-18,2315.23,Annual Fund
G202189,CA100345,Linda,Simmons,linda.simmons718_at_hotmail.com,,Organization,,Low,Nguyenshire,ND,15-Dec-2023,101.91,
G202190,CA101534,Elizabeth,Duarte,elizabeth.duarte677@hotmail.com,(629)353-3861,Alumni,,Medium,Lake Mackenzieborough,PA,2024-12-16,590.33,Annual Fund
G202191,CA101439,Daniel,Mendoza,daniel.mendoza675@hotmail.com,,Alumni,2009,Low,Johnsonfort,SC,08/19/2024,80.54,Athletics
G202192,CA100406,Natalie,Anderson,natalie.anderson972@yahoo.com,001-886-624-1502x745,Parent,,High,Chloeview,NC,2022-08-15,3052.21,Athletics
G202193,CA100776,Ashley,Blackwell,ashley.blackwell456@gmail.com,(312)729-4621x354,Parent,,Low,Smithshire,MT,2024-08-16,56.68,Athletics
G202194,CA100474,Monica,Collins,,,Parent,,Low,Mooreshire,ME,2022-08-25,90.0,Endowment
G202195,CA100575,Lucas,Rodriguez,lucas.rodriguez282@yahoo.com,(739)855-1720x84964,Organization,,Medium,North Hectormouth,NE,07/19/2022,312.77,Annual Fund
G202196,CA100847,Garrett,Hodge,garrett.hodge809@gmail.com,8318954196,Organization,,Low,Nathanielmouth,NM,2023-05-03,103.83,Unrestricted
G202197,CA100546,Thomas,Anderson,thomas.anderson84@gmail.com,5555247286,Parent,,Low,North Julie,DE,2026-07-28,151.13,Capital Campaign
G202198,CA100799,William,Roberts,william.roberts708@gmail.com,,Alumni,1976,Low,Pierceton,ID,2022-10-22,125.53,Athletics
G202199,CA100043,Michele,Jones,michele.jones76@gmail.com,493-661-8324x210,Alumni,1969,Low,Scottmouth,UT,22-Dec-2022,34.99,Athletics
G202200,CA100387,Christopher,Watts,christopher.watts661@yahoo.com,,Alumni,2018,Principal,West Geoffreyside,MD,2022-08-09,24483.83,Unrestricted
G202201,CA100386,Bryan,Garza,bryan.garza389@gmail.com,(259)505-6165x565,Friend,,Low,East Deborah,OR,2025-09-11,109.73,Endowment
G202202,CA100254,Sarah,Andrews,sarah.andrews21@yahoo.com,(368)618-1845,Parent,,Low,Heatherfurt,OK,2023-12-05,73.38,Endowment
G202203,CA100601,Kathryn,Holmes,kathryn.holmes23@gmail.com,904-715-9149,Friend,,High,North Joyhaven,WA,2026-05-30,7767.31,Capital Campaign
G202204,CA101025,Marie,Wong,mariewong247@hotmailcom,828.433.9121x870,Parent,,Low,East Zachary,NY,07/11/2026,31.63,Endowment
G202205,CA100626,Amy,Morgan,amy.morgan770@yahoo.com,,Alumni,2004,Low,New Joshuaview,TN,04/14/2024,81.52,Scholarship Fund
G202206,CA100838,Stephen,Martin,stephen.martin537@gmail.com,841.903.4699,Alumni,2002,Medium,East Craig,CO,2024-11-12,655.15,Endowment
G202207,CA100186,Tiffany,Morgan,tiffany.morgan32_at_hotmail.com,606.629.6201x5336,Parent,,Medium,Johnton,MO,2023-01-02,740.78,Capital Campaign
G202208,CA100256,Emily,Nicholson,emily.nicholson673@gmail.com,+1-527-955-3942,Friend,,Low,East Jill,VI,"May 22, 2024",136.53,Annual Fund
G202209,CA101753,Michael,Roberts,michael.roberts930@yahoo.com,(939)720-1029,Alumni,1998,High,Adamsmouth,TX,2023-01-01,10262.09,Athletics
G202210,CA101304,James,Dennis,james.dennis865@yahoo.com,847-448-9047x6078,Alumni,1987,Low,West Valerie,FM,2025-07-14,70.35,Scholarship Fund
G202211,CA101658,Tiffany,Beltran,tiffany.beltran148@yahoo.com,3537494197,Alumni,2020,Medium,Garrisonmouth,MI,03-Apr-2025,385.61,Unrestricted
G202212,CA100283,Susan,Smith,susan.smith157@gmail.com,490-382-4043x3504,Alumni,2020,Medium,South Michaelberg,KS,2025-01-20,354.1,Capital Campaign
G202213,CA101060,Brittney,Henderson,brittney.henderson734@gmail.com,(303)636-2027x5582,Parent,,Low,Lucerotown,UT,2022-11-10,140.41,Capital Campaign
G202214,CA101068,Brian,Espinoza,brian.espinoza855@hotmail.com,577.475.6919,Alumni,2012,Medium,Lake Andrewburgh,PA,2022-07-05,610.19,Unrestricted
G202215,CA100244,Zachary,Sullivan,zachary.sullivan928@hotmail.com,+1-404-413-7977x2369,Alumni,1992,Principal,Garymouth,NH,2023-01-28,21211.03,Unrestricted
G202216,CA100936,Craig,Morrison,craig.morrison307@gmail.com,(813)363-8527x7895,Parent,,Low,East Seth,MH,2024-03-10,76.07,Capital Campaign
G202217,CA101576,Wanda,Matthews,wanda.matthews490@yahoo.com,001-238-729-4419x1479,Alumni,2006,Medium,West Scott,OH,"February 19, 2024",399.04,Endowment
G202218,CA100960,Danielle,Willis,danielle.willis352@gmail.com,732-715-5130,Friend,,Low,Johnsonborough,SC,"May 28, 2024",142.5,Athletics
G202219,CA101537,Sherry,Duffy,sherry.duffy666@hotmail.com,750-674-3509x52889,Alumni,2003,Low,Bridgestown,IA,2025-08-01,157.72,Scholarship Fund
G202220,CA101199,Eric,Walker,eric.walker526@hotmail.com,(754)762-2021x23720,Alumni,2002,Low,East Kathleentown,AR,2026-07-30,47.55,Unrestricted
G202221,CA101727,Randy,SANCHEZ,randy.sanchez499@hotmail.com,,Friend,,Low,Lake Adambury,NM,2022-11-07,200.01,Capital Campaign
G202222,CA100273,Maria,Martinez,maria.martinez267@hotmail.com,567.930.3718,Alumni,2002,Low,Maldonadoport,MD,2026-09-12,166.53,Annual Fund
G202223,CA100998,Megan,Wilkinson,megan.wilkinson824@yahoo.com,001-914-696-1128,Alumni,1990,Medium,New Ellen,OH,2026-08-10,412.45,Endowment
G202224,CA101653,Megan,Hernandez,megan.hernandez267@yahoo.com,,Friend,,Low,Andrewshire,ND,2026-06-16,146.35,Unrestricted
G202225,CA101216,Justin,Cardenas,justin.cardenas324@gmail.com,997-538-8182,Friend,,Low,Port Elizabethbury,ME,2026-07-19,34.05,Capital Campaign
G202226,CA100360,Daniel,Hill,daniel.hill688@hotmail.com,(472)938-0468,Faculty/Staff,,Low,Roberttown,LA,2024-02-07,104.81,Athletics
G202227,CA100904,Nicholas,Wilson,nicholas.wilson856@hotmail.com,+1-944-342-1829x9874,Parent,,Medium,East Madison,LA,2024-01-17,197.65,Unrestricted
G202228,CA100914,Jessica,Anderson,jessica.anderson785@hotmail.com,001-505-604-0433x335,Parent,,Low,Nicoleville,MO,2022-09-21,87.28,Athletics
G202229,CA100124,Adriana,Gutierrez,adriana.gutierrez583@yahoo.com,8897268705,Alumni,2011,Low,Russellport,MS,2024-09-04,66.67,Athletics
G202230,CA100760,Elizabeth,Macias,elizabeth.macias805@yahoo.com,,Alumni,2003,High,Jamieview,MT,2026-07-05,5996.78,Capital Campaign
G202231,CA101588,Tara,Sharp,tara.sharp31@hotmail.com,,Faculty/Staff,,Medium,New John,AK,"December 25, 2022",1099.42,Athletics
G202232,CA100952,  Ann ,Myers,ann.myers352@yahoo.com,7789468509,Friend,,High,Mallorybury,AL,2024-06-01,2366.12,Scholarship Fund
G202233,CA101215,Brian,Barber,brian.barber889@hotmail.com,001-668-421-2156x49525,Alumni,1980,Low,South Donnaview,AS,2024-10-13,154.84,Scholarship Fund
G202234,CA100472,Amanda,Lopez,amanda.lopez911@gmail.com,597-341-2182x09702,Parent,,Low,Campbellbury,LA,2024-06-26,64.91,Scholarship Fund
G202235,CA100472,Amanda,Lopez,amanda.lopez911@gmail.com,597-341-2182x09702,Parent,,Low,Campbellbury,LA,2023-09-22,67.79,Scholarship Fund
G202236,CA100425,Brandon,Rich,brandon.rich694@yahoo.com,(389)210-7711,Organization,,Medium,East Crystalborough,PW,2025-02-20,236.47,Endowment
G202237,CA100014,Brooke,Leonard,brooke.leonard225@gmail.com,(719)639-9091x6998,Friend,,Medium,Lake Jennifer,IA,2023-08-30,448.97,Annual Fund
G202238,CA100547,Suzanne,Padilla,suzanne.padilla658@yahoo.com,001-706-450-1917x9202,Alumni,1984,Medium,East Chrisshire,MP,2026-04-29,268.79,Endowment
G202239,CA100431,David,Sherman,david.sherman357@gmail.com,749.607.5399x893,Alumni,2000,Low,Elizabethshire,TX,2022-12-16,94.18,Endowment
G202240,CA100025,Diana,Marshall,diana.marshall530@yahoo.com,,Alumni,1998,Low,New Thomas,MH,2025-06-07,69.87,Endowment
G202241,CA101407,Tyler,Harris,tyler.harris460@gmail.com,001-319-640-2470x288,Alumni,2013,High,North Davidside,NH,2026-03-11,4482.96,Annual Fund
G202242,CA100790,Shirley,Barker,shirley.barker320@yahoo.com,+1-574-585-9532x5939,Parent,,Low,Elliotttown,MD,2024-03-11,29.26,Endowment
G202243,CA101363,Sarah,Kim,sarah.kim537_at_yahoo.com,+1-870-535-0675x789,Alumni,2014,Medium,West Michael,NV,2026-03-31,1065.75,Athletics
G202244,CA100297,Melissa,Henry,melissa.henry904@gmail.com,,Faculty/Staff,,Medium,East Jeremy,MT,"November 15, 2025",513.89,Unrestricted
G202245,CA101486,Oscar,Patterson,oscar.patterson215@hotmail.com,,Parent,,Low,Gomezhaven,ID,2026-01-22,207.59,Annual Fund
G202246,CA101243,Jason,Cuevas,jason.cuevas203@yahoo.com,570.450.0493,Alumni,1991,High,Conleyburgh,KS,"September 19, 2023",1903.95,Annual Fund
G202247,CA100337,Deborah,Pratt,deborah.pratt383@gmail.com,724-647-1746,Parent,,Low,Port Charles,WI,2026-04-11,44.28,Athletics
G202248,CA101394,Justin,Dunn,justin.dunn341@hotmail.com,001-563-390-6168x2497,Alumni,1975,Medium,Davisbury,TX,2024-09-19,490.89,Endowment
G202249,CA101374,Michael,Cantu,michael.cantu223@gmail.com,001-996-921-8366,Faculty/Staff,,Low,New Juliechester,MT,"March 01, 2024",132.21,Capital Campaign
G202250,CA101163,Thomas,Smith,thomas.smith731@hotmail.com,(925)215-2174x65353,Faculty/Staff,,Medium,New Anneville,MI,2025-08-19,477.86,Endowment
G202251,CA100001,Anna,Baldwin,,,Alumni,2002,Low,Robinsonshire,KY,2025-02-16,63.64,Scholarship Fund
G202252,CA101555,Amy,Vega,amy.vega797@yahoo.com,837.946.6144x77618,Alumni,2003,High,West Jennifershire,MT,2023-08-26,818.0,Capital Campaign
G202253,CA101259,Matthew,Moran,matthew.moran381@hotmail.com,,Alumni,2020,Medium,Susanview,AR,08/13/2025,266.07,Athletics
G202254,CA100741,Robin,Davis,robin.davis990@yahoo.com,797-226-3475x57522,Faculty/Staff,,Principal,East Bonniehaven,UT,"November 30, 2022",27934.42,Unrestricted
G202255,CA100306,Kevin,Richardson,kevin.richardson113@yahoo.com,768-814-7214,Faculty/Staff,,High,Lake Jason,AR,2026-08-16,4084.15,Capital Campaign
G202256,CA100770,Philip,Harrison,philip.harrison24@hotmail.com,+1-874-496-0335x8268,Alumni,2007,Low,Johnsonborough,MS,2026-08-15,35.54,Capital Campaign
G202257,CA100380,Brooke,Ewing,,,Organization,,Medium,Port Roger,NM,2025-04-30,114.82,Unrestricted
G202258,CA100872,Stephanie,Jones,stephanie.jones534@yahoo.com,(317)951-8878,Friend,,Medium,Kristenstad,WY,2024-09-19,469.79,Endowment
G202259,CA101758,Logan,Dickson,logan.dickson484@hotmail.com,001-611-811-0851,Friend,,Low,Princeside,TN,2025-01-02,128.96,Unrestricted
G202260,CA100404,Mike,Sutton,mike.sutton496@yahoo.com,607-325-6366,Alumni,2007,Medium,New Brianmouth,IA,2026-01-11,571.59,Annual Fund
G202261,CA100119,Brandy,Davis,brandy.davis62@hotmail.com,207.828.6790x874,Parent,,Low,Lisaborough,OR,2023-08-10,170.96,Capital Campaign
G202262,CA101448,Kelly,Rios,kelly.rios975@yahoo.com,4335982147,Parent,,Medium,South Deanna,FM,2023-02-06,520.44,Athletics
G202263,CA101465,James,Neal,james.neal595@gmail.com,791-643-9070,Alumni,2016,Low,Powerschester,AR,2024-03-06,63.66,Capital Campaign
G202264,CA100478,Jared,Williams,jared.williams782@gmail.com,676-356-3600,Alumni,2010,High,West Ellen,NH,2026-09-02,3658.76,Endowment
G202265,CA101172,Andrew,Bowen,andrew.bowen405@hotmail.com,,Parent,,High,Port Marymouth,ID,2022-12-27,1280.97,Capital Campaign
G202266,CA101515,Lawrence,Ryan,lawrence.ryan631@hotmail.com,(598)970-3688x3004,Alumni,2005,Medium,South Jessica,UT,2025-07-10,380.96,Capital Campaign
G202267,CA100726,David,Robertson,david.robertson142@gmail.com,611.464.9133,Alumni,1992,Low,Markmouth,TN,17-Sep-2024,91.68,Athletics
G202268,CA101047,Tina,Velez,tina.velez467@yahoo.com,(928)705-5077x4065,Friend,,High,Christopherfurt,GA,"September 06, 2024",10091.66,Unrestricted
G202269,CA100455,John,Robles,john.robles699@gmail.com,(449)468-5498,Alumni,2005,Low,Parkermouth,LA,06/17/2025,22.57,Athletics
G202270,CA101679,Mary,Savage,mary.savage775@hotmail.com,,Friend,,Medium,Lake Elijahfurt,SC,2023-10-25,213.66,
G202271,CA100429,Joshua,Rose,joshua.rose65@gmail.com,001-367-238-9975x634,Faculty/Staff,,Principal,Peterberg,NC,08/20/2024,25898.32,Athletics
G202272,CA100976,Edward,Clark,edward.clark284@gmail.com,+1-476-472-0191x11661,Organization,,Low,North Christinaton,NV,2026-08-13,77.49,Annual Fund
G202273,CA100872,Stephanie,Jones,stephanie.jones534@yahoo.com,(317)951-8878,Friend,,Medium,Kristenstad,WY,2022-09-29,238.84,Scholarship Fund
G202274,CA100829,Darlene,Wood,darlene.wood591@yahoo.com,,Alumni,1989,High,Stevenmouth,ME,2026-06-07,3307.99,Unrestricted
G202275,CA101613,Audrey,Lopez,audrey.lopez472@hotmail.com,(796)570-7421,Parent,,Low,New Johnfurt,VA,2023-09-27,124.11,Athletics
G202276,CA101463,Joanne,Webb,joanne.webb346@hotmail.com,+1-877-719-6199x71659,Faculty/Staff,,Low,Powellmouth,MT,2023-10-01,122.5,Athletics
G202277,CA100053,John,Jenkins,john.jenkins699@hotmail.com,(422)519-6937,Friend,,Low,Littlemouth,KS,2023-07-31,58.47,Annual Fund
G202278,CA100063,Michelle,Anderson,michelle.anderson704@yahoo.com,395.302.4026,Alumni,2003,Low,Weststad,NY,2025-08-18,42.14,Endowment
G202279,CA101224,Patricia,Rhodes,patricia.rhodes163@hotmail.com,+1-864-377-1837x5307,Alumni,1985,High,East Laurenside,AL,2023-07-24,1686.55,Endowment
G202280,CA101796,Tasha,Finley,,+1-663-806-6700x599,Alumni,2009,Medium,Sandersbury,VI,2026-08-23,340.94,Scholarship Fund
G202281,CA101090,Michael,Bruce,michael.bruce593@hotmail.com,688.821.7648,Parent,,Low,Gonzalezmouth,WV,2025-04-04,80.91,Annual Fund
G202282,CA100302,Stephanie,Gray,stephanie.gray412@yahoo.com,8256922220,Parent,,Low,Jessicamouth,LA,2025-08-17,99.98,
G202283,CA101437,Tanya,Dawson,tanya.dawson716@yahoo.com,,Parent,,High,West Gregoryfort,SD,"October 23, 2025",1301.24,Scholarship Fund
G202284,CA101180,Robert,Peck,robert.peck366@hotmail.com,744-547-1893,Organization,,Medium,New Robertton,MT,2024-06-14,968.76,Endowment
G202285,CA100795,Joshua,Mccarthy,joshua.mccarthy97@yahoo.com,729-825-0105x8752,Alumni,2014,Medium,Lake Ryanmouth,MO,"July 07, 2023",361.0,Endowment
G202286,CA100470,Sherry,Smith,sherry.smith402@hotmail.com,(253)466-6845x909,Alumni,2000,High,West Ashley,AS,2024-11-26,5709.45,Endowment
G202287,CA101135,Andre,Vaughn,andre.vaughn574@gmail.com,929-948-3147x8911,Alumni,1989,Low,Port Kathleen,OR,2022-12-15,63.56,Endowment
G202288,CA101455,Zachary,Stewart,zachary.stewart696@yahoo.com,317.878.4019x027,Alumni,2010,Medium,South Jacqueline,NE,2025-11-28,489.77,Scholarship Fund
G202289,CA101195,Christian,Owens,christian.owens96_at_yahoo.com,001-480-324-5598x5160,Friend,,Low,New Elizabethmouth,ND,2026-07-15,173.02,Annual Fund
G202290,CA100235,James,Carpenter,jamescarpenter159@yahoocom,(623)414-9135x775,Alumni,2014,Medium,Lindseychester,GA,2025-04-30,302.58,Annual Fund
G202291,CA101441,Jeffrey,Jimenez,jeffrey.jimenez622@gmail.com,429-543-0003x7539,Alumni,2010,High,East Douglaschester,MI,2025-07-26,2560.06,Athletics
G202292,CA100182,Gregory,Parker,gregory.parker367@hotmail.com,322-909-6902x9593,Alumni,1986,Medium,West Julie,IA,2025-08-14,1501.43,Athletics
G202293,CA100833,Kelly,Wright,kelly.wright515@hotmail.com,+1-452-675-3674x9785,Alumni,2003,Low,West Davidfurt,GU,26-Jan-2023,157.7,Unrestricted
G202294,CA101154,Timothy,Ortega,timothy.ortega455@yahoo.com,+1-365-724-0622,Alumni,1998,Low,Cherylchester,VI,2022-08-31,73.13,Annual Fund
G202295,CA101515,Lawrence,Ryan,lawrence.ryan631@hotmail.com,(598)970-3688x3004,Alumni,2005,Medium,South Jessica,UT,2025-01-21,404.49,Capital Campaign
G202296,CA101401,Jeffery,Walker,jeffery.walker868@gmail.com,,Parent,,Low,North Stephanieville,GA,2025-09-13,112.57,Capital Campaign
G202297,CA100561,Kristen,Sheppard,kristen.sheppard634@yahoo.com,(796)208-9319x925,Alumni,2015,Low,South Sarah,NM,2025-01-16,99.83,Endowment
G202298,CA100647,Daisy,Williams,daisy.williams711@yahoo.com,(239)828-3199x52980,Parent,,High,Port Janetstad,WI,2024-02-10,10761.26,Capital Campaign
G202299,CA101651,James,Blanchard,james.blanchard530@hotmail.com,001-769-404-5392,Alumni,2015,High,Grantbury,MA,2024-02-06,2454.34,Unrestricted
G202300,CA100961,Cynthia,Peters,cynthia.peters858@gmail.com,+1-914-544-8896x69972,Organization,,High,Colemouth,VA,2022-07-30,2183.96,Endowment
G202301,CA100913,Rhonda,Johnson,rhonda.johnson609@gmail.com,764.564.4898x8031,Alumni,1980,Low,Port Toni,MA,2025-07-11,129.25,Annual Fund
G202302,CA101069,Christopher,Fleming,christopher.fleming661@hotmail.com,001-617-546-9029x8310,Alumni,2015,Low,Carlfurt,MO,2026-04-13,74.45,Endowment
G202303,CA100775,Melanie,Wright,melanie.wright885@gmail.com,+1-927-410-2676x72095,Alumni,2009,Low,Shannonfort,TN,2026-05-01,50.15,Scholarship Fund
G202304,CA101018,Mark,King,mark.king429@yahoo.com,4065445475,Alumni,2017,Low,North Donaldborough,FL,2023-07-03,111.96,Athletics
G202305,CA100799,William,Roberts,william.roberts708@gmail.com,,Alumni,1976,Low,Pierceton,ID,03/24/2024,35.12,Annual Fund
G202306,CA101739,Michaela,Lee,michaela.lee636@hotmail.com,+1-404-860-0823x696,Alumni,2001,Low,East Staceyburgh,FL,"October 10, 2023",46.57,Annual Fund
G202307,CA100557,Eric,Ross,eric.ross533@gmail.com,367.315.7787,Alumni,2002,Medium,Lake Daniel,MO,2025-12-29,321.93,Endowment
G202308,CA101486,Oscar,Patterson,oscar.patterson215@hotmail.com,,Parent,,Low,Gomezhaven,ID,27-Apr-2023,111.41,Unrestricted
G202309,CA101524,Robert,Ponce,robert.ponce399@gmail.com,+1-399-981-2743x92255,Friend,,High,Chadburgh,MD,05/31/2026,2061.12,Annual Fund
G202310,CA101102,Richard,Gomez,richard.gomez435@hotmail.com,473.909.6496,Alumni,2008,Low,Millershire,SD,2026-05-23,183.2,Scholarship Fund
G202311,CA101793,Nichole,Mooney,nichole.mooney251@yahoo.com,903-689-1918,Friend,,Medium,West Lisatown,DE,2026-05-12,937.56,Annual Fund
G202312,CA100235,James,Carpenter,jamescarpenter159@yahoocom,(623)414-9135x775,Alumni,2014,Medium,Lindseychester,GA,2023-09-18,343.78,Unrestricted
G202313,CA101058,Chad,Mclaughlin,chad.mclaughlin870@gmail.com,001-806-605-3088,Alumni,2014,Medium,North Edward,MH,2023-05-30,545.66,Athletics
G202314,CA101262,Brenda,Jackson,brenda.jackson46@gmail.com,(425)601-8256,Alumni,2002,Low,Jacksonchester,ID,11-May-2024,132.56,Capital Campaign
G202315,CA101783,Anthony,Cooper,anthony.cooper201@hotmail.com,762.691.7148,Alumni,2021,High,New Jeffreystad,GA,08-Jun-2026,2414.34,Unrestricted
G202316,CA101533,Rachel,Chan,rachel.chan288@gmail.com,+1-535-965-9429x9202,Alumni,2011,Low,Dawsonchester,OR,2024-04-05,139.21,Endowment
G202317,CA100414,Cody,Guerrero,cody.guerrero809@hotmail.com,254-391-8017x226,Parent,,Principal,Mcdowellport,MD,2025-06-13,28148.8,Scholarship Fund
G202318,CA100511,Lori,Pearson,lori.pearson52@gmail.com,+1-412-392-0875x10293,Friend,,Principal,Melissaton,CO,2025-06-14,21227.42,Capital Campaign
G202319,CA100903,Matthew,Johnson,matthew.johnson918@gmail.com,001-700-201-5291x13717,Friend,,Medium,Lake Edwardstad,MD,2026-06-21,334.21,Scholarship Fund
G202320,CA100612,James,Henry,james.henry321@hotmail.com,433-226-8319x0130,Alumni,2011,Low,Kimshire,ND,2022-12-09,54.29,Scholarship Fund
G202321,CA100425,Brandon,Rich,brandon.rich694@yahoo.com,(389)210-7711,Organization,,Medium,East Crystalborough,PW,2026-06-22,466.0,Scholarship Fund
G202322,CA100984,Calvin,Ramos,calvin.ramos447@hotmail.com,,Organization,,High,Nathanchester,MP,2023-12-09,12368.25,Athletics
G202323,CA100249,Michael,Moore,michael.moore263@hotmail.com,001-844-586-9594,Parent,,Low,Arnoldside,NJ,2024-02-07,45.65,Unrestricted
G202324,CA100626,Amy,Morgan,amy.morgan770@yahoo.com,,Alumni,2004,Low,New Joshuaview,TN,2023-08-24,71.18,Unrestricted
G202325,CA100198,Melissa,Chan,melissa.chan232@gmail.com,433.446.8007,Friend,,Low,East Johnnyport,VT,2023-10-09,209.0,Athletics
G202326,CA100337,Deborah,Pratt,deborah.pratt383@gmail.com,724-647-1746,Parent,,Low,Port Charles,WI,2023-01-05,174.78,Annual Fund
G202327,CA100619,Samantha,Allen,samantha.allen884@gmail.com,001-203-368-9003,Alumni,1992,Low,East Samuelport,AZ,2024-07-16,64.32,Unrestricted
G202328,CA101468,Richard,Hudson,richard.hudson105@yahoo.com,(838)866-4320x3172,Friend,,Low,Dustinhaven,FL,"May 03, 2025",83.11,Capital Campaign
G202329,CA101455,Zachary,Stewart,zachary.stewart696@yahoo.com,317.878.4019x027,Alumni,2010,Medium,South Jacqueline,NE,2025-04-18,221.48,Scholarship Fund
G202330,CA100449,Jordan,Hudson,jordan.hudson276@gmail.com,843.608.9487x06056,Alumni,2005,High,Lake Aprilfort,MN,01-Oct-2022,3088.12,Scholarship Fund
G202331,CA100381,Joshua,REEVES,joshua.reeves740@hotmail.com,001-646-457-9678,Faculty/Staff,,Medium,Rodriguezview,NM,2022-09-22,200.19,
G202332,CA101404,Dale,Smith,dale.smith977@yahoo.com,001-891-800-4202,Parent,,Low,South Ruthton,WA,2026-08-20,55.88,Unrestricted
G202333,CA100948,Miguel,Dominguez,miguel.dominguez985@gmail.com,+1-456-769-5790x01248,Alumni,2009,Low,Josephburgh,NC,2023-12-06,66.09,Annual Fund
G202334,CA101760,Amanda,Rich,amanda.rich414_at_gmail.com,(226)742-5972,Alumni,2009,Low,Kennethburgh,GU,05/28/2023,171.33,Unrestricted
G202335,CA100370,Carol,Cox,carol.cox526@yahoo.com,001-664-471-5890,Parent,,Medium,East Luisberg,MI,2025-10-02,928.42,Scholarship Fund
G202336,CA101771,Bradley,Miller,bradley.miller874@gmail.com,+1-829-688-7123x20366,Parent,,Low,Port Scott,VI,2024-11-20,96.02,Scholarship Fund
G202337,CA100022,Chad,Ayala,chad.ayala836_at_yahoo.com,+1-886-785-0142x9401,Alumni,2018,Low,Samuelhaven,DE,2025-09-10,67.36,Annual Fund
G202338,CA100813,Gwendolyn,Travis,gwendolyn.travis605@gmail.com,,Parent,,Low,Mooreborough,VT,2023-10-18,51.84,Scholarship Fund
G202339,CA100421,Briana,Cohen,briana.cohen26@hotmail.com,,Faculty/Staff,,Medium,Andersonport,VA,2023-01-04,702.09,Unrestricted
G202340,CA100719,Anthony,Guzman,anthony.guzman760@gmail.com,001-528-551-5533x34264,Alumni,2008,Low,Anthonymouth,DE,2022-12-28,79.46,
G202341,CA101486,Oscar,Patterson,oscar.patterson215@hotmail.com,,Parent,,Low,Gomezhaven,ID,2026-08-20,142.9,Unrestricted
G202342,CA101172,Andrew,Bowen,andrew.bowen405@hotmail.com,,Parent,,High,Port Marymouth,ID,2023-01-30,4001.39,Capital Campaign
G202343,CA100689,Jared,Mercer,jared.mercer899@yahoo.com,845-877-0299x2959,Alumni,2016,Medium,Port Teresaside,WA,2024-11-22,443.78,Capital Campaign
G202344,CA100739,Steven,Boyer,steven.boyer75@gmail.com,(660)739-2051x4607,Parent,,Low,Michaelbury,KY,24-Mar-2024,138.41,Athletics
G202345,CA100708,Jason,Shaw,jason.shaw151_at_yahoo.com,001-487-414-9392x52362,Faculty/Staff,,High,Suefort,SD,2025-07-26,489.0,Athletics
G202346,CA101750,Mary,Conner,mary.conner488@gmail.com,001-991-298-4808,Alumni,1994,Low,South Aaronhaven,WI,2026-04-22,60.54,Capital Campaign
G202347,CA100067,David,Brown,david.brown179@hotmail.com,,Parent,,Medium,Elizabethchester,MI,2022-07-01,478.07,Scholarship Fund
G202348,CA100514,Andrea,Green,andreagreen63@hotmailcom,(367)614-6283,Alumni,2007,Low,Lake Nathan,TN,2025-10-11,89.96,
G202349,CA100806,Donald,Bryant,donald.bryant852@gmail.com,607-620-1137,Parent,,Medium,Lake Annaland,VA,2024-03-30,250.48,Endowment
G202350,CA100701,Melissa,Edwards,melissa.edwards670@yahoo.com,(572)587-2760x1534,Alumni,1998,Low,West Charlotte,VA,2022-08-24,199.47,Unrestricted
G202351,CA101364,Alexander,Tucker,alexander.tucker881@gmail.com,001-412-331-5550x5705,Friend,,Low,Williamsonbury,NC,"October 09, 2025",59.09,Annual Fund
G202352,CA100396,Scott,King,scott.king443@hotmail.com,5786515867,Alumni,2009,High,West Thomas,MN,2023-06-21,2727.92,Unrestricted
G202353,CA100898,Wendy,Patel,wendy.patel342@hotmail.com,576.229.7454,Alumni,1968,Medium,South Kenneth,WI,2026-03-23,1230.37,Endowment
G202354,CA100909,Deborah,Ross,deborah.ross115@gmail.com,,Alumni,2014,Medium,Lake Cameron,UT,2025-02-11,465.98,Annual Fund
G202355,CA101266,Benjamin,Ross,benjamin.ross348@yahoo.com,760-276-2643,Alumni,2008,High,New Markmouth,HI,2026-08-04,3889.14,
G202356,CA100868,Courtney,Conner,courtney.conner776@yahoo.com,(679)893-5937x44039,Faculty/Staff,,Principal,Adambury,AZ,2025-07-02,36991.32,Endowment
G202357,CA100071,Jennifer,Frank,jennifer.frank975@hotmail.com,+1-910-822-9014x767,Parent,,High,Jasonhaven,DE,2025-02-26,8768.64,Athletics
G202358,CA100980,Oscar,Gibbs,oscar.gibbs733@hotmail.com,001-303-499-5297x0137,Alumni,1998,Low,Jamesstad,OH,2026-05-28,134.46,Capital Campaign
G202359,CA100104,Michael,Williams,michael.williams187@yahoo.com,+1-274-880-1624x565,Friend,,Low,New Annastad,OH,2025-04-05,63.05,Athletics
G202360,CA101635,Johnny,Jackson,johnny.jackson171@gmail.com,560.278.5483,Alumni,2007,Low,Williamfort,FL,2026-08-27,66.39,Unrestricted
G202361,CA100542,Bradley,Hernandez,bradley.hernandez195@yahoo.com,659.326.2494x51475,Organization,,Low,Port Sarahberg,WI,2023-11-01,39.64,Capital Campaign
G202362,CA101326,Harold,Turner,harold.turner580@gmail.com,695.747.9406,Alumni,1996,Low,North Erin,MD,2025-04-10,35.18,
G202363,CA101391,Mitchell,Sanchez,mitchell.sanchez421@hotmail.com,709.466.4147x53369,Faculty/Staff,,Medium,Natalieview,WV,"October 08, 2023",826.93,Athletics
G202364,CA100903,Matthew,Johnson,matthew.johnson918@gmail.com,001-700-201-5291x13717,Friend,,Medium,Lake Edwardstad,MD,2022-09-05,653.35,Capital Campaign
G202365,CA101089,Melissa,James,melissa.james800@gmail.com,,Alumni,2009,High,South Davidfurt,CT,"October 03, 2024",844.96,Scholarship Fund
G202366,CA100833,Kelly,Wright,kelly.wright515@hotmail.com,+1-452-675-3674x9785,Alumni,2003,Low,West Davidfurt,GU,2022-09-26,101.91,Athletics
G202367,CA100453,Brian,Bishop,brian.bishop548@yahoo.com,810-580-4661,Alumni,2009,Low,South Patrickchester,FM,2024-01-14,86.7,Annual Fund
G202368,CA100361,Jaime,Johnson,jaime.johnson308@gmail.com,456.695.5798x87749,Friend,,Medium,Port Jordan,NJ,2024-04-04,1199.99,Endowment
G202369,CA101057,Charles,Lewis,charles.lewis657@yahoo.com,442-562-4178x42902,Alumni,2018,Low,West Mark,CT,2024-12-01,54.87,Athletics
G202370,CA101326,Harold,Turner,harold.turner580@gmail.com,695.747.9406,Alumni,1996,Low,North Erin,MD,09/15/2024,73.48,Endowment
G202371,CA101755,Michael,Higgins,michael.higgins538@yahoo.com,905-813-3793x7669,Alumni,2014,Medium,Lake Ericafurt,WI,"December 24, 2023",95.15,Unrestricted
G202372,CA101552,Jennifer,Duncan,jennifer.duncan996@yahoo.com,001-706-856-5823x4453,Alumni,1998,Low,Johnburgh,PW,2022-12-29,128.57,Endowment
G202373,CA101646,Daniel,Page,daniel.page925@yahoo.com,(226)241-4756,Alumni,1998,High,New Josephbury,IL,2023-02-21,3380.74,Unrestricted
G202374,CA100974,Monica,Duncan,monica.duncan673@gmail.com,5299295014,Alumni,1987,Low,Desireehaven,ID,2023-10-27,100.12,Annual Fund
G202375,CA100440,Logan,Scott,logan.scott587@gmail.com,682-842-2412,Organization,,High,North Christina,MD,01/04/2024,6946.48,Capital Campaign
G202376,CA100699,Brooke,Juarez,brooke.juarez466@gmail.com,640.435.9544x29477,Alumni,2009,Medium,East Catherine,PR,"July 11, 2023",208.06,Scholarship Fund
G202377,CA100826,Kathleen,Woods,kathleen.woods524@gmail.com,,Alumni,1989,Low,East Courtney,MT,2025-02-18,161.45,Annual Fund
G202378,CA101109,Matthew,Mcbride,matthew.mcbride19@gmail.com,001-520-230-0449x64612,Alumni,1990,Low,East Phyllisstad,CT,09-Jul-2023,107.3,Endowment
G202379,CA100224,Natalie,Henderson,natalie.henderson931@gmail.com,610.562.0034x24420,Parent,,Principal,West Lisaville,RI,2025-11-07,13271.09,Unrestricted
G202380,CA100209,Virginia,Stanley,virginia.stanley721@hotmail.com,9014676184,Alumni,2015,Medium,Lake Gina,AL,2025-04-21,706.61,Athletics
G202381,CA100023,Paul,Ray,paul.ray487@yahoo.com,7607883561,Friend,,Low,Lake Rachelhaven,ME,06-Oct-2024,89.14,Athletics
G202382,CA100875,Marco,Wood,marco.wood530@gmail.com,,Alumni,2000,Medium,South Jacobshire,MI,2025-06-15,250.85,Unrestricted
G202383,CA101087,Tammy,Bell,tammy.bell99@hotmail.com,+1-233-622-2739x38992,Organization,,Low,Melissabury,WY,2022-07-22,135.08,Unrestricted
G202384,CA100436,Aaron,Kelley,,9674949756,Faculty/Staff,,Medium,New Dana,WV,2026-05-14,240.81,Athletics
G202385,CA100981,Mark,Richardson,mark.richardson796@yahoo.com,001-423-904-1202x70615,Friend,,Low,New Troy,AR,2026-03-20,65.58,Athletics
G202386,CA100876,Andre,Beck,andre.beck600@yahoo.com,+1-456-905-7121x9881,Alumni,2004,Low,Spencerside,VA,2025-04-25,88.81,Athletics
G202387,CA101128,Jonathan,Miles,jonathan.miles258@gmail.com,(763)429-5634x2777,Friend,,Low,West Ashley,AK,2026-08-29,101.94,Annual Fund
G202388,CA101281,Linda,Ford,linda.ford86@yahoo.com,001-508-564-9426x9420,Parent,,Low,Lake Kelliemouth,ME,2025-12-31,118.88,Annual Fund
G202389,CA101706,Mary,Stewart,mary.stewart225@yahoo.com,+1-306-427-8790x259,Parent,,Low,Lake Jessicafurt,IA,2022-08-13,112.99,Scholarship Fund
G202390,CA100818,Jennifer,Baldwin,jennifer.baldwin184@gmail.com,865.339.7054x873,Alumni,2013,Low,Lake Davidtown,NY,2024-01-15,110.5,Annual Fund
G202391,CA100426,Michael,Chandler,michael.chandler566@hotmail.com,287.512.5521x376,Friend,,High,Petersonhaven,GA,2024-04-29,3523.25,Athletics
G202392,CA101088,Michael,Anderson,michael.anderson93@yahoo.com,(818)950-7610x87082,Alumni,2015,Low,Port Williamburgh,MP,2026-05-20,148.61,Scholarship Fund
G202393,CA100709,Caitlin,Butler,caitlin.butler614@hotmail.com,634-874-5245x557,Parent,,Low,Farmertown,WV,2025-05-23,70.52,Capital Campaign
G202394,CA101201,Bethany,Chase,bethany.chase474@gmail.com,,Alumni,2022,Medium,Bradleyberg,GU,2023-01-31,233.17,Annual Fund
G202395,CA101760,Amanda,Rich,amanda.rich414_at_gmail.com,(226)742-5972,Alumni,2009,Low,Kennethburgh,GU,2024-12-11,172.54,Scholarship Fund
G202396,CA100201,Edward,Cannon,edward.cannon411_at_gmail.com,,Alumni,1986,High,Guerreroberg,VA,2026-02-14,3000.53,Capital Campaign
G202397,CA101354,Karen,Anderson,karen.anderson805@hotmail.com,786-884-1962x33260,Alumni,2005,High,Gabrielchester,MP,2022-09-23,4469.87,Unrestricted
G202398,CA101488,Lawrence,Moore,lawrence.moore132@hotmail.com,575.687.0894x326,Organization,,Low,Johnchester,PA,2023-12-19,199.67,Capital Campaign
G202399,CA100693,Dillon,Harvey,dillon.harvey794@gmail.com,+1-296-805-9329x715,Alumni,1968,Low,Port Robin,NH,2023-02-21,60.57,Athletics
G202400,CA100278,Michael,Smith,michael.smith812@hotmail.com,962.409.5935x18638,Alumni,2013,Low,Marcusmouth,DE,2022-09-23,108.42,Athletics
G202401,CA100845,George,Nelson,george.nelson748@gmail.com,680.962.2072x23959,Alumni,2012,Low,South Gregory,DE,2025-11-13,102.35,Scholarship Fund
G202402,CA101046,Joshua,Gardner,joshua.gardner381@gmail.com,001-667-439-8344x8838,Alumni,1991,Low,Laurenfurt,PW,2024-12-15,116.07,Athletics
G202403,CA101285,Crystal,Williams,crystal.williams860@gmail.com,808.480.8172,Friend,,Low,New Sonya,OH,04-Jul-2023,89.51,Endowment
G202404,CA100916,Dennis,Schneider,,8603119875,Alumni,2012,Medium,Yuchester,WI,11/21/2023,242.59,Capital Campaign
G202405,CA100127,Dennis,Sanchez,dennis.sanchez235@gmail.com,517-551-8304x69901,Faculty/Staff,,Low,Clarkmouth,ME,2025-11-10,378.5,Unrestricted
G202406,CA101509,Steven,Dixon,steven.dixon624_at_hotmail.com,276-972-0005x2141,Friend,,High,South Dannybury,KY,2023-02-02,1126.72,Scholarship Fund
G202407,CA101614,Dillon,Baxter,dillon.baxter666@gmail.com,(202)421-6908x8754,Friend,,Principal,East Kendra,MN,"May 06, 2024",18129.95,Scholarship Fund
G202408,CA100345,Linda,Simmons,linda.simmons718_at_hotmail.com,,Organization,,Low,Nguyenshire,ND,2026-08-12,136.57,Capital Campaign
G202409,CA101588,Tara,Sharp,tara.sharp31@hotmail.com,,Faculty/Staff,,Medium,New John,AK,2024-09-21,1076.97,Annual Fund
G202410,CA100231,Gina,Johnson,gina.johnson679@hotmail.com,901-810-2481x93466,Friend,,Low,Stewartfurt,TX,2026-01-25,110.82,Annual Fund
G202411,CA100688,Paul,Spears,paul.spears805@gmail.com,255-357-2773x82646,Friend,,Low,Hoffmanstad,CO,2025-12-26,113.04,Athletics
G202412,CA100251,Christopher,Thomas,christopher.thomas927@hotmail.com,(211)443-5190x66984,Alumni,2006,Principal,Gonzalesborough,PR,2023-09-13,28674.74,Endowment
G202413,CA101565,  Danielle ,Cox,danielle.cox14@gmail.com,953-903-0440,Faculty/Staff,,High,Lake Jenniferton,RI,2025-12-06,2419.15,Annual Fund
G202414,CA101188,Kenneth,Thomas,kenneth.thomas583@yahoo.com,2432261189,Faculty/Staff,,Medium,West Patrick,NE,2022-10-13,173.25,Annual Fund
G202415,CA100675,Tara,PARKER,tara.parker18@gmail.com,(476)527-0232x441,Friend,,High,South Christopher,IA,"January 08, 2023",4873.98,Unrestricted
G202416,CA100800,Brittany,Clark,brittany.clark634@hotmail.com,,Alumni,2015,Medium,Smithland,OR,2025-12-13,672.33,Scholarship Fund
G202417,CA100860,Tonya,Richardson,tonya.richardson326_at_hotmail.com,001-259-210-2451x091,Friend,,High,Port George,MO,06/17/2024,9452.1,Annual Fund
G202418,CA100761,Hannah,Perry,hannah.perry102@yahoo.com,(343)374-9060x7231,Parent,,Medium,Port Tracy,HI,01/07/2023,785.43,Scholarship Fund
G202419,CA100583,Christopher,Miranda,christopher.miranda654@hotmail.com,558-233-1170,Friend,,Low,South Lori,ID,2023-09-18,39.42,Capital Campaign
G202420,CA100378,Derek,Farmer,derek.farmer237_at_hotmail.com,580-815-7164x7947,Organization,,Medium,Tracichester,ID,2025-05-28,970.57,Endowment
G202421,CA101090,Michael,Bruce,michael.bruce593@hotmail.com,688.821.7648,Parent,,Low,Gonzalezmouth,WV,2025-01-07,110.94,Capital Campaign
G202422,CA100559,Luke,Johnson,luke.johnson799@hotmail.com,001-360-456-7303x06442,Alumni,2017,Low,West Richardport,VI,2026-06-02,141.11,Athletics
G202423,CA100890,Hannah,Spencer,hannah.spencer840_at_hotmail.com,707-332-1464x49369,Alumni,2010,High,Ruizborough,FM,2024-10-23,2109.42,Annual Fund
G202424,CA100397,Lori,Smith,lori.smith303@hotmail.com,5039486451,Parent,,Low,Smithfurt,PW,2025-11-09,238.09,Capital Campaign
G202425,CA101333,Brittany,Hernandez,brittany.hernandez933@hotmail.com,8752515452,Alumni,2022,Medium,Morrisshire,UT,2025-02-26,331.62,Athletics
G202426,CA100637,Shannon,Davenport,shannon.davenport111@yahoo.com,001-772-929-8120x99576,Alumni,1991,Low,New Jennifer,KY,2023-12-09,75.71,Unrestricted
G202427,CA101262,Brenda,Jackson,brenda.jackson46@gmail.com,(425)601-8256,Alumni,2002,Low,Jacksonchester,ID,"May 07, 2024",113.54,Capital Campaign
G202428,CA101259,Matthew,Moran,matthew.moran381@hotmail.com,,Alumni,2020,Medium,Susanview,AR,2022-07-23,755.4,Unrestricted
G202429,CA101206,Allen,Taylor,allen.taylor998@hotmail.com,282-423-8794,Faculty/Staff,,Principal,Taylorhaven,MI,2025-05-29,27922.08,Annual Fund
G202430,CA101719,Selena,Nguyen,selena.nguyen421@hotmail.com,977.843.5404,Friend,,High,West Julie,TX,"February 12, 2026",837.72,Capital Campaign
G202431,CA100107,Francisco,Ewing,francisco.ewing250@hotmail.com,395-888-8794x7055,Alumni,2011,Low,Lauratown,PA,2025-08-16,66.95,Annual Fund
G202432,CA100107,FRANCISCO,ewing,francisco.ewing250@hotmail.com,395-888-8794x7055,Alumni,2011,Low,Lauratown,PA,"August 16, 2025",66.95,Annual Fund
G202433,CA101054,Veronica,Rogers,veronica.rogers773@hotmail.com,+1-828-355-3595x205,Parent,,Low,North Rickfort,OK,01-Jun-2025,35.71,Capital Campaign
G202434,CA100543,Diana,Flores,diana.flores677@yahoo.com,871.719.6421x522,Faculty/Staff,,High,Troyfort,UT,2024-04-27,4979.89,Capital Campaign
G202435,CA101364,Alexander,Tucker,alexander.tucker881@gmail.com,001-412-331-5550x5705,Friend,,Low,Williamsonbury,NC,2026-04-17,151.06,Athletics
G202436,CA100269,Justin,Nichols,justin.nichols623@hotmail.com,874.806.4930x8536,Alumni,1978,Medium,East Jennifer,SD,16-Nov-2024,1315.35,Athletics
G202437,CA100848,James,Smith,james.smith679@yahoo.com,,Alumni,2019,Low,South Michelle,WY,06-Dec-2024,45.82,Athletics
G202438,CA100125,Ivan,Medina,ivan.medina413@gmail.com,,Friend,,Low,West Meredith,FL,2024-11-30,74.01,Capital Campaign
G202439,CA100281,Colton,Hardy,colton.hardy697@hotmail.com,(933)883-9288x6195,Alumni,1998,Low,East Lauraside,MO,2023-01-06,50.82,Unrestricted
G202440,CA100044,Kevin,Powell,kevin.powell71@yahoo.com,287.671.9065x94013,Friend,,Principal,Port Katelynfort,NC,2023-10-26,73633.21,Unrestricted
G202441,CA101281,Linda,Ford,linda.ford86@yahoo.com,001-508-564-9426x9420,Parent,,Low,Lake Kelliemouth,ME,2023-07-16,70.1,Unrestricted
G202442,CA100866,William,Simpson,william.simpson873@yahoo.com,726.200.5595,Alumni,1995,Medium,South Kelseyhaven,ID,"July 07, 2026",214.14,Athletics
G202443,CA100196,Jenna,Powell,jenna.powell107@hotmail.com,001-202-733-0307,Alumni,2011,Medium,West Micheal,NH,27-Sep-2022,458.97,Scholarship Fund
G202444,CA100547,Suzanne,Padilla,suzanne.padilla658@yahoo.com,001-706-450-1917x9202,Alumni,1984,Medium,East Chrisshire,MP,2024-02-26,85.53,Capital Campaign
G202445,CA100683,Jessica,Schmidt,jessica.schmidt186@yahoo.com,621.781.2276,Alumni,1988,Medium,Barkerbury,PW,06/19/2024,794.99,Capital Campaign
G202446,CA100593,Joseph,Stone,joseph.stone173@hotmail.com,8267325703,Alumni,2012,Medium,Lake Christopher,PW,2022-07-13,405.39,Capital Campaign
G202447,CA100750,Mary,Johnson,mary.johnson381@yahoo.com,001-415-311-6966x6725,Faculty/Staff,,Medium,Michaelchester,FM,04/13/2023,137.49,Unrestricted
G202448,CA101645,Tanya,Whitaker,tanya.whitaker8@gmail.com,(649)220-3693x091,Alumni,1995,Low,Lake Martinmouth,IA,2024-12-25,53.57,Annual Fund
G202449,CA100719,Anthony,Guzman,anthony.guzman760@gmail.com,001-528-551-5533x34264,Alumni,2008,Low,Anthonymouth,DE,2024-09-30,82.16,Capital Campaign
G202450,CA100045,  Denise ,Moon,denise.moon827@gmail.com,001-367-417-5655,Alumni,1995,Medium,Robertfort,LA,05/10/2024,365.71,Capital Campaign
G202451,CA100110,Amy,Lowe,amy.lowe549@hotmail.com,+1-749-973-3484x34437,Parent,,Medium,Annview,LA,2026-09-08,545.6,Capital Campaign
G202452,CA100015,Joseph,Anderson,joseph.anderson164@hotmail.com,675-410-7991x1838,Alumni,1986,Low,Nicolebury,MN,2026-05-04,151.21,Unrestricted
G202453,CA100005,Jason,Hahn,jason.hahn128@hotmail.com,837-767-2423x88496,Parent,,Medium,East William,CO,15-Jan-2025,164.27,Unrestricted
G202454,CA100493,Mckenzie,Smith,mckenzie.smith476@gmail.com,+1-866-691-8362x6448,Alumni,2011,Medium,Goodwinland,CT,2023-10-14,204.3,
G202455,CA100558,Kayla,Gonzalez,kayla.gonzalez425@yahoo.com,955-297-3714,Alumni,2003,Medium,South Dustin,IL,2022-12-15,452.62,Capital Campaign
G202456,CA100905,Walter,Kramer,walter.kramer340@yahoo.com,(870)786-7009x0043,Alumni,2022,Low,Christopherhaven,KY,06/16/2026,98.13,Annual Fund
G202457,CA101399,Lindsay,Mccoy,lindsay.mccoy969@yahoo.com,8368948112,Parent,,High,Ashleyland,RI,2026-01-07,964.94,Athletics
G202458,CA100292,Sara,Smith,sara.smith409@gmail.com,245.676.2055x54384,Alumni,1972,High,Zamoratown,OH,2026-02-26,4364.2,Athletics
G202459,CA100067,David,Brown,david.brown179@hotmail.com,,Parent,,Medium,Elizabethchester,MI,07/25/2023,554.81,Athletics
G202460,CA100853,Christina,Hill,christina.hill361@gmail.com,8044023693,Parent,,High,Payneview,PW,2026-06-21,1866.84,Endowment
G202461,CA101782,Diana,Henry,diana.henry311@hotmail.com,001-971-756-5969x57945,Parent,,Low,Cherylstad,MN,2024-01-29,36.31,Athletics
G202462,CA100067,David,Brown,david.brown179@hotmail.com,,Parent,,Medium,Elizabethchester,MI,"July 22, 2022",477.53,Endowment
G202463,CA101677,Kelsey,Tucker,kelsey.tucker395@hotmail.com,9988636152,Alumni,1983,Low,Mariaport,ME,06/13/2023,36.05,Endowment
G202464,CA100434,Teresa,Colon,teresa.colon499@gmail.com,727.372.8813x77028,Alumni,2001,Low,Rodriguezstad,OK,2025-02-18,237.07,Endowment
G202465,CA100779,Nicholas,Richardson,nicholas.richardson92@hotmail.com,(765)325-4837x44171,Faculty/Staff,,Medium,Port Davidville,IA,2024-08-06,426.25,Unrestricted
G202466,CA100484,Sandra,Wise,sandra.wise537_at_gmail.com,,Alumni,2010,Medium,Gregorymouth,PR,2022-10-26,129.55,Endowment
G202467,CA100171,Ryan,Brandt,ryan.brandt932@gmail.com,,Alumni,2019,Medium,Josemouth,AS,2023-11-19,827.2,Annual Fund
G202468,CA100769,Shaun,Farley,shaun.farley800@yahoo.com,(755)962-8333x393,Friend,,Low,Brooksport,IL,2026-07-01,62.54,Endowment
G202469,CA101442,Carol,Sims,carol.sims488@yahoo.com,(793)327-8417x8376,Alumni,1980,Low,Paulahaven,DC,06/26/2024,148.89,Endowment
G202470,CA101722,Rachel,Thompson,rachel.thompson982@gmail.com,(754)959-2055x967,Alumni,1983,Medium,Greeneland,CT,2024-08-21,351.35,Annual Fund
G202471,CA101780,Michele,Sanchez,michele.sanchez613@hotmail.com,5135871628,Alumni,1974,Low,Rogerton,MD,2026-07-17,112.28,Annual Fund
G202472,CA100841,Jennifer,Johnson,jennifer.johnson150@hotmail.com,(556)607-6761x645,Alumni,1972,Medium,Rhondaview,NJ,06-Mar-2023,254.06,Unrestricted
G202473,CA100240,Rebecca,Ward,rebecca.ward829@yahoo.com,800.851.8449x892,Parent,,Low,Brianaland,NC,2025-10-16,145.95,Unrestricted
G202474,CA101668,John,Christensen,john.christensen668@hotmail.com,7738920025,Alumni,2018,Low,Katherineborough,IA,2023-08-07,103.35,Capital Campaign
G202475,CA101080,Ashley,Robinson,ashley.robinson539@yahoo.com,410.408.1785,Alumni,2000,Medium,North Michealside,NV,07-Feb-2025,1026.86,Capital Campaign
G202476,CA101374,Michael,Cantu,michael.cantu223@gmail.com,001-996-921-8366,Faculty/Staff,,Low,New Juliechester,MT,2023-03-23,98.28,Annual Fund
G202477,CA101326,Harold,Turner,harold.turner580@gmail.com,695.747.9406,Alumni,1996,Low,North Erin,MD,2024-03-18,149.24,Capital Campaign
G202478,CA101217,Jeremiah,Byrd,jeremiah.byrd120@yahoo.com,282.718.8496x80664,Faculty/Staff,,Medium,Port Craigton,HI,2023-02-15,253.1,Scholarship Fund
G202479,CA101671,Crystal,Young,crystal.young905@hotmail.com,224.261.6303x4383,Alumni,1978,Low,New Christopherbury,MD,2026-08-02,58.96,Endowment
G202480,CA101496,Cody,Bridges,cody.bridges502@gmail.com,+1-357-956-2641x26084,Alumni,2011,High,Mooreshire,RI,2022-09-30,3332.9,Athletics
G202481,CA100544,Teresa,GUZMAN,teresa.guzman861@hotmail.com,,Parent,,Low,Devonbury,MS,2023-03-05,78.52,Endowment
G202482,CA100536,  Lisa ,Holloway,lisa.holloway806@gmail.com,001-942-540-8916x4983,Alumni,1996,Medium,Josephshire,SC,2025-01-09,481.02,Athletics
G202483,CA101275,Jesus,Tran,jesus.tran630@gmail.com,(941)485-8990x027,Parent,,Medium,North Kimberlyport,MA,2024-08-02,507.55,Unrestricted
G202484,CA100363,Christine,Martin,christine.martin543@hotmail.com,722-422-3105x9274,Alumni,2007,Low,New Jasmine,TN,12/04/2025,51.2,Endowment
G202485,CA101311,James,Young,james.young342@hotmail.com,(923)203-9744x08806,Friend,,Medium,Riddleton,PA,2023-02-15,443.29,Unrestricted
G202486,CA100387,Christopher,Watts,christopher.watts661@yahoo.com,,Alumni,2018,Principal,West Geoffreyside,MD,01/05/2026,21557.83,Unrestricted
G202487,CA100657,Leah,Crane,leah.crane795@yahoo.com,494.477.3522x87056,Alumni,2002,Low,Jonestown,ME,08/20/2026,116.54,Capital Campaign
G202488,CA101726,Phillip,Williams,phillip.williams154@gmail.com,887.388.5285,Parent,,Low,Kimberlyshire,NH,2023-04-05,70.05,Athletics
G202489,CA100519,Abigail,Higgins,abigail.higgins836@gmail.com,314-665-1113x1290,Alumni,1998,Low,Stokestown,NE,19-May-2023,88.28,Endowment
G202490,CA100754,Pamela,Leon,,741-952-9821x7392,Alumni,1996,Low,Bowersville,TN,2023-03-19,59.07,Scholarship Fund
G202491,CA101045,Cheryl,Walker,cheryl.walker456@gmail.com,774-435-7483,Alumni,1996,Medium,Morenofurt,VI,2023-11-13,191.06,Athletics
G202492,CA100899,Amanda,Ho,amanda.ho70@hotmail.com,,Alumni,1996,Medium,Port Heatherton,IN,2024-04-08,235.56,Capital Campaign
G202493,CA100988,Danny,Gonzalez,danny.gonzalez664@gmail.com,001-862-658-8576,Faculty/Staff,,Low,Johnsonville,OH,2023-08-22,156.17,Scholarship Fund
G202494,CA101312,Gary,Werner,gary.werner450@hotmail.com,,Organization,,Low,New Hollyland,ND,2026-05-25,70.92,Endowment
G202495,CA101755,Michael,Higgins,michael.higgins538@yahoo.com,905-813-3793x7669,Alumni,2014,Medium,Lake Ericafurt,WI,2022-10-11,993.44,Unrestricted
G202496,CA100779,Nicholas,Richardson,nicholas.richardson92@hotmail.com,(765)325-4837x44171,Faculty/Staff,,Medium,Port Davidville,IA,2024-06-21,771.33,Scholarship Fund
G202497,CA100408,Scott,Zhang,scott.zhang971@hotmail.com,677.512.1513x4228,Alumni,2016,Low,New Katieburgh,MT,2025-01-29,100.57,Unrestricted
G202498,CA100818,Jennifer,Baldwin,jennifer.baldwin184@gmail.com,865.339.7054x873,Alumni,2013,Low,Lake Davidtown,NY,09/29/2025,98.06,Athletics
G202499,CA101609,William,Johns,william.johns730@yahoo.com,877-409-0676x1837,Alumni,1980,High,Aaronchester,SD,2025-02-25,1301.74,Scholarship Fund
G202500,CA100307,Daniel,Blair,daniel.blair486@hotmail.com,917.994.6954x89952,Alumni,,Medium,Mortonbury,VT,2025-07-22,172.21,Unrestricted
G202501,CA101274,Alexandra,Hill,alexandrahill787@yahoocom,8669187564,Alumni,2011,Low,Lake Natalie,WV,2026-01-06,105.05,Athletics
G202502,CA100430,Victoria,Campbell,victoria.campbell687@gmail.com,384.285.2008x94346,Alumni,2014,Low,Jordanhaven,MI,2022-12-06,101.58,Athletics
G202503,CA100386,Bryan,Garza,bryan.garza389@gmail.com,(259)505-6165x565,Friend,,Low,East Deborah,OR,2023-01-06,68.54,Capital Campaign
G202504,CA101407,Tyler,Harris,tyler.harris460@gmail.com,001-319-640-2470x288,Alumni,2013,High,North Davidside,NH,"May 15, 2024",1807.29,Athletics
G202505,CA100364,Logan,Cooper,logan.cooper95@yahoo.com,482.284.1067x275,Alumni,1981,Principal,Deborahport,NJ,2026-06-22,27174.66,Scholarship Fund
G202506,CA100008,Tricia,Roman,tricia.roman380@gmail.com,4399117182,Parent,,Low,West Allison,PA,2023-11-17,84.76,Scholarship Fund
G202507,CA100127,Dennis,Sanchez,dennis.sanchez235@gmail.com,517-551-8304x69901,Faculty/Staff,,Low,Clarkmouth,ME,2022-10-12,46.71,Scholarship Fund
G202508,CA100157,Becky,Knight,becky.knight655@yahoo.com,600-417-0127x70632,Parent,,High,Clarencestad,KS,"February 07, 2023",831.61,Athletics
G202509,CA101561,Donald,Palmer,donald.palmer252@gmail.com,365-981-5398x852,Friend,,High,Matthewton,AS,2023-06-15,-8962.47,Endowment
G202510,CA100137,Christian,Mcgee,christian.mcgee473@yahoo.com,8167315999,Alumni,1971,Medium,Lake Joshuamouth,NM,2024-12-10,355.78,Annual Fund
G202511,CA100687,Andrew,Perry,andrew.perry374@gmail.com,647-995-1330x531,Alumni,2001,Medium,Waltersmouth,ND,"December 07, 2024",300.92,Endowment
G202512,CA100697,Latasha,Bowen,latasha.bowen991@yahoo.com,,Organization,,Medium,Douglasberg,PW,2024-04-15,769.39,Capital Campaign
G202513,CA100764,Sarah,Wang,sarah.wang665@gmail.com,001-835-809-0254x25730,Alumni,2014,Medium,West William,IN,2026-06-11,677.17,Endowment
G202514,CA100348,Sharon,Bishop,sharon.bishop929@gmail.com,+1-327-391-4560x833,Parent,,Medium,Michelleside,NY,2026-05-05,144.39,Athletics
G202515,CA101244,Sabrina,Bennett,sabrina.bennett533@gmail.com,272-594-7638,Alumni,1995,Low,Lake Raymondmouth,KS,2022-07-15,72.09,Scholarship Fund
G202516,CA101420,  Tina ,Hansen,tina.hansen679@hotmail.com,9376891213,Parent,,Low,Port Jennifer,PA,10-Jun-2023,106.25,
G202517,CA100332,Sean,MORTON,sean.morton144@yahoo.com,001-837-828-0512x927,Friend,,Medium,Lake Scott,SC,2025-12-20,253.18,Endowment
G202518,CA101266,Benjamin,Ross,benjamin.ross348@yahoo.com,760-276-2643,Alumni,2008,High,New Markmouth,HI,2024-10-03,9740.44,Athletics
G202519,CA100300,Kelly,Sanders,kelly.sanders846@yahoo.com,001-347-426-4908x27718,Alumni,2006,Low,South Robert,NV,2023-11-19,53.54,Capital Campaign
G202520,CA101242,Andrea,Davis,andrea.davis640@yahoo.com,(364)971-0680,Alumni,1998,Low,Stephensontown,PW,03/11/2023,72.12,Athletics
G202521,CA100232,David,Smith,david.smith833@hotmail.com,+1-619-901-5814x491,Alumni,2009,Low,Fostertown,NJ,2023-07-26,94.88,Athletics
G202522,CA100735,  Courtney ,Ruiz,courtney.ruiz601@hotmail.com,641.389.7215x406,Alumni,2009,Low,Simmonsburgh,FM,2023-10-26,45.44,Unrestricted
G202523,CA100025,Diana,Marshall,diana.marshall530@yahoo.com,,Alumni,1998,Low,New Thomas,MH,2026-08-13,113.15,Capital Campaign
G202524,CA101707,Taylor,Wilson,taylor.wilson904@gmail.com,001-466-703-2358x4180,Alumni,2003,Low,Dianeshire,OK,2022-07-21,56.05,Athletics
G202525,CA101551,Joseph,Hernandez,joseph.hernandez658@yahoo.com,(575)514-9753x41157,Organization,,Low,New Briannaton,SD,12/20/2024,132.78,Capital Campaign
G202526,CA101582,Kaitlin,Wilson,kaitlin.wilson3@hotmail.com,+1-776-845-3496x551,Friend,,Low,Oliviafurt,NV,2024-11-20,137.77,Capital Campaign
G202527,CA101435,Travis,Palmer,travis.palmer912@yahoo.com,(594)407-9923x045,Alumni,2007,Low,North Suzanne,SD,21-Feb-2026,88.85,Athletics
G202528,CA100493,Mckenzie,Smith,mckenzie.smith476@gmail.com,+1-866-691-8362x6448,Alumni,2011,Medium,Goodwinland,CT,2024-07-28,1257.75,Annual Fund
G202529,CA101544,Kevin,Haney,,+1-763-584-9368x0635,Faculty/Staff,,Medium,Lake Marytown,WI,23-Apr-2023,844.38,Capital Campaign
G202530,CA100566,Tammy,Sloan,tammy.sloan163_at_yahoo.com,+1-860-253-8444x4630,Alumni,1989,Medium,North Ericstad,MP,2024-12-11,244.83,Endowment
G202531,CA100424,Eric,Clayton,eric.clayton46@hotmail.com,5159619318,Parent,,High,Victoriastad,WI,2026-07-22,3708.02,Endowment
G202532,CA100653,Cody,Jackson,cody.jackson575@yahoo.com,001-531-226-9789,Alumni,1986,Medium,Kingport,WA,2025-08-03,524.72,Unrestricted
G202533,CA101327,Heather,Archer,heather.archer466@yahoo.com,001-805-871-9189,Parent,,Low,Melaniefurt,OR,2025-01-26,40.33,Capital Campaign
G202534,CA101510,Ann,Savage,annsavage180@gmailcom,+1-389-651-2370x8511,Alumni,1992,Medium,Michaelstad,MT,"October 19, 2023",730.46,Capital Campaign
G202535,CA101067,Olivia,Russell,olivia.russell506@yahoo.com,,Alumni,2011,Medium,North Evelyn,GU,"December 13, 2022",485.78,Endowment
G202536,CA100165,Jacqueline,Martin,jacqueline.martin544@yahoo.com,684.325.2410x56481,Alumni,2003,Low,Gibsonstad,AR,2025-02-12,108.84,
G202537,CA101750,Mary,Conner,mary.conner488@gmail.com,001-991-298-4808,Alumni,1994,Low,South Aaronhaven,WI,2024-03-01,88.44,Endowment
G202538,CA100818,Jennifer,Baldwin,jennifer.baldwin184@gmail.com,865.339.7054x873,Alumni,2013,Low,Lake Davidtown,NY,2024-10-30,60.54,Capital Campaign
G202539,CA101119,Kayla,Cabrera,kayla.cabrera885@gmail.com,,Alumni,2010,Low,North Jay,VT,2023-12-09,156.14,Endowment
G202540,CA100333,Gary,LANE,gary.lane338@yahoo.com,9415027674,Alumni,2006,Medium,Vegafurt,NJ,2023-08-06,1082.68,Scholarship Fund
G202541,CA101254,Jeremy,Olson,jeremy.olson413@gmail.com,001-462-264-7528x6461,Parent,,Low,Martinezbury,AK,2023-08-31,53.21,Athletics
G202542,CA100203,Howard,Davis,howard.davis582@gmail.com,001-648-625-1353x4655,Alumni,1995,High,Yorkfort,AR,2023-02-05,1134.41,Capital Campaign
G202543,CA101503,Randy,Yoder,randy.yoder790@yahoo.com,937.267.1052x987,Alumni,2018,Medium,Schneiderstad,PR,2022-09-01,2686.99,Capital Campaign
G202544,CA100291,Paul,Nelson,paul.nelson209@hotmail.com,(310)446-3681x579,Friend,,Medium,New Tammy,OH,2026-06-07,244.6,Unrestricted
G202545,CA100080,Holly,Myers,holly.myers293@hotmail.com,,Alumni,2012,Medium,West Angelicamouth,GU,2025-06-12,176.8,Endowment
G202546,CA100723,Benjamin,Carlson,benjamin.carlson371@gmail.com,001-345-496-2622x8225,Alumni,1996,Low,South Jamesfurt,SC,2026-04-27,156.08,Athletics
G202547,CA100245,Candace,Jones,candace.jones837@yahoo.com,,Friend,,Low,Andersontown,ID,2023-09-19,68.59,Athletics
G202548,CA100488,David,Thompson,david.thompson984@hotmail.com,538.816.7423,Alumni,1982,Low,New John,LA,03-Oct-2025,45.89,Endowment
G202549,CA101667,Austin,Graham,austin.graham746@hotmail.com,267.751.8571x16456,Alumni,2010,Medium,Loriborough,ME,25-Jul-2025,607.74,Endowment
G202550,CA100091,Diana,Nelson,diana.nelson975@yahoo.com,(867)465-2775x84161,Alumni,1993,High,Manuelland,MD,2026-06-16,1221.09,Unrestricted
G202551,CA101060,Brittney,Henderson,brittney.henderson734@gmail.com,(303)636-2027x5582,Parent,,Low,Lucerotown,UT,2025-07-31,63.19,Capital Campaign
G202552,CA100376,Julie,Ramirez,julie.ramirez939@hotmail.com,(552)589-3891x190,Parent,,Low,Georgeside,AL,06-Mar-2025,122.71,Annual Fund
G202553,CA100042,Susan,Garcia,susan.garcia469@gmail.com,+1-934-612-3281x2067,Alumni,2016,High,East Keithport,UT,12/06/2023,1419.09,Scholarship Fund
G202554,CA100088,Douglas,Patterson,douglas.patterson578@hotmail.com,(239)862-1851x888,Alumni,2021,Low,Williamsfurt,MN,12-Aug-2022,82.98,
G202555,CA100598,Jose,Turner,jose.turner47@yahoo.com,(896)559-2342,Alumni,2011,Medium,Kevinport,OK,2025-09-12,313.22,Annual Fund
G202556,CA100300,Kelly,Sanders,kelly.sanders846@yahoo.com,001-347-426-4908x27718,Alumni,2006,Low,South Robert,NV,2024-07-01,107.94,Endowment
G202557,CA101001,Amy,Le,amy.le379@hotmail.com,,Alumni,1993,Low,Johnsonmouth,NY,2025-11-10,55.76,Unrestricted
G202558,CA101464,Kenneth,Lawson,kenneth.lawson290@hotmail.com,+1-468-833-4400x95224,Alumni,2019,Low,Jamesmouth,RI,2024-11-14,122.14,Capital Campaign
G202559,CA100445,Natalie,Clark,natalie.clark61@hotmail.com,254-974-3553x79502,Alumni,2014,Medium,North Emilychester,OH,2023-09-10,403.51,Annual Fund
G202560,CA101258,Blake,Vasquez,blake.vasquez122@yahoo.com,001-733-332-9986,Alumni,2002,High,Moniqueton,GA,2024-01-20,2582.34,Scholarship Fund
G202561,CA101202,Jimmy,Jennings,jimmy.jennings602@gmail.com,398.897.9060x854,Alumni,1985,Low,Cookefurt,IA,2025-05-10,65.24,Annual Fund
G202562,CA101696,Lori,Nichols,lori.nichols214@hotmail.com,401.945.5703x934,Alumni,2014,Medium,Lake Amberfurt,MO,2026-05-05,555.99,Unrestricted
G202563,CA101490,Samantha,Chang,samantha.chang549@gmail.com,001-607-773-7295,Alumni,2007,Medium,East Annatown,CA,2023-02-05,514.26,Capital Campaign
G202564,CA101269,Joshua,Patterson,joshua.patterson584@gmail.com,,Alumni,2001,Medium,Murphymouth,CT,2025-07-09,193.75,Scholarship Fund
G202565,CA100067,David,Brown,david.brown179@hotmail.com,,Parent,,Medium,Elizabethchester,MI,27-Jul-2023,331.15,Unrestricted
G202566,CA101154,Timothy,Ortega,timothy.ortega455@yahoo.com,+1-365-724-0622,Alumni,1998,Low,Cherylchester,VI,05/23/2025,76.5,Capital Campaign
G202567,CA100111,David,Rhodes,david.rhodes779@yahoo.com,(652)640-4157x4733,Alumni,2012,Principal,North Christina,OR,2026-03-06,14689.64,Annual Fund
G202568,CA101397,Joshua,Clark,joshua.clark243@gmail.com,,Alumni,1993,Low,West Raymondborough,OR,2026-04-10,141.8,Athletics
G202569,CA100921,Robert,Davis,robert.davis731@gmail.com,001-842-888-6050x537,Alumni,2011,Low,Burchton,NC,2026-05-31,156.62,Unrestricted
G202570,CA101795,Margaret,Crawford,margaret.crawford862@yahoo.com,001-325-372-3163x16037,Alumni,2018,Low,West Kayleemouth,PR,2023-02-02,32.72,Annual Fund
G202571,CA100286,Brent,Dennis,brent.dennis607@yahoo.com,399.981.3646x225,Alumni,2018,Low,New Raymondland,MO,2025-04-08,39.36,Annual Fund
G202572,CA100604,  Thomas ,Wall,thomas.wall712@yahoo.com,(301)846-7238x4979,Alumni,2005,Medium,Lake Andrew,FL,2025-04-03,292.47,Annual Fund
G202573,CA100047,Cindy,Jimenez,cindy.jimenez352@yahoo.com,001-603-248-2477x10932,Alumni,2012,Medium,Davisville,NH,2024-11-03,441.62,Athletics
G202574,CA101576,Wanda,Matthews,wanda.matthews490@yahoo.com,001-238-729-4419x1479,Alumni,2006,Medium,West Scott,OH,2022-10-30,119.99,Unrestricted
G202575,CA100235,James,Carpenter,jamescarpenter159@yahoocom,(623)414-9135x775,Alumni,2014,Medium,Lindseychester,GA,2023-11-09,405.05,Capital Campaign
G202576,CA101350,Megan,Nicholson,megan.nicholson282@hotmail.com,224.652.8413x5694,Alumni,1989,Low,Robinmouth,IL,2023-11-13,39.41,Capital Campaign
G202577,CA101159,Jennifer,Edwards,jennifer.edwards663@yahoo.com,285-775-9171,Alumni,1979,Low,New Melissaton,MN,04/22/2026,107.92,Scholarship Fund
G202578,CA101634,Raymond,Moreno,raymond.moreno655@hotmail.com,(210)346-6275,Friend,,Low,Georgeshire,NV,2025-02-05,202.72,Unrestricted
G202579,CA101208,Ann,Taylor,,218-216-1255x90461,Organization,,High,Guzmanbury,AR,2023-05-26,3358.73,Annual Fund
G202580,CA100215,Ashley,Kim,ashley.kim523@hotmail.com,(759)202-7716x7014,Alumni,2004,Medium,Lake Morgan,NC,11-Feb-2024,159.31,Scholarship Fund
G202581,CA100731,Tracey,Miller,tracey.miller534@hotmail.com,(468)232-3035,Alumni,1973,Medium,Amberhaven,GA,2023-03-13,1160.77,Athletics
G202582,CA100972,Natalie,Contreras,natalie.contreras291@yahoo.com,,Alumni,2006,Low,East Dana,MO,2025-01-28,54.38,Endowment
G202583,CA100780,Charles,Brooks,charles.brooks1@gmail.com,001-431-910-0591,Organization,,Low,Kristiville,RI,2026-05-11,147.59,Capital Campaign
G202584,CA101329,Jacob,Sanchez,jacob.sanchez340@hotmail.com,001-277-718-4301x922,Alumni,1994,Medium,Burnsborough,ID,2024-05-20,503.97,Endowment
G202585,CA100055,Kenneth,Lyons,kenneth.lyons182@gmail.com,+1-664-409-0974x39533,Alumni,2015,Low,Lake Debbieport,WY,01/26/2023,101.86,Capital Campaign
G202586,CA101605,Michelle,Trujillo,michelle.trujillo816@gmail.com,897-789-2594,Alumni,,High,Stuartview,MS,2024-12-13,2266.69,Scholarship Fund
G202587,CA100409,Samantha,Sanchez,samantha.sanchez649@yahoo.com,+1-915-904-1659x15201,Alumni,2010,Low,Fullerview,PA,2024-11-16,105.35,Capital Campaign
G202588,CA101368,Jeffery,Taylor,jeffery.taylor66@yahoo.com,437.983.1597x5729,Friend,,Low,North William,OH,01/05/2024,152.72,Capital Campaign
G202589,CA100563,Teresa,Ray,teresa.ray864@gmail.com,(750)844-8177x665,Alumni,1991,High,Danielburgh,NH,04/09/2024,5589.41,Scholarship Fund
G202590,CA101313,Mary,Short,mary.short63@hotmail.com,731-213-2661x1584,Friend,,High,Frankfurt,IA,12/05/2025,3496.52,Endowment
G202591,CA101636,  Rachel ,Barker,rachel.barker696@gmail.com,,Parent,,Low,Nicholstown,NE,2025-10-27,64.8,Athletics
G202592,CA101371,Jessica,Reed,jessica.reed426@hotmail.com,001-858-341-7491,Alumni,1989,High,Smithtown,GA,2023-06-17,6410.24,Annual Fund
G202593,CA101015,Sarah,Merritt,sarah.merritt385@yahoo.com,,Friend,,Medium,Taylorchester,WY,2025-05-07,91.07,Endowment
G202594,CA100923,Stephanie,Saunders,stephanie.saunders477@yahoo.com,450-568-8269x17768,Alumni,1996,High,Kellyton,DE,2024-02-24,5319.41,Athletics
G202595,CA100969,Stephanie,Jimenez,stephanie.jimenez822@hotmail.com,001-412-279-9702x9271,Faculty/Staff,,Medium,Johnmouth,WV,"January 12, 2024",397.33,Athletics
G202596,CA100626,Amy,Morgan,amy.morgan770@yahoo.com,,Alumni,2004,Low,New Joshuaview,TN,2022-07-18,65.15,Unrestricted
G202597,CA100799,William,Roberts,william.roberts708@gmail.com,,Alumni,1976,Low,Pierceton,ID,2026-04-06,66.23,Athletics
G202598,CA101215,Brian,Barber,brian.barber889@hotmail.com,001-668-421-2156x49525,Alumni,1980,Low,South Donnaview,AS,"February 15, 2024",173.86,Capital Campaign
G202599,CA100248,Adrian,MILLS,adrian.mills778@hotmail.com,,Faculty/Staff,,Low,South Diamondmouth,MT,2023-08-10,47.97,Annual Fund
G202600,CA101174,Ronald,Berry,ronald.berry544@hotmail.com,558.818.1045x02437,Faculty/Staff,,Low,West Sarahhaven,NM,2023-09-29,189.21,Endowment
G202601,CA100901,Amy,Jones,amy.jones853@hotmail.com,+1-415-488-1445,Parent,,Low,South Tracyborough,DC,2026-03-30,98.55,Annual Fund
G202602,CA100254,Sarah,Andrews,sarah.andrews21@yahoo.com,(368)618-1845,Parent,,Low,Heatherfurt,OK,2024-07-31,182.02,Scholarship Fund
G202603,CA101591,Hailey,Evans,hailey.evans62@yahoo.com,+1-725-931-6498x283,Friend,,Medium,Scottchester,MI,2025-05-07,452.79,Athletics
G202604,CA100941,Jennifer,Patterson,jennifer.patterson391@hotmail.com,477-206-7368,Friend,,Principal,Kathyfurt,ND,"November 10, 2023",41000.9,Capital Campaign
G202605,CA100848,James,Smith,james.smith679@yahoo.com,,Alumni,2019,Low,South Michelle,WY,2025-11-20,120.53,Athletics
G202606,CA100934,Nicole,BARBER,nicole.barber595@yahoo.com,+1-329-625-0817x76029,Faculty/Staff,,High,South Sharonside,KS,2025-04-05,715.27,Athletics
G202607,CA101640,Megan,Pham,megan.pham697@hotmail.com,414.692.0757x414,Friend,,Medium,Serranoshire,MT,"March 29, 2023",104.07,Endowment
G202608,CA100436,Aaron,Kelley,,9674949756,Faculty/Staff,,Medium,New Dana,WV,2023-03-22,459.29,Annual Fund
G202609,CA100554,Melissa,Jordan,melissa.jordan776@hotmail.com,001-363-939-9129x71024,Friend,,Low,South Leeport,GA,2022-09-21,195.01,Capital Campaign
G202610,CA100165,Jacqueline,Martin,jacqueline.martin544@yahoo.com,684.325.2410x56481,Alumni,2003,Low,Gibsonstad,AR,09-Mar-2023,56.6,
G202611,CA101780,Michele,Sanchez,michele.sanchez613@hotmail.com,5135871628,Alumni,1974,Low,Rogerton,MD,2022-09-16,157.32,Endowment
G202612,CA101203,Billy,Johnson,billy.johnson830@hotmail.com,001-984-333-6113,Alumni,2010,High,New Nicolemouth,CO,2026-07-10,1295.93,Capital Campaign
G202613,CA101004,Andrew,Whitaker,andrew.whitaker792@gmail.com,513-919-3592x3613,Alumni,2007,Low,Klinemouth,HI,2023-09-04,88.08,Athletics
G202614,CA101679,Mary,Savage,mary.savage775@hotmail.com,,Friend,,Medium,Lake Elijahfurt,SC,2023-03-30,1329.55,Unrestricted
G202615,CA101576,Wanda,Matthews,wanda.matthews490@yahoo.com,001-238-729-4419x1479,Alumni,2006,Medium,West Scott,OH,05-Jun-2024,550.99,Annual Fund
G202616,CA100903,Matthew,Johnson,matthew.johnson918@gmail.com,001-700-201-5291x13717,Friend,,Medium,Lake Edwardstad,MD,2026-01-07,535.55,Endowment
G202617,CA101165,Cassandra,Scott,cassandra.scott844@yahoo.com,+1-764-950-9999x0010,Faculty/Staff,,Medium,New Andre,MH,2024-06-03,532.5,Capital Campaign
G202618,CA100975,Brian,Morrow,brian.morrow302@gmail.com,001-367-413-9719,Alumni,2017,Medium,Williamsberg,VA,2023-09-28,439.94,Unrestricted
G202619,CA101275,Jesus,Tran,jesus.tran630@gmail.com,(941)485-8990x027,Parent,,Medium,North Kimberlyport,MA,2023-10-10,273.23,Scholarship Fund
G202620,CA100563,Teresa,Ray,teresa.ray864@gmail.com,(750)844-8177x665,Alumni,1991,High,Danielburgh,NH,2023-05-24,3046.57,Capital Campaign
G202621,CA101242,Andrea,Davis,andrea.davis640@yahoo.com,(364)971-0680,Alumni,1998,Low,Stephensontown,PW,2023-05-02,280.35,
G202622,CA100966,Scott,Martinez,scott.martinez950@yahoo.com,(417)233-7399,Alumni,,Low,Hunterberg,OK,06-Mar-2023,116.15,Athletics
G202623,CA101317,Nicholas,Smith,nicholas.smith815@gmail.com,9269184025,Alumni,2023,Low,East Rebeccahaven,MO,2023-03-27,134.09,Annual Fund
G202624,CA101596,Andres,Rowe,andres.rowe573@hotmail.com,001-857-894-7581,Organization,,Principal,East Kristinhaven,WI,2024-06-18,110913.06,Athletics
G202625,CA100404,Mike,Sutton,mike.sutton496@yahoo.com,607-325-6366,Alumni,2007,Medium,New Brianmouth,IA,05-Dec-2024,1039.23,Unrestricted
G202626,CA100688,Paul,Spears,paul.spears805@gmail.com,255-357-2773x82646,Friend,,Low,Hoffmanstad,CO,2022-08-19,113.16,Unrestricted
G202627,CA101330,Melissa,Thomas,,+1-473-723-9644x028,Alumni,,Medium,Port Frank,MO,05/28/2024,240.48,Athletics
G202628,CA100693,Dillon,Harvey,dillon.harvey794@gmail.com,+1-296-805-9329x715,Alumni,1968,Low,Port Robin,NH,2024-02-28,96.67,Capital Campaign
G202629,CA100844,Gary,Smith,gary.smith340@gmail.com,+1-411-414-2817x852,Alumni,2011,Low,Port Alan,PR,2023-06-30,124.49,Athletics
G202630,CA100589,Garrett,Cook,garrett.cook200@yahoo.com,(407)265-0241,Alumni,1999,Medium,Tarashire,AL,2023-10-06,554.29,Athletics
G202631,CA100094,Devin,Richardson,devin.richardson766@yahoo.com,+1-943-510-2786x8144,Alumni,2015,Principal,Heatherfort,ID,26-Apr-2023,81022.33,Capital Campaign
G202632,CA100605,Lori,Sandoval,lori.sandoval718@gmail.com,383.977.4419x75466,Alumni,2003,Low,Liberg,AK,2024-02-07,100.74,Endowment
G202633,CA100525,Anthony,Wade,anthony.wade332_at_yahoo.com,+1-341-267-8725x68621,Alumni,1982,Low,East Maurice,AL,2025-08-20,184.92,Endowment
G202634,CA101707,Taylor,Wilson,taylor.wilson904@gmail.com,001-466-703-2358x4180,Alumni,2003,Low,Dianeshire,OK,07-Jul-2024,252.44,Capital Campaign
G202635,CA101538,Ashley,Roman,ashley.roman43@hotmail.com,(545)235-9176x50471,Alumni,1999,Low,Port Brittanyshire,MA,12/11/2024,50.04,Scholarship Fund
G202636,CA100187,Ashley,Larsen,ashley.larsen503@gmail.com,3502614973,Parent,,Low,East Danielle,CO,2025-01-07,90.84,Athletics
G202637,CA100148,Richard,Lopez,richard.lopez272@hotmail.com,+1-366-309-3796x60334,Faculty/Staff,,Medium,West Mark,NH,2023-02-10,785.63,Athletics
G202638,CA101068,Brian,Espinoza,brian.espinoza855@hotmail.com,577.475.6919,Alumni,2012,Medium,Lake Andrewburgh,PA,07/24/2025,290.09,
G202639,CA101286,Glenn,Berg,glenn.berg166@yahoo.com,985-600-7288x9592,Alumni,1988,Medium,North Roberttown,NE,2025-05-08,468.83,Athletics
G202640,CA100884,David,Lopez,david.lopez623@hotmail.com,001-813-420-3301,Alumni,2004,Medium,West Susan,OK,2025-03-17,556.91,Annual Fund
G202641,CA100055,Kenneth,Lyons,kenneth.lyons182@gmail.com,+1-664-409-0974x39533,Alumni,2015,Low,Lake Debbieport,WY,22-Sep-2025,96.4,Unrestricted
G202642,CA101445,Keith,Richardson,keith.richardson119@gmail.com,8467250692,Alumni,2015,Medium,Fergusonmouth,PR,2022-08-10,297.55,Unrestricted
G202643,CA101792,William,Jones,william.jones731@gmail.com,856.883.1723,Friend,,Low,Brownport,VT,2022-10-03,126.36,Scholarship Fund
G202644,CA100550,Isaiah,Reese,isaiah.reese995@hotmail.com,+1-617-375-6620x563,Faculty/Staff,,Low,North Michaelmouth,AK,2023-07-23,49.39,Unrestricted
G202645,CA101097,Lisa,Smith,lisa.smith298@gmail.com,(520)819-7121x24139,Parent,,Medium,Fordshire,SD,2024-12-20,850.38,Annual Fund
G202646,CA100872,Stephanie,Jones,stephanie.jones534@yahoo.com,(317)951-8878,Friend,,Medium,Kristenstad,WY,2023-01-20,158.16,Scholarship Fund
G202647,CA100104,Michael,Williams,michael.williams187@yahoo.com,+1-274-880-1624x565,Friend,,Low,New Annastad,OH,2026-03-14,224.31,Athletics
G202648,CA100793,Dustin,Nelson,dustin.nelson257@yahoo.com,659.583.3991x4038,Parent,,High,Hendersontown,ME,08/20/2024,3223.72,Endowment
G202649,CA100162,Paul,Allen,paul.allen774@hotmail.com,+1-418-905-5269x658,Parent,,Principal,North Brendatown,KS,2026-08-22,151203.32,Athletics
G202650,CA100249,Michael,Moore,michael.moore263@hotmail.com,001-844-586-9594,Parent,,Low,Arnoldside,NJ,2025-04-18,92.61,Athletics
G202651,CA100478,Jared,Williams,jared.williams782@gmail.com,676-356-3600,Alumni,2010,High,West Ellen,NH,2025-11-19,3658.34,Capital Campaign
G202652,CA100528,Christopher,Williams,christopher.williams448@yahoo.com,743.635.6708x60414,Alumni,1975,Low,Jenniferbury,MD,2023-04-06,109.15,Scholarship Fund
G202653,CA101640,Megan,Pham,megan.pham697@hotmail.com,414.692.0757x414,Friend,,Medium,Serranoshire,MT,2023-03-09,471.61,
G202654,CA100251,Christopher,Thomas,christopher.thomas927@hotmail.com,(211)443-5190x66984,Alumni,2006,Principal,Gonzalesborough,PR,2025-03-16,8022.37,Endowment
G202655,CA100951,Alyssa,Harrington,alyssa.harrington701@yahoo.com,,Parent,,Low,East Michellehaven,CT,2024-04-07,110.76,Unrestricted
G202656,CA100202,Anthony,Jimenez,anthony.jimenez544@yahoo.com,766-660-9935x387,Parent,,Low,Port Diane,OH,2024-12-18,56.57,Capital Campaign
G202657,CA100921,Robert,Davis,robert.davis731@gmail.com,001-842-888-6050x537,Alumni,2011,Low,Burchton,NC,"February 25, 2025",128.99,Capital Campaign
G202658,CA100807,  Heather ,Lewis,heather.lewis555@yahoo.com,+1-660-907-6762x09014,Alumni,2006,Low,Port Joseph,TN,05-Apr-2026,49.38,Athletics
G202659,CA100892,Robert,Ferrell,robert.ferrell645@gmail.com,287-623-3351,Alumni,2019,Low,New Robertview,SD,2022-11-22,23.17,Annual Fund
G202660,CA101063,Kara,Vaughn,kara.vaughn435@yahoo.com,(916)588-0053,Alumni,1990,Medium,New Tiffanyberg,NY,2025-03-25,401.09,Capital Campaign
G202661,CA100290,Jonathan,Webb,jonathanwebb465@hotmailcom,(606)598-0420,Organization,,Low,Briantown,CA,2025-08-08,54.45,Annual Fund
G202662,CA101218,Christopher,Ochoa,christopher.ochoa22@yahoo.com,834-212-3016x0498,Friend,,Low,South Douglas,VT,2026-02-11,152.39,Endowment
G202663,CA101639,Shannon,Smith,shannon.smith610@yahoo.com,001-737-795-8291,Alumni,2007,Medium,Lisaland,NE,2024-12-01,391.04,Annual Fund
G202664,CA100179,Meghan,Salinas,meghan.salinas579@yahoo.com,(423)595-5905,Alumni,2013,Low,Weaverburgh,NM,2026-05-27,72.19,Unrestricted
G202665,CA101680,Brenda,Martinez,brenda.martinez282@yahoo.com,693-996-0610,Alumni,2004,High,Port Walterville,MP,2023-11-28,3072.08,Athletics
G202666,CA100760,Elizabeth,Macias,elizabeth.macias805@yahoo.com,,Alumni,2003,High,Jamieview,MT,2024-09-12,1604.21,Annual Fund
G202667,CA100936,Craig,Morrison,craig.morrison307@gmail.com,(813)363-8527x7895,Parent,,Low,East Seth,MH,2025-06-06,159.61,Annual Fund
G202668,CA101118,Darlene,Clark,darlene.clark705_at_gmail.com,,Friend,,Medium,East Jessica,OH,2022-12-30,216.97,Athletics
G202669,CA100868,Courtney,Conner,courtney.conner776@yahoo.com,(679)893-5937x44039,Faculty/Staff,,Principal,Adambury,AZ,2026-03-07,98720.46,Unrestricted
G202670,CA101455,Zachary,Stewart,zachary.stewart696@yahoo.com,317.878.4019x027,Alumni,2010,Medium,South Jacqueline,NE,2022-11-17,950.3,Unrestricted
G202671,CA101397,Joshua,Clark,joshua.clark243@gmail.com,,Alumni,1993,Low,West Raymondborough,OR,2025-12-10,81.33,Annual Fund
G202672,CA100885,Aaron,Clark,,001-806-815-3722x155,Alumni,2007,Principal,Scottborough,PR,2026-06-11,85771.13,Unrestricted
G202673,CA101400,Robert,Mayo,robert.mayo811@gmail.com,,Alumni,1991,Medium,Flemingside,IN,2024-07-11,754.87,Capital Campaign
G202674,CA100889,Hannah,Nelson,hannah.nelson467@hotmail.com,446.901.9134x43899,Friend,,Medium,East Susanmouth,WI,2022-10-08,376.1,Annual Fund
G202675,CA101672,Eric,Parker,eric.parker205@gmail.com,,Alumni,2017,Medium,South Heatherview,CT,2025-12-22,453.33,Endowment
G202676,CA101713,Eric,Simon,eric.simon10@yahoo.com,(651)400-5108x194,Parent,,Medium,South Natalie,IL,2023-03-12,490.93,Athletics
G202677,CA101298,Manuel,Santana,manuel.santana8@hotmail.com,220.799.8656x4224,Friend,,High,North April,IN,2023-06-17,1961.2,Endowment
G202678,CA100308,Kelly,Lee,kelly.lee234@gmail.com,7715396605,Parent,,High,Lake Jamesport,KS,2023-09-18,1193.73,Scholarship Fund
G202679,CA100722,Cameron,BAUTISTA,cameron.bautista8@hotmail.com,231-467-0450x2329,Parent,,Low,East Heather,WV,05-Nov-2023,66.19,Annual Fund
G202680,CA100109,Andrew,Edwards,andrew.edwards314@gmail.com,(836)789-7028x38578,Friend,,Low,South Rhonda,MA,"November 01, 2025",107.67,Athletics
G202681,CA100326,Douglas,Dyer,douglas.dyer191@hotmail.com,(921)826-7969x27868,Friend,,Low,Jeremiahchester,PA,2022-10-09,92.84,
G202682,CA101229,Lisa,Jones,lisa.jones105@gmail.com,530-521-5167x58646,Alumni,2000,Medium,Jesseside,CO,2026-01-31,1031.0,Unrestricted
G202683,CA100286,Brent,Dennis,brent.dennis607@yahoo.com,399.981.3646x225,Alumni,2018,Low,New Raymondland,MO,2025-12-21,142.6,Capital Campaign
G202684,CA100482,Anna,Lopez,anna.lopez530@gmail.com,+1-466-213-3155,Friend,,Low,Valdeztown,MS,2023-03-22,150.28,Capital Campaign
G202685,CA101002,Larry,Brown,larry.brown103@gmail.com,(585)816-2259,Friend,,Medium,Amyberg,AL,2022-11-10,365.03,Capital Campaign
G202686,CA100691,Tiffany,Pierce,tiffany.pierce79@yahoo.com,001-836-994-5515x88863,Alumni,2012,Medium,Mitchellmouth,GA,2025-02-13,265.74,Scholarship Fund
G202687,CA100216,Alexandra,Haynes,alexandra.haynes661@gmail.com,(437)356-2890x02877,Parent,,Medium,Floresmouth,KY,2025-09-24,239.5,Scholarship Fund
G202688,CA101449,Eric,Brown,eric.brown709@hotmail.com,001-545-416-7670x636,Alumni,1994,Medium,Gonzalezville,CA,09/29/2023,484.95,Unrestricted
G202689,CA101267,James,Henderson,,(623)413-3610x94416,Alumni,1998,Low,Lake Cory,MI,2024-05-07,174.3,Athletics
G202690,CA100440,Logan,Scott,logan.scott587@gmail.com,682-842-2412,Organization,,High,North Christina,MD,27-Mar-2023,12917.72,Unrestricted
G202691,CA100229,Rebecca,Austin,rebecca.austin396@hotmail.com,205.761.6484,Parent,,High,Tuckerport,MH,2024-06-09,3844.69,Unrestricted
G202692,CA100946,Amber,Stanton,amber.stanton435@gmail.com,9979461917,Parent,,Low,Weavershire,PW,2023-07-06,105.41,Endowment
G202693,CA100382,Tyler,Fuller,tyler.fuller932@gmail.com,7104170269,Alumni,1997,Low,Christyville,WV,2026-04-09,164.15,Annual Fund
G202694,CA101708,Stephanie,Mcdonald,stephanie.mcdonald275@gmail.com,001-679-939-5795x5192,Alumni,1994,Medium,Evelynland,CA,"September 11, 2024",264.51,Athletics
G202695,CA101593,Stephanie,Swanson,stephanie.swanson586@hotmail.com,990-976-3415x359,Friend,,Low,North Elizabethville,DE,2023-11-30,117.28,Endowment
G202696,CA100015,Joseph,Anderson,joseph.anderson164@hotmail.com,675-410-7991x1838,Alumni,1986,Low,Nicolebury,MN,12/21/2024,111.08,Unrestricted
G202697,CA101041,Helen,Rush,helen.rush534@gmail.com,795-409-2711,Friend,,High,Millerton,WA,2022-10-24,6275.18,Scholarship Fund
G202698,CA100446,Paula,Warner,paula.warner587@yahoo.com,+1-711-880-7156,Alumni,1974,Medium,Port Katrina,UT,2025-05-19,324.85,Capital Campaign
G202699,CA100913,Rhonda,Johnson,rhonda.johnson609@gmail.com,764.564.4898x8031,Alumni,1980,Low,Port Toni,MA,2024-10-24,142.69,Scholarship Fund
G202700,CA100947,Samuel,Crawford,samuel.crawford560@gmail.com,(258)893-7085,Alumni,2004,Low,Lake Colleen,IA,"November 09, 2024",107.16,Scholarship Fund
G202701,CA100775,Melanie,Wright,melanie.wright885@gmail.com,+1-927-410-2676x72095,Alumni,2009,Low,Shannonfort,TN,2024-10-24,49.67,Unrestricted
G202702,CA100133,Samantha,Warren,samantha.warren193@gmail.com,898.945.4615,Alumni,2002,Low,Lake Jeremiah,TX,2024-05-12,51.13,Athletics
G202703,CA101548,Daniel,Jones,daniel.jones516@gmail.com,535.376.1707,Alumni,1981,Medium,Turnerstad,NH,2025-04-19,211.19,Endowment
G202704,CA101159,Jennifer,Edwards,jennifer.edwards663@yahoo.com,285-775-9171,Alumni,1979,Low,New Melissaton,MN,2024-10-21,67.76,Endowment
G202705,CA100468,Matthew,Leonard,matthew.leonard255@yahoo.com,243-992-8404x4566,Alumni,2013,High,Port Raymond,IN,2023-07-09,4658.61,Capital Campaign
G202706,CA101305,Adam,Hood,adam.hood371@yahoo.com,,Parent,,Low,Charlesland,WY,2026-01-19,65.97,Endowment
G202707,CA100470,Sherry,Smith,sherry.smith402@hotmail.com,(253)466-6845x909,Alumni,2000,High,West Ashley,AS,02/04/2024,2888.91,Capital Campaign
G202708,CA101267,James,Henderson,,(623)413-3610x94416,Alumni,1998,Low,Lake Cory,MI,2022-08-03,43.74,Scholarship Fund
G202709,CA100637,Shannon,Davenport,shannon.davenport111@yahoo.com,001-772-929-8120x99576,Alumni,1991,Low,New Jennifer,KY,2023-06-06,250.6,Athletics
G202710,CA101379,Brandi,Moore,brandi.moore476@gmail.com,476.741.4900x3850,Alumni,2016,High,Bryanborough,MP,2022-08-22,6607.94,Capital Campaign
G202711,CA101658,Tiffany,Beltran,tiffany.beltran148@yahoo.com,3537494197,Alumni,2020,Medium,Garrisonmouth,MI,2025-02-13,258.43,Scholarship Fund
G202712,CA101539,Joshua,Pierce,joshua.pierce722@yahoo.com,944.696.6866,Parent,,High,Smithville,NH,2022-10-12,2973.22,Capital Campaign
G202713,CA100817,Luis,Johnson,luis.johnson104@hotmail.com,368.916.9957x0607,Alumni,2014,Low,Amyland,IA,2026-05-09,81.66,Capital Campaign
G202714,CA101392,Phillip,Cortez,phillip.cortez550@hotmail.com,753.589.6298,Parent,,Low,West James,PW,2026-04-28,59.15,
G202715,CA101186,Carl,Brown,carl.brown609@hotmail.com,994.619.3245x3810,Alumni,2006,Medium,Lake Sandraberg,WV,2024-08-11,338.77,Scholarship Fund
G202716,CA100292,Sara,Smith,sara.smith409@gmail.com,245.676.2055x54384,Alumni,1972,High,Zamoratown,OH,2023-11-14,1365.9,Athletics
G202717,CA101106,Jonathan,Jones,,+1-916-699-9393x449,Alumni,2020,High,New Nicole,FM,21-Oct-2022,7901.38,Athletics
G202718,CA101376,Angela,Vance,angela.vance462@yahoo.com,,Friend,,Medium,Christinatown,CT,28-Nov-2024,517.0,Annual Fund
G202719,CA100610,Lindsey,Oconnor,lindseyoconnor524@gmailcom,226-361-0941,Faculty/Staff,,Low,Hinestown,HI,2022-10-07,125.58,Unrestricted
G202720,CA101124,Angela,Aguirre,angela.aguirre220@hotmail.com,+1-301-670-7403x925,Faculty/Staff,,Low,Gregorymouth,WA,06/03/2025,61.93,Unrestricted
G202721,CA100513,Valerie,Bell,,731.603.0324x32983,Parent,,Medium,Lake Cindy,CA,2025-12-27,1002.78,Unrestricted
G202722,CA100663,Paul,Wells,paul.wells550@yahoo.com,358.819.3242x68774,Alumni,2004,Medium,Gregorystad,PR,2024-01-11,367.44,Unrestricted
G202723,CA101343,Amanda,Kane,,(205)986-7949x6383,Alumni,1999,Low,East Randall,DE,26-Aug-2022,69.92,Unrestricted
G202724,CA100861,Madison,Henry,madison.henry860@yahoo.com,001-949-681-9421,Friend,,Low,Lake Kimberly,NY,2023-08-21,131.06,Capital Campaign
G202725,CA101293,Lisa,Faulkner,lisa.faulkner32@hotmail.com,(420)842-9862,Alumni,1998,High,North Patrick,MO,2022-12-05,5107.35,Annual Fund
G202726,CA100063,Michelle,Anderson,michelle.anderson704@yahoo.com,395.302.4026,Alumni,2003,Low,Weststad,NY,2023-08-04,100.26,Capital Campaign
G202727,CA101390,Colleen,Thompson,colleen.thompson835@yahoo.com,756.315.2665,Alumni,2006,Low,Tonyfurt,GA,2022-10-02,99.25,Annual Fund
G202728,CA100991,Joel,Tate,joel.tate812@hotmail.com,494-290-5315,Alumni,2013,Low,Cherylhaven,AZ,2023-11-14,59.33,Capital Campaign
G202729,CA101178,Jonathan,Jones,jonathan.jones818@hotmail.com,+1-261-701-9753x58464,Faculty/Staff,,High,North Jacobside,ND,2026-01-29,6451.95,Endowment
G202730,CA101779,Daisy,Wheeler,daisy.wheeler578@gmail.com,,Organization,,Low,North Davidton,IN,2024-03-24,32.53,Athletics
G202731,CA101045,Cheryl,Walker,cheryl.walker456@gmail.com,774-435-7483,Alumni,1996,Medium,Morenofurt,VI,2022-11-26,909.07,Endowment
G202732,CA100236,Adam,Sanchez,adam.sanchez856@gmail.com,001-364-452-5777x547,Parent,,Low,Port Juanberg,MH,"June 26, 2025",94.21,Annual Fund
G202733,CA101276,Blake,Gibson,blake.gibson102@hotmail.com,(604)835-6605x0337,Faculty/Staff,,High,East Anthony,NJ,2023-02-19,1142.16,Scholarship Fund
G202734,CA101395,Stacey,Miller,stacey.miller19@yahoo.com,437.210.3073x72607,Alumni,1997,Low,West Amandachester,GU,2026-06-24,46.13,Athletics
G202735,CA100284,Michael,Perkins,michael.perkins971@gmail.com,341-696-9315x727,Friend,,Low,Lake Lindseyfurt,CO,2025-01-09,170.59,Athletics
G202736,CA100335,Corey,Pena,corey.pena910@yahoo.com,239.838.5258x001,Friend,,Low,New Daltonmouth,MI,2023-06-05,79.47,Endowment
G202737,CA101011,Kristina,Baker,kristina.baker343@gmail.com,556-557-7580x9745,Parent,,Medium,South Davidstad,KS,2024-09-29,495.61,Annual Fund
G202738,CA100959,Laura,Stewart,laura.stewart802@hotmail.com,+1-442-282-4911x650,Alumni,2009,Medium,North Ericport,MN,04/04/2023,1306.96,Annual Fund
G202739,CA100386,Bryan,Garza,bryan.garza389@gmail.com,(259)505-6165x565,Friend,,Low,East Deborah,OR,12/02/2024,94.56,Annual Fund
G202740,CA101174,Ronald,Berry,ronald.berry544@hotmail.com,558.818.1045x02437,Faculty/Staff,,Low,West Sarahhaven,NM,2024-05-23,64.46,Annual Fund
G202741,CA100739,Steven,Boyer,steven.boyer75@gmail.com,(660)739-2051x4607,Parent,,Low,Michaelbury,KY,2022-11-30,118.09,Athletics
G202742,CA100654,Matthew,Hernandez,matthew.hernandez391@yahoo.com,001-599-760-4387x875,Alumni,1996,High,Fletcherhaven,OH,2025-03-29,1847.9,Scholarship Fund
G202743,CA100893,Brianna,Cole,brianna.cole808@gmail.com,553-291-1498,Parent,,Medium,Barkerside,GA,2025-08-19,366.09,Scholarship Fund
G202744,CA100804,Karen,Mccall,karen.mccall497@yahoo.com,+1-294-231-9100,Faculty/Staff,,Medium,Sarahport,NV,2025-05-10,289.57,Athletics
G202745,CA101018,Mark,King,mark.king429@yahoo.com,4065445475,Alumni,2017,Low,North Donaldborough,FL,10/31/2025,167.17,Scholarship Fund
G202746,CA100383,Charles,Walton,charles.walton635@yahoo.com,234.877.8485x880,Faculty/Staff,,Low,South Shannonfurt,NV,2023-10-27,95.86,Athletics
G202747,CA100129,Corey,Zavala,corey.zavala939@yahoo.com,001-853-655-6093x20489,Alumni,2005,Low,East Mark,MS,2023-08-05,131.12,Unrestricted
G202748,CA101221,Gabriela,Jensen,gabriela.jensen369@gmail.com,001-584-919-4785x5011,Alumni,1979,Medium,Jeffreyhaven,GA,2026-04-12,287.46,Endowment
G202749,CA100972,Natalie,Contreras,natalie.contreras291@yahoo.com,,Alumni,2006,Low,East Dana,MO,2026-03-30,226.29,Unrestricted
G202750,CA100900,Jillian,Ferguson,jillian.ferguson703@gmail.com,+1-576-492-0828,Faculty/Staff,,High,North William,PA,2023-08-04,7438.97,Annual Fund
G202751,CA101624,Arthur,Saunders,arthur.saunders809@yahoo.com,877.595.7039x962,Parent,,Low,Mcdonaldburgh,FM,2025-11-19,72.03,Endowment
G202752,CA100504,Duane,Hahn,duane.hahn703@gmail.com,972.594.2095x4814,Faculty/Staff,,Medium,Carterfurt,AR,2022-11-05,458.29,Annual Fund
G202753,CA100561,Kristen,Sheppard,kristen.sheppard634@yahoo.com,(796)208-9319x925,Alumni,2015,Low,South Sarah,NM,05/24/2026,136.2,Capital Campaign
G202754,CA101762,Brandy,Walls,brandy.walls751@gmail.com,284.672.1461x7275,Alumni,1974,Medium,Laurenburgh,NE,2022-08-29,321.39,Annual Fund
G202755,CA100921,Robert,Davis,robert.davis731@gmail.com,001-842-888-6050x537,Alumni,2011,Low,Burchton,NC,16-Mar-2025,81.47,Capital Campaign
G202756,CA100312,Michaela,Mckinney,michaela.mckinney386@yahoo.com,(517)335-7438x42150,Alumni,1969,Low,Hunterfort,MH,2024-06-16,123.85,Athletics
G202757,CA100901,Amy,Jones,amy.jones853@hotmail.com,+1-415-488-1445,Parent,,Low,South Tracyborough,DC,2026-08-01,86.55,Unrestricted
G202758,CA101319,Michele,Willis,michele.willis70@hotmail.com,620-730-2520,Friend,,High,Lake James,NH,2025-08-11,4850.98,Scholarship Fund
G202759,CA100357,Laura,French,laura.french839@gmail.com,+1-750-785-0165x790,Alumni,2001,Medium,Lake Angelica,CA,2026-01-08,1090.5,Endowment
G202760,CA100032,Brent,Gray,brent.gray828@gmail.com,755.564.6417x080,Alumni,1985,Low,Port Susanton,WV,2023-08-05,57.74,Unrestricted
G202761,CA101093,Peter,Whitaker,peter.whitaker389@hotmail.com,001-273-911-8046x7413,Alumni,2017,Low,Jermaineside,ME,2025-10-12,72.8,Athletics
G202762,CA101386,Brianna,Thomas,brianna.thomas686_at_gmail.com,(563)438-2222x4005,Alumni,2010,Low,Lake Gregory,MN,2025-08-06,57.21,Capital Campaign
G202763,CA101615,Amy,Avila,amy.avila419@yahoo.com,391.906.5735,Alumni,2009,Low,Matthewview,MS,2023-10-06,193.92,Athletics
G202764,CA101291,  Kyle ,Bell,,001-664-481-8754x036,Alumni,,Low,West Morganshire,NV,30-Oct-2022,81.88,Endowment
G202765,CA100815,Jacob,Parsons,jacob.parsons370@gmail.com,647-716-5609,Faculty/Staff,,Low,Brooksport,NE,"June 03, 2024",112.01,Capital Campaign
G202766,CA101779,Daisy,Wheeler,daisy.wheeler578@gmail.com,,Organization,,Low,North Davidton,IN,2023-08-04,93.85,Annual Fund
G202767,CA100743,James,Davis,james.davis694@hotmail.com,+1-364-725-8562x61499,Alumni,1999,Low,South Margaret,IA,"February 26, 2026",120.39,Scholarship Fund
G202768,CA100301,Angel,Chavez,angel.chavez348@hotmail.com,971.745.2111,Alumni,2008,Low,New Jasminehaven,RI,2025-09-05,25.93,Endowment
G202769,CA100165,Jacqueline,Martin,jacqueline.martin544@yahoo.com,684.325.2410x56481,Alumni,2003,Low,Gibsonstad,AR,"January 01, 2026",114.58,Capital Campaign
G202770,CA100751,Johnathan,Davis,johnathan.davis783@yahoo.com,(233)751-5718x4090,Alumni,1986,Principal,East Aaronhaven,AL,13-Oct-2024,7685.4,Capital Campaign
G202771,CA100515,  Deborah ,Dixon,deborah.dixon822@gmail.com,(825)366-0931x41818,Alumni,1990,Medium,Daniellestad,PW,2025-04-22,508.93,Scholarship Fund
G202772,CA100661,Joshua,Aguirre,joshua.aguirre955@hotmail.com,+1-773-320-3319x22270,Organization,,Low,East Williammouth,NE,2026-02-11,212.98,Annual Fund
G202773,CA100125,Ivan,Medina,ivan.medina413@gmail.com,,Friend,,Low,West Meredith,FL,"February 23, 2026",76.79,Unrestricted
G202774,CA101164,Roger,Mendoza,roger.mendoza765@yahoo.com,667-517-7629x691,Parent,,Low,Port Randy,OR,2024-05-26,37.15,Unrestricted
G202775,CA100402,Alexis,Fox,alexis.fox87@yahoo.com,+1-571-633-3447x62639,Alumni,2011,Low,South Henry,WY,2024-03-06,90.3,Scholarship Fund
G202776,CA101393,Jasmine,Fritz,jasmine.fritz98@yahoo.com,001-824-515-7127,Friend,,Medium,West Joseph,TN,2023-08-26,695.4,Endowment
G202777,CA100851,Kyle,Hunter,kyle.hunter469@gmail.com,728-240-0838,Parent,,Low,Powellmouth,MI,2024-09-05,43.78,Annual Fund
G202778,CA101283,James,Richardson,james.richardson2@hotmail.com,824.938.8430x21781,Alumni,1982,Medium,South Cynthiaview,TN,2025-11-25,282.24,Scholarship Fund
G202779,CA101062,Michael,Lozano,michael.lozano910@gmail.com,797.705.9161x18638,Faculty/Staff,,High,Lake Briannamouth,OK,2022-09-14,10223.67,Annual Fund
G202780,CA100545,Robert,Crawford,robert.crawford492@hotmail.com,788.236.1968x9313,Alumni,1989,High,Port Andre,OH,2023-02-06,2657.21,
G202781,CA100391,Zachary,Powers,zachary.powers307@hotmail.com,(808)229-7374,Alumni,1989,Principal,West Steven,IA,2025-05-13,48249.18,Endowment
G202782,CA100123,Emily,Brennan,emily.brennan153@gmail.com,001-706-773-8302x8439,Alumni,2017,High,West Nancy,TN,2026-06-07,5344.94,Athletics
G202783,CA100946,Amber,Stanton,amber.stanton435@gmail.com,9979461917,Parent,,Low,Weavershire,PW,2026-01-24,138.18,Capital Campaign
G202784,CA100066,Maria,Ross,maria.ross131@hotmail.com,356-354-5271,Alumni,2008,Low,South Colinstad,AS,2023-12-10,69.8,Endowment
G202785,CA100347,Eric,Hobbs,eric.hobbs987@gmail.com,5024194672,Friend,,Medium,Alexandrachester,IA,2026-08-24,127.59,Unrestricted
G202786,CA101351,Michael,Carrillo,,248.409.5739x4059,Alumni,1995,Low,Smithview,KY,2025-03-30,86.07,Unrestricted
G202787,CA101351,MICHAEL,carrillo,,248.409.5739x4059,Alumni,1995,Low,Smithview,KY,03/30/2025,86.07,Unrestricted
G202788,CA100643,James,Harrison,james.harrison464@yahoo.com,(874)323-1830,Faculty/Staff,,Low,Grantborough,VT,2025-11-12,89.82,Scholarship Fund
G202789,CA100960,Danielle,Willis,danielle.willis352@gmail.com,732-715-5130,Friend,,Low,Johnsonborough,SC,2025-10-14,58.49,Athletics
G202790,CA100648,Katie,Brown,katie.brown597@gmail.com,535.583.2863x42556,Parent,,Medium,North Meganhaven,CT,2024-05-29,925.37,Capital Campaign
G202791,CA101086,Jacob,Barber,jacob.barber122@yahoo.com,,Alumni,2004,Low,West David,MN,2026-01-16,68.29,Capital Campaign
G202792,CA100858,Robert,Good,robert.good701@yahoo.com,(614)537-7693x663,Parent,,Low,West Erik,MD,09/12/2024,62.98,Capital Campaign
G202793,CA100351,Mark,Gonzalez,mark.gonzalez737@hotmail.com,931-253-1363x63179,Faculty/Staff,,High,Thomasmouth,HI,08/16/2024,1976.09,Endowment
G202794,CA100047,Cindy,Jimenez,cindy.jimenez352@yahoo.com,001-603-248-2477x10932,Alumni,2012,Medium,Davisville,NH,2025-10-05,630.0,Unrestricted
G202795,CA101296,Mark,Morrison,markmorrison197@hotmailcom,391.622.6000,Alumni,1997,Low,Brandonmouth,MO,2023-05-19,61.35,Endowment
G202796,CA101564,Mitchell,Ford,mitchell.ford136@gmail.com,001-609-812-1852x73411,Faculty/Staff,,Low,East Johnmouth,FM,2025-01-01,145.74,Capital Campaign
G202797,CA101584,Thomas,Fowler,thomas.fowler302@gmail.com,822-284-8349x276,Parent,,Low,Ryanton,CO,2023-11-29,138.98,Endowment
G202798,CA101535,Erica,Houston,erica.houston972@gmail.com,524-524-0662x8346,Alumni,2017,Medium,Emilyside,PA,2025-08-02,243.01,Capital Campaign
G202799,CA101311,James,Young,james.young342@hotmail.com,(923)203-9744x08806,Friend,,Medium,Riddleton,PA,2025-03-10,1610.19,Endowment
G202800,CA101152,James,Pruitt,james.pruitt941@yahoo.com,(241)984-9378x4679,Alumni,2010,High,Lake Davidfort,GA,05/28/2023,12861.34,Unrestricted
G202801,CA101788,Robin,Davis,robin.davis833_at_hotmail.com,325.346.0189,Parent,,Low,Port Kevin,VA,2023-04-18,278.37,Scholarship Fund
G202802,CA100077,Charles,Murray,charles.murray774@gmail.com,9542119986,Alumni,2002,Low,Stoutshire,SD,31-Dec-2022,85.04,Endowment
G202803,CA100293,Stacy,Perez,stacy.perez254@yahoo.com,(721)968-9363x9264,Alumni,2005,Low,East Denise,OR,2024-04-16,67.99,Endowment
G202804,CA100413,Alison,Holland,alison.holland143@gmail.com,276-317-4224x3864,Parent,,Medium,New Danielchester,MT,2026-06-14,640.16,Scholarship Fund
G202805,CA100639,April,Andrews,april.andrews958@hotmail.com,315-542-1447x73244,Alumni,2003,Low,Donaldborough,OH,2024-01-07,51.43,Athletics
G202806,CA100503,Barbara,Smith,barbara.smith463@gmail.com,001-583-366-5528,Faculty/Staff,,Medium,Smithmouth,MD,2025-04-11,160.36,Scholarship Fund
G202807,CA100715,Randy,Tucker,randy.tucker40@gmail.com,,Alumni,2005,Low,New Nathanielshire,NE,2024-02-08,63.96,Unrestricted
G202808,CA101649,Carlos,Pittman,carlos.pittman997@yahoo.com,,Friend,,Low,Dustinhaven,NM,2024-08-04,126.29,Annual Fund
G202809,CA100859,Brittney,Castaneda,brittney.castaneda931@gmail.com,210-228-6712,Alumni,2003,Low,Thompsonberg,LA,"July 06, 2023",237.53,Endowment
G202810,CA100455,John,Robles,john.robles699@gmail.com,(449)468-5498,Alumni,2005,Low,Parkermouth,LA,05/21/2023,85.18,Annual Fund
G202811,CA100850,Penny,Livingston,penny.livingston497@yahoo.com,(905)276-6194x588,Friend,,High,Jonesmouth,ID,2025-04-17,1425.19,Capital Campaign
G202812,CA100700,Patrick,Walsh,patrick.walsh281@gmail.com,894.929.0458,Alumni,1976,Principal,West Dawn,OR,13-Jun-2024,70922.37,Unrestricted
G202813,CA101032,Alexis,Young,alexis.young373@yahoo.com,+1-388-791-7879,Alumni,2004,Medium,West Leahchester,HI,2023-11-25,221.71,Endowment
G202814,CA100103,Mark,Lane,mark.lane584@yahoo.com,327.887.7470,Friend,,Medium,Levyborough,OR,2024-07-30,150.36,Annual Fund
G202815,CA100277,Amy,Henry,amy.henry729@hotmail.com,(385)457-4982,Friend,,Medium,Phillipsview,ND,"December 16, 2022",264.48,Endowment
G202816,CA101341,Renee,Velasquez,renee.velasquez384@hotmail.com,001-447-442-2567x871,Parent,,Low,South Alicia,ND,2025-02-06,92.38,Capital Campaign
G202817,CA101638,Ryan,Lynch,ryan.lynch437@yahoo.com,+1-720-492-5192x01828,Alumni,2009,Medium,East Janet,OK,2023-03-10,324.28,Athletics
G202818,CA100894,Diane,Dominguez,diane.dominguez539@gmail.com,736.751.1893x9406,Organization,,Low,Hawkinsburgh,AK,2023-11-14,163.73,Athletics
G202819,CA101799,Adam,Lane,adam.lane394@gmail.com,,Friend,,Low,New Melissa,MD,2023-06-22,178.21,Annual Fund
G202820,CA100978,Julie,Lewis,julie.lewis979@yahoo.com,001-936-665-3802,Parent,,Low,East Kathyport,HI,19-May-2023,155.65,Athletics
G202821,CA100946,Amber,Stanton,amber.stanton435@gmail.com,9979461917,Parent,,Low,Weavershire,PW,04-Jul-2025,118.43,Unrestricted
G202822,CA101371,Jessica,Reed,jessica.reed426@hotmail.com,001-858-341-7491,Alumni,1989,High,Smithtown,GA,2022-12-17,6493.37,Endowment
G202823,CA101534,Elizabeth,Duarte,elizabeth.duarte677@hotmail.com,(629)353-3861,Alumni,,Medium,Lake Mackenzieborough,PA,2024-09-14,673.06,Athletics
G202824,CA101571,Rachel,Shepherd,rachelshepherd366@yahoocom,+1-680-228-6060x48022,Alumni,2017,Low,Loganport,FM,2022-08-31,73.62,Athletics
G202825,CA101794,John,Harris,john.harris56@gmail.com,3346495607,Faculty/Staff,,Low,Carrillostad,AR,2025-04-07,71.45,Annual Fund
G202826,CA100999,Rebecca,Hernandez,rebecca.hernandez412@hotmail.com,001-869-370-4095x31419,Parent,,Medium,Ronaldfort,MH,2026-05-03,471.61,Capital Campaign
G202827,CA101261,Gary,Torres,gary.torres911@gmail.com,,Organization,,Low,Jillianland,WY,2026-02-04,109.85,Annual Fund
G202828,CA101428,Drew,Norton,drew.norton113@hotmail.com,,Alumni,2005,Principal,Michaelbury,PR,"June 26, 2026",27363.34,Endowment
G202829,CA101742,Aaron,Rogers,aaron.rogers494@gmail.com,912.626.0082x2837,Alumni,2018,Medium,South Kimberly,MD,2023-01-17,316.97,
G202830,CA101265,James,Harvey,james.harvey888@gmail.com,(247)811-9360,Friend,,High,New Douglasfort,TN,2024-01-01,719.74,Athletics
G202831,CA100591,Tracy,Bell,tracy.bell469@hotmail.com,,Friend,,Low,Elizabethview,MN,2026-03-27,140.93,Scholarship Fund
G202832,CA101003,Wayne,Berry,wayne.berry8@gmail.com,986-488-3906x246,Alumni,1985,Medium,Guzmanland,NE,2024-06-27,594.16,Capital Campaign
G202833,CA101040,Eugene,Green,eugene.green169@yahoo.com,912.361.6850,Parent,,Low,Port Michaelside,SD,19-May-2026,50.67,Capital Campaign
G202834,CA100862,Cody,Obrien,cody.obrien424@hotmail.com,506-652-7758x4466,Faculty/Staff,,Low,Jasonmouth,FL,2024-09-02,99.21,
G202835,CA100758,Brian,Bryan,brian.bryan242@yahoo.com,001-388-528-5031x7235,Alumni,2017,Medium,Clarktown,AZ,2022-11-24,214.78,Unrestricted
G202836,CA100383,Charles,Walton,charles.walton635@yahoo.com,234.877.8485x880,Faculty/Staff,,Low,South Shannonfurt,NV,2025-11-25,191.68,Unrestricted
G202837,CA101313,Mary,Short,mary.short63@hotmail.com,731-213-2661x1584,Friend,,High,Frankfurt,IA,2026-06-03,2379.66,Unrestricted
G202838,CA100986,Jerry,Cole,jerry.cole411_at_yahoo.com,001-417-226-8080x81571,Alumni,2009,Low,West Janetmouth,CO,2024-10-14,128.12,Annual Fund
G202839,CA100119,Brandy,Davis,brandy.davis62@hotmail.com,207.828.6790x874,Parent,,Low,Lisaborough,OR,2026-06-21,69.49,Unrestricted
G202840,CA100369,Brenda,Snyder,brenda.snyder290@hotmail.com,930.502.4471x462,Alumni,2013,Low,North Kathyfort,CA,2024-11-11,300.65,
G202841,CA100988,Danny,Gonzalez,danny.gonzalez664@gmail.com,001-862-658-8576,Faculty/Staff,,Low,Johnsonville,OH,07/21/2022,57.22,Capital Campaign
G202842,CA101240,Rodney,Brown,rodney.brown895@yahoo.com,,Alumni,1984,Medium,New Nicole,MN,2026-02-24,660.53,Unrestricted
G202843,CA101663,Peter,Wilson,peter.wilson183@gmail.com,+1-781-868-7851,Friend,,Low,West Courtneyshire,MS,2023-07-30,76.31,Scholarship Fund
G202844,CA101313,Mary,Short,mary.short63@hotmail.com,731-213-2661x1584,Friend,,High,Frankfurt,IA,2025-12-22,5209.28,Scholarship Fund
G202845,CA101639,Shannon,Smith,shannon.smith610@yahoo.com,001-737-795-8291,Alumni,2007,Medium,Lisaland,NE,2025-02-15,531.66,Scholarship Fund
G202846,CA101072,  Peter ,Gonzalez,peter.gonzalez525@yahoo.com,+1-533-496-5049x627,Friend,,Low,South Dennis,FM,2024-08-19,54.42,Athletics
G202847,CA101611,Emily,Hughes,emily.hughes817@yahoo.com,+1-256-749-6741x9916,Alumni,2011,Low,New Erin,MS,2025-05-20,71.41,
G202848,CA101106,Jonathan,Jones,,+1-916-699-9393x449,Alumni,2020,High,New Nicole,FM,2024-05-05,11039.59,Capital Campaign
G202849,CA101151,Michael,Joyce,michael.joyce843@gmail.com,7278500030,Friend,,Low,Garciastad,SD,2025-04-25,109.83,Capital Campaign
G202850,CA101657,Gloria,Evans,gloria.evans252@yahoo.com,(241)919-9255x1253,Alumni,2011,Low,New Christopherbury,GU,2026-07-14,80.84,Athletics
G202851,CA101331,Sarah,Huang,sarah.huang45@yahoo.com,(799)424-2773x9238,Alumni,2001,Medium,East Johnburgh,AK,10/03/2025,258.32,
G202852,CA101400,Robert,Mayo,robert.mayo811@gmail.com,,Alumni,1991,Medium,Flemingside,IN,2026-03-21,399.66,Annual Fund
G202853,CA100447,Tonya,Martinez,tonya.martinez805@yahoo.com,670.530.4531,Alumni,2018,Low,South Tammy,AZ,2023-02-06,58.75,Scholarship Fund
G202854,CA100258,Joshua,White,joshua.white139_at_hotmail.com,763-892-0867x808,Alumni,2005,High,South Tiffany,UT,2024-10-27,6321.79,Annual Fund
G202855,CA101665,Tonya,Rodriguez,tonya.rodriguez163@hotmail.com,272-537-3564x0783,Faculty/Staff,,Medium,Port Richardmouth,FM,2024-07-26,1732.16,Capital Campaign
G202856,CA100137,Christian,Mcgee,christian.mcgee473@yahoo.com,8167315999,Alumni,1971,Medium,Lake Joshuamouth,NM,2025-12-27,356.47,Unrestricted
G202857,CA100327,Adrian,Jimenez,adrian.jimenez10@hotmail.com,984.768.9500,Friend,,Medium,New Timothyland,FL,2025-05-05,870.51,Scholarship Fund
G202858,CA100151,Christine,Glenn,christine.glenn445@gmail.com,323.268.8767x6772,Parent,,Low,West Antonio,IN,2025-04-13,73.41,Unrestricted
G202859,CA100173,Kyle,Baker,kyle.baker687@gmail.com,524-790-3521,Parent,,High,Palmerport,KS,2024-06-09,2514.63,Scholarship Fund
G202860,CA101648,Gary,Reynolds,gary.reynolds326@gmail.com,001-247-236-5003x2990,Friend,,High,Turnermouth,MT,2024-05-02,4179.47,Endowment
G202861,CA100048,Stacey,Holland,stacey.holland928@gmail.com,448.346.7737x8263,Organization,,Medium,Kendrachester,MA,2024-02-28,467.49,Endowment
G202862,CA100655,Michele,Haney,michele.haney566_at_gmail.com,461-562-0281,Faculty/Staff,,Low,Kaneville,AZ,2024-09-17,72.5,Scholarship Fund
G202863,CA100894,Diane,Dominguez,diane.dominguez539@gmail.com,736.751.1893x9406,Organization,,Low,Hawkinsburgh,AK,2022-09-08,73.43,Unrestricted
G202864,CA101217,Jeremiah,Byrd,jeremiah.byrd120@yahoo.com,282.718.8496x80664,Faculty/Staff,,Medium,Port Craigton,HI,2023-07-20,310.09,Scholarship Fund
G202865,CA101518,Sean,Silva,sean.silva384@yahoo.com,+1-907-257-8984x9749,Alumni,2013,High,Evanberg,CT,2025-10-23,5101.61,Capital Campaign
G202866,CA101186,Carl,Brown,carl.brown609@hotmail.com,994.619.3245x3810,Alumni,2006,Medium,Lake Sandraberg,WV,2022-09-01,553.29,Annual Fund
G202867,CA100470,Sherry,Smith,sherry.smith402@hotmail.com,(253)466-6845x909,Alumni,2000,High,West Ashley,AS,2022-09-24,2063.33,Capital Campaign
G202868,CA100059,Emily,Ruiz,emily.ruiz792@hotmail.com,+1-459-231-7461,Parent,,Medium,West Wendyville,CT,2023-05-20,452.81,Unrestricted
G202869,CA100976,Edward,Clark,edward.clark284@gmail.com,+1-476-472-0191x11661,Organization,,Low,North Christinaton,NV,2022-08-05,83.22,Capital Campaign
G202870,CA101030,Rebecca,Williams,rebecca.williams771@yahoo.com,+1-266-941-1065x41134,Alumni,2003,Medium,Craigshire,KY,2023-01-23,306.26,
G202871,CA101755,Michael,Higgins,michael.higgins538@yahoo.com,905-813-3793x7669,Alumni,2014,Medium,Lake Ericafurt,WI,2023-08-01,160.6,Capital Campaign
G202872,CA100800,Brittany,Clark,brittany.clark634@hotmail.com,,Alumni,2015,Medium,Smithland,OR,2024-09-11,608.31,
G202873,CA100699,Brooke,Juarez,brooke.juarez466@gmail.com,640.435.9544x29477,Alumni,2009,Medium,East Catherine,PR,06/25/2025,267.4,Scholarship Fund
G202874,CA100724,Nathaniel,Skinner,nathaniel.skinner627@hotmail.com,400-450-7026x08698,Alumni,2003,High,North Michaelbury,CO,28-Oct-2022,3109.49,Athletics
G202875,CA101207,Vincent,JONES,,001-952-273-5364x235,Alumni,1990,Principal,West Christopherville,WI,2023-03-19,74217.9,Capital Campaign
G202876,CA101405,Tammie,Walter,tammie.walter852@hotmail.com,6346213485,Alumni,2018,Low,North Jason,ID,2022-07-29,49.58,Athletics
G202877,CA101245,Bruce,Ibarra,,001-498-351-9393x2727,Alumni,2003,Medium,New David,MS,2022-08-22,1448.82,Unrestricted
G202878,CA100071,Jennifer,Frank,jennifer.frank975@hotmail.com,+1-910-822-9014x767,Parent,,High,Jasonhaven,DE,2023-12-10,2635.99,Endowment
G202879,CA101016,Jose,Martin,jose.martin625@yahoo.com,921-720-3843,Alumni,2006,Low,South Michael,OR,2023-10-19,27.19,Endowment
G202880,CA100565,Tyler,Walton,tyler.walton936@hotmail.com,978-890-4633,Alumni,2018,Medium,East Melissaville,MI,2022-11-16,732.79,Scholarship Fund
G202881,CA100717,Charles,Sutton,charles.sutton794@yahoo.com,872.651.2957x860,Parent,,Low,New Mariatown,AL,2023-06-24,94.42,Annual Fund
G202882,CA101193,Kirk,Russell,kirk.russell377@gmail.com,244.422.5216,Alumni,2009,Low,Herbertshire,KY,2024-03-06,106.35,Annual Fund
G202883,CA101182,Kaitlyn,Chavez,kaitlyn.chavez913@yahoo.com,,Alumni,2004,Medium,South Josephborough,AK,01/04/2025,111.8,Endowment
G202884,CA101399,Lindsay,Mccoy,lindsay.mccoy969@yahoo.com,8368948112,Parent,,High,Ashleyland,RI,2025-07-15,714.3,Endowment
G202885,CA101746,Andrea,Neal,andrea.neal100@yahoo.com,988.240.7094x6577,Alumni,2000,Low,Millerhaven,NY,2025-09-25,80.17,Annual Fund
G202886,CA101702,Patrick,Little,patrick.little87@hotmail.com,001-530-723-6416x936,Faculty/Staff,,Medium,South Melaniechester,KY,02/18/2025,231.41,Unrestricted
G202887,CA101433,Kimberly,Nicholson,kimberly.nicholson597@gmail.com,(520)561-9019,Alumni,,Low,West Christine,NM,2023-08-07,102.89,Scholarship Fund
G202888,CA100418,Christopher,Carrillo,christopher.carrillo410@gmail.com,560.612.2777x0793,Alumni,1973,Low,Williamstown,CT,"June 15, 2026",221.35,Capital Campaign
G202889,CA100341,Lisa,Olson,lisa.olson875@hotmail.com,+1-755-346-0158,Friend,,Medium,Hodgesport,SD,2024-03-24,841.96,Unrestricted
G202890,CA101689,Lindsey,Johnson,lindsey.johnson804_at_gmail.com,570.517.7375x949,Alumni,1986,Low,South Allisonville,FM,2025-01-05,86.13,Capital Campaign
G202891,CA101442,Carol,Sims,carol.sims488@yahoo.com,(793)327-8417x8376,Alumni,1980,Low,Paulahaven,DC,2025-11-24,328.06,Annual Fund
G202892,CA100319,Megan,Campbell,megan.campbell552@yahoo.com,+1-992-881-6158x148,Parent,,High,Allenbury,OH,2024-12-13,24644.22,Athletics
G202893,CA100380,Brooke,Ewing,,,Organization,,Medium,Port Roger,NM,2026-02-07,352.15,Unrestricted
G202894,CA100774,Christine,Moore,christine.moore642@hotmail.com,,Organization,,Low,Gravesview,UT,2023-07-23,49.07,Athletics
G202895,CA100529,Patty,White,patty.white952@gmail.com,4536474916,Alumni,1976,Medium,Coxport,DE,2024-04-08,505.3,Athletics
G202896,CA101472,Shelia,Nash,shelia.nash177@hotmail.com,4282354158,Parent,,Low,North Sandra,VT,2025-05-27,37.12,Athletics
G202897,CA101727,Randy,SANCHEZ,randy.sanchez499@hotmail.com,,Friend,,Low,Lake Adambury,NM,2023-02-16,221.67,Athletics
G202898,CA100210,Kevin,STANLEY,kevin.stanley407@hotmail.com,549.592.6189x14117,Parent,,Medium,Marieborough,MI,11/24/2023,651.33,Unrestricted
G202899,CA100941,Jennifer,Patterson,jennifer.patterson391@hotmail.com,477-206-7368,Friend,,Principal,Kathyfurt,ND,2022-09-14,24953.08,Annual Fund
G202900,CA101733,Sarah,Vega,sarah.vega943@yahoo.com,232-573-5514x97249,Alumni,1983,Low,East John,NJ,2022-11-16,101.16,Scholarship Fund
G202901,CA100123,Emily,Brennan,emily.brennan153@gmail.com,001-706-773-8302x8439,Alumni,2017,High,West Nancy,TN,2024-11-24,1405.49,Endowment
G202902,CA100704,Rebecca,Anderson,rebecca.anderson288@yahoo.com,2337399771,Alumni,2013,Low,East Timothymouth,CO,2025-07-11,64.15,Scholarship Fund
G202903,CA100736,Jenna,Glenn,jenna.glenn563@yahoo.com,001-343-681-1995x37660,Faculty/Staff,,Low,Rebeccahaven,MA,2024-05-21,84.59,Unrestricted
G202904,CA100824,Nathan,Dixon,,,Alumni,1994,Principal,New Elizabethshire,NC,2023-08-19,14390.49,Athletics
G202905,CA100297,Melissa,Henry,melissa.henry904@gmail.com,,Faculty/Staff,,Medium,East Jeremy,MT,2026-09-08,380.11,Scholarship Fund
G202906,CA101294,Charles,Chavez,charles.chavez616@hotmail.com,001-462-535-6999,Alumni,1975,Low,West Karen,WA,2023-11-26,17.72,Endowment
G202907,CA100441,Howard,Reeves,howard.reeves843@yahoo.com,(515)926-5461x0339,Friend,,Medium,Averyview,AR,2024-06-05,464.02,Athletics
G202908,CA101540,Isabella,Wyatt,isabella.wyatt309@gmail.com,(390)714-9711x03847,Friend,,Low,Castillostad,MT,2025-09-11,132.94,Scholarship Fund
G202909,CA100317,Amanda,Beltran,amanda.beltran839@yahoo.com,,Alumni,2008,Low,North Lisa,PW,2026-06-29,47.3,Endowment
G202910,CA101427,Sue,Hebert,sue.hebert751@yahoo.com,(979)260-2425,Parent,,Medium,Port Jason,TN,2026-05-04,938.43,Endowment
G202911,CA100562,Michelle,Wilson,michelle.wilson764@hotmail.com,(448)807-2791x03368,Alumni,2010,Medium,West Jason,ID,2025-12-07,321.92,Unrestricted
G202912,CA100489,Barbara,Faulkner,barbara.faulkner427@gmail.com,871-456-6277x689,Alumni,2007,Low,Smithfurt,NE,2022-08-27,54.52,Scholarship Fund
G202913,CA100390,Megan,Davis,,819-787-6351x484,Alumni,2021,Low,South Richard,RI,2024-03-23,72.71,Unrestricted
G202914,CA100778,Billy,Brady,billy.brady655@hotmail.com,515.980.2909x046,Faculty/Staff,,High,Priceview,UT,27-Apr-2025,2473.85,Capital Campaign
G202915,CA100302,Stephanie,Gray,stephanie.gray412@yahoo.com,8256922220,Parent,,Low,Jessicamouth,LA,2024-11-02,287.8,Unrestricted
G202916,CA100790,Shirley,Barker,shirley.barker320@yahoo.com,+1-574-585-9532x5939,Parent,,Low,Elliotttown,MD,2024-08-30,55.95,Endowment
G202917,CA101102,Richard,Gomez,richard.gomez435@hotmail.com,473.909.6496,Alumni,2008,Low,Millershire,SD,2025-06-01,57.78,Endowment
G202918,CA101792,William,Jones,william.jones731@gmail.com,856.883.1723,Friend,,Low,Brownport,VT,19-Aug-2023,113.55,Unrestricted
G202919,CA100960,Danielle,Willis,danielle.willis352@gmail.com,732-715-5130,Friend,,Low,Johnsonborough,SC,2025-05-18,55.44,Scholarship Fund
G202920,CA100829,Darlene,Wood,darlene.wood591@yahoo.com,,Alumni,1989,High,Stevenmouth,ME,2024-02-02,2349.76,Endowment
G202921,CA101293,Lisa,Faulkner,lisa.faulkner32@hotmail.com,(420)842-9862,Alumni,1998,High,North Patrick,MO,2023-10-12,17312.61,Annual Fund
G202922,CA100795,Joshua,Mccarthy,joshua.mccarthy97@yahoo.com,729-825-0105x8752,Alumni,2014,Medium,Lake Ryanmouth,MO,2023-04-21,272.81,Athletics
G202923,CA100594,Stephanie,Fowler,stephanie.fowler133@yahoo.com,+1-587-282-4556x9644,Friend,,Medium,Maryville,NE,2025-12-12,700.51,Capital Campaign
G202924,CA100720,Mary,Brooks,mary.brooks261@yahoo.com,001-436-307-7633x6911,Friend,,High,Port Jason,NM,2022-12-11,4142.35,Endowment
G202925,CA100089,Jon,Smith,jon.smith336@gmail.com,(931)495-2058x527,Alumni,2015,Principal,North Jennifer,NH,05-Sep-2024,174530.21,Athletics
G202926,CA100212,Jennifer,Garcia,jennifer.garcia990@yahoo.com,+1-837-344-7012x0455,Parent,,High,Port Katherineton,AL,2025-05-12,2492.09,Unrestricted
G202927,CA100777,Victoria,Diaz,victoria.diaz468@yahoo.com,584.680.7520,Friend,,Low,Shanechester,MA,2024-09-04,75.67,Unrestricted
G202928,CA100963,Catherine,Johns,catherine.johns56@hotmail.com,5498106018,Parent,,High,Tracyborough,VT,2022-12-03,5302.19,Annual Fund
G202929,CA100560,Jennifer,Savage,jennifer.savage421@hotmail.com,542.701.6542,Parent,,Low,Olsonside,UT,2023-08-04,61.71,Endowment
G202930,CA100943,Jessica,Mills,jessica.mills17@gmail.com,692-559-6790,Alumni,2016,Medium,Hansonside,LA,2023-06-11,801.95,Endowment
G202931,CA101534,Elizabeth,Duarte,elizabeth.duarte677@hotmail.com,(629)353-3861,Alumni,,Medium,Lake Mackenzieborough,PA,2023-11-30,173.9,Scholarship Fund
G202932,CA101589,Emily,Gibson,emily.gibson784@yahoo.com,+1-721-826-2643,Alumni,1988,Low,Davidsonview,LA,2023-12-06,54.88,Annual Fund
G202933,CA101774,Jeffrey,Little,jeffrey.little70@yahoo.com,001-757-535-6232x77004,Parent,,Low,Alyssashire,NJ,28-Sep-2025,95.0,Annual Fund
G202934,CA101375,Ryan,Miller,ryanmiller378@gmailcom,263-342-0222x34998,Friend,,Low,Lake Samuel,NE,2026-04-23,121.47,Annual Fund
G202935,CA101121,Brian,Olsen,brian.olsen587@hotmail.com,(648)271-7754x61992,Faculty/Staff,,Low,Wardside,IN,"October 02, 2022",42.64,Annual Fund
G202936,CA101459,Erin,Ryan,erin.ryan490@yahoo.com,(968)479-3030x28532,Alumni,1969,Low,Molinachester,OR,2023-11-01,100.67,Endowment
G202937,CA101519,Tracy,Rodriguez,tracy.rodriguez112@hotmail.com,(556)758-1898x10617,Friend,,Medium,Hensleyville,MT,2023-05-08,673.39,Scholarship Fund
G202938,CA100576,Krystal,Howard,krystal.howard478@gmail.com,755.525.1050,Parent,,High,Bradleymouth,MH,2026-04-21,1078.45,Capital Campaign
G202939,CA100431,David,Sherman,david.sherman357@gmail.com,749.607.5399x893,Alumni,2000,Low,Elizabethshire,TX,08/06/2026,110.17,Athletics
G202940,CA100460,Jose,Thompson,jose.thompson774@hotmail.com,,Faculty/Staff,,Low,East James,HI,20-Oct-2024,176.63,Scholarship Fund
G202941,CA100653,Cody,Jackson,cody.jackson575@yahoo.com,001-531-226-9789,Alumni,1986,Medium,Kingport,WA,2024-01-09,652.93,Unrestricted
G202942,CA100685,Benjamin,Lynch,benjamin.lynch499@hotmail.com,+1-816-381-5466x0241,Alumni,2018,High,New Jose,ME,14-Mar-2023,5542.1,Capital Campaign
G202943,CA101258,Blake,Vasquez,blake.vasquez122@yahoo.com,001-733-332-9986,Alumni,2002,High,Moniqueton,GA,"September 15, 2025",1450.48,Unrestricted
G202944,CA100255,Timothy,Sanchez,timothy.sanchez260@yahoo.com,001-777-290-7141x63356,Parent,,Medium,Johnland,MO,2022-08-30,394.88,Athletics
G202945,CA101032,Alexis,Young,alexis.young373@yahoo.com,+1-388-791-7879,Alumni,2004,Medium,West Leahchester,HI,2023-08-31,422.42,Athletics
G202946,CA100010,Carlos,Johnson,carlos.johnson702@yahoo.com,983-547-3829,Alumni,1998,Medium,Aguirreborough,CT,27-Oct-2022,373.97,Capital Campaign
G202947,CA101143,Tara,Barnes,tara.barnes261@hotmail.com,+1-838-445-7202x6656,Parent,,Low,Baileyville,DC,2023-05-12,78.69,Scholarship Fund
G202948,CA101199,Eric,Walker,eric.walker526@hotmail.com,(754)762-2021x23720,Alumni,2002,Low,East Kathleentown,AR,2024-10-01,65.13,Capital Campaign
G202949,CA100989,Adam,Gonzalez,adam.gonzalez110@hotmail.com,001-339-562-7466x62159,Alumni,2011,Low,Lake Melissa,AK,2024-11-28,172.31,Athletics
G202950,CA100444,Carla,Franco,carla.franco882@yahoo.com,(839)384-0289x141,Alumni,1994,Medium,Lake Angela,KY,2025-02-17,487.88,Capital Campaign
G202951,CA101326,Harold,Turner,harold.turner580@gmail.com,695.747.9406,Alumni,1996,Low,North Erin,MD,2024-08-28,95.68,Scholarship Fund
G202952,CA101055,Shelia,Smith,shelia.smith929@gmail.com,(996)680-1867x7403,Parent,,High,Lake Pamela,IL,2025-12-30,1289.1,Athletics
G202953,CA101516,Megan,Cannon,megan.cannon10@hotmail.com,(529)612-7065,Alumni,1995,Low,North Rebeccaton,MS,2026-02-28,278.05,Athletics
G202954,CA101144,Mario,Harris,mario.harris487@hotmail.com,299.925.5394x60742,Alumni,2017,Principal,Courtneyberg,WV,2023-12-03,4301.68,Unrestricted
G202955,CA100932,James,Miller,james.miller613@gmail.com,+1-350-701-6809x414,Alumni,2011,Low,South Rickyburgh,VI,07-Apr-2026,158.19,Capital Campaign
G202956,CA101558,Carlos,Liu,carlos.liu445@hotmail.com,(960)747-4733x8914,Organization,,High,West Spencer,VI,2024-11-01,3930.88,Annual Fund
G202957,CA101621,Vicki,Hughes,vicki.hughes205@yahoo.com,327-307-9959x4761,Alumni,1981,High,South Stephanieshire,NJ,2025-01-09,1152.5,Capital Campaign
G202958,CA101358,Lisa,Joyce,lisa.joyce24@hotmail.com,241-976-7553x98188,Alumni,2003,Medium,South Willie,MI,2025-02-17,150.62,Capital Campaign
G202959,CA101188,Kenneth,Thomas,kenneth.thomas583@yahoo.com,2432261189,Faculty/Staff,,Medium,West Patrick,NE,2024-04-03,1194.77,Endowment
G202960,CA100970,Alison,Jimenez,alison.jimenez603@gmail.com,475.229.8832,Alumni,1993,Low,East Laurafurt,VA,2025-01-15,91.09,Endowment
G202961,CA101180,Robert,Peck,robert.peck366@hotmail.com,744-547-1893,Organization,,Medium,New Robertton,MT,07/06/2023,467.85,Scholarship Fund
G202962,CA100065,Joshua,Schultz,joshua.schultz128@hotmail.com,001-556-898-4789x611,Friend,,Principal,Beasleychester,MA,2025-01-06,30136.61,Annual Fund
G202963,CA101657,Gloria,Evans,gloria.evans252@yahoo.com,(241)919-9255x1253,Alumni,2011,Low,New Christopherbury,GU,"August 07, 2025",87.93,Unrestricted
G202964,CA101004,Andrew,Whitaker,andrew.whitaker792@gmail.com,513-919-3592x3613,Alumni,2007,Low,Klinemouth,HI,2025-05-08,162.16,Endowment
G202965,CA101379,Brandi,Moore,brandi.moore476@gmail.com,476.741.4900x3850,Alumni,2016,High,Bryanborough,MP,2026-01-27,3881.02,Annual Fund
G202966,CA101147,Stephen,Acevedo,stephen.acevedo372@yahoo.com,269.688.1649,Alumni,2011,Medium,Leslieburgh,TN,2024-01-21,134.16,Capital Campaign
G202967,CA100754,Pamela,Leon,,741-952-9821x7392,Alumni,1996,Low,Bowersville,TN,2025-07-26,77.7,Annual Fund
G202968,CA100009,Rodney,Lewis,rodney.lewis547@hotmail.com,001-534-565-7871x33150,Alumni,2019,Medium,North Jeanton,IN,2023-05-02,170.8,Annual Fund
G202969,CA101588,Tara,Sharp,tara.sharp31@hotmail.com,,Faculty/Staff,,Medium,New John,AK,2026-08-25,460.02,Endowment
G202970,CA100676,Eric,Peters,eric.peters47@yahoo.com,9728517863,Alumni,2019,Low,Mccarthyville,MS,2023-08-27,122.45,Athletics
G202971,CA101179,Aaron,Henry,aaron.henry479@gmail.com,,Alumni,2005,Low,West Douglaschester,IL,2024-08-06,179.63,Endowment
G202972,CA100399,Michael,Guzman,,001-357-300-2720x6345,Faculty/Staff,,Low,East Zachary,WI,2024-04-19,141.54,Capital Campaign
G202973,CA101711,  Daniel ,Barron,daniel.barron467@hotmail.com,001-788-431-2736x548,Alumni,2015,Medium,North Thomas,AL,2026-03-28,368.61,Scholarship Fund
G202974,CA100137,Christian,Mcgee,christian.mcgee473@yahoo.com,8167315999,Alumni,1971,Medium,Lake Joshuamouth,NM,2025-10-21,541.34,Capital Campaign
G202975,CA100246,Alexandra,Blankenship,alexandra.blankenship84@hotmail.com,(429)212-7990x88117,Alumni,2004,Low,Boydstad,VI,2026-01-21,95.78,Athletics
G202976,CA100526,Katrina,Young,katrina.young114@hotmail.com,469-506-7447x16392,Organization,,Low,Katieview,UT,2023-01-20,52.69,Capital Campaign
G202977,CA100302,Stephanie,Gray,stephanie.gray412@yahoo.com,8256922220,Parent,,Low,Jessicamouth,LA,2026-05-11,194.58,Capital Campaign
G202978,CA100667,Christina,Smith,christina.smith554@hotmail.com,329-458-0660x13824,Friend,,Medium,Williamsborough,UT,2023-05-19,559.53,Unrestricted
G202979,CA100431,David,Sherman,david.sherman357@gmail.com,749.607.5399x893,Alumni,2000,Low,Elizabethshire,TX,2026-07-13,92.49,Capital Campaign
G202980,CA101737,Heather,Wright,heather.wright363@gmail.com,,Alumni,1996,Low,Nathanmouth,AS,2024-09-19,121.15,Scholarship Fund
G202981,CA100632,Jennifer,Harmon,jennifer.harmon865@hotmail.com,001-853-369-0261x139,Faculty/Staff,,Medium,New Thomashaven,NC,2024-01-31,392.64,Capital Campaign
G202982,CA101338,Brooke,Brewer,brooke.brewer336@gmail.com,383-699-7984,Alumni,2003,Medium,Johnsonmouth,GU,2024-04-16,494.4,Endowment
G202983,CA100378,Derek,Farmer,derek.farmer237_at_hotmail.com,580-815-7164x7947,Organization,,Medium,Tracichester,ID,2026-06-06,358.56,Capital Campaign
G202984,CA100316,Scott,Anderson,scott.anderson957@yahoo.com,+1-601-760-1662x99795,Alumni,2005,Low,Lake Katherine,AS,2026-06-28,193.67,Capital Campaign
G202985,CA100586,Michael,Lewis,michael.lewis344@yahoo.com,568.850.7451x06634,Friend,,Low,New Joshua,PA,"July 02, 2023",109.73,Endowment
G202986,CA101766,Kristin,Mendoza,kristin.mendoza293@gmail.com,(256)811-5686x22307,Alumni,2013,Medium,Christinahaven,AK,2023-10-02,327.46,Unrestricted
G202987,CA100955,John,Simmons,john.simmons645@yahoo.com,7094421410,Alumni,1991,Medium,Reyeshaven,DE,2022-11-16,425.07,Unrestricted
G202988,CA100459,Michael,Jones,michael.jones926@gmail.com,+1-212-547-3950,Alumni,2013,Medium,West Grant,FM,12/25/2024,266.34,Endowment
G202989,CA100680,Luis,ANDREWS,luis.andrews896@yahoo.com,+1-770-976-6046x41978,Alumni,,Low,Meganstad,DE,2023-03-02,125.06,Annual Fund
G202990,CA100748,Evelyn,Jones,evelyn.jones857@hotmail.com,694-709-7626x374,Faculty/Staff,,Low,New Lauren,NY,2024-02-13,75.82,Scholarship Fund
G202991,CA101193,Kirk,Russell,kirk.russell377@gmail.com,244.422.5216,Alumni,2009,Low,Herbertshire,KY,2024-04-12,96.54,Unrestricted
G202992,CA100642,Kimberly,Mann,kimberly.mann710@yahoo.com,5614853800,Alumni,2007,Medium,Wigginsbury,TX,2024-05-16,374.76,Annual Fund
G202993,CA101559,Kevin,Anderson,kevin.anderson194@gmail.com,894-841-0238x73518,Alumni,2015,Principal,Sarafort,NJ,2025-10-11,7888.8,Unrestricted
G202994,CA100137,Christian,Mcgee,christian.mcgee473@yahoo.com,8167315999,Alumni,1971,Medium,Lake Joshuamouth,NM,2023-12-30,612.11,Athletics
G202995,CA101323,Justin,Rivera,justin.rivera601@yahoo.com,(229)752-1797,Organization,,Low,Jamesbury,AS,2023-08-09,187.52,Capital Campaign
G202996,CA101399,Lindsay,Mccoy,lindsay.mccoy969@yahoo.com,8368948112,Parent,,High,Ashleyland,RI,30-Nov-2024,2397.82,Scholarship Fund
G202997,CA101734,Tony,Carter,tony.carter331@hotmail.com,309-935-5557x02006,Parent,,Low,Charleschester,ME,2025-01-06,110.33,Endowment
G202998,CA100004,Elizabeth,Miles,elizabeth.miles868@hotmail.com,+1-219-528-3276x4835,Alumni,2018,Low,Port Leslieview,CA,2025-10-06,44.09,Annual Fund
G202999,CA100089,Jon,Smith,jon.smith336@gmail.com,(931)495-2058x527,Alumni,2015,Principal,North Jennifer,NH,2026-03-10,84737.74,Capital Campaign
G203000,CA101134,Mark,Doyle,mark.doyle242@yahoo.com,+1-464-864-1962x3421,Alumni,2015,Low,East Charles,HI,2023-04-05,181.24,Unrestricted
G203001,CA101231,Shane,Vasquez,shane.vasquez892@gmail.com,(739)659-7815,Friend,,Low,South Melissa,SC,2022-08-07,40.91,Unrestricted
G203002,CA100024,Elizabeth,Nguyen,elizabeth.nguyen774@hotmail.com,682-636-6299x4680,Alumni,1977,Low,South Kristi,PA,24-Sep-2022,58.99,
G203003,CA101458,John,Crane,john.crane36@gmail.com,001-398-924-2662,Alumni,1987,Medium,Rogerston,CA,2026-08-26,684.84,Endowment
G203004,CA101454,Paul,Hicks,paul.hicks319_at_gmail.com,+1-235-538-1483x74755,Parent,,Low,New Danielleville,MO,10/24/2025,98.35,Endowment
G203005,CA100483,Jason,Robinson,jason.robinson800@hotmail.com,495-601-3649x718,Faculty/Staff,,Low,New Markfurt,TX,2023-04-07,134.39,Annual Fund
G203006,CA100595,Laura,Knight,,910-672-7284x9824,Friend,,Medium,Port Kennethmouth,AZ,2026-07-22,266.74,Unrestricted
G203007,CA101591,Hailey,Evans,hailey.evans62@yahoo.com,+1-725-931-6498x283,Friend,,Medium,Scottchester,MI,2025-12-25,211.23,Unrestricted
G203008,CA101413,Michael,Green,michael.green513@gmail.com,600.214.4130x6862,Alumni,,Medium,Stricklandville,FM,"September 04, 2024",717.44,Unrestricted
G203009,CA100161,Jessica,Bell,jessica.bell622@yahoo.com,523-841-3899x94043,Friend,,Low,Debbiebury,NM,2024-11-01,116.69,Athletics
G203010,CA100245,Candace,Jones,candace.jones837@yahoo.com,,Friend,,Low,Andersontown,ID,2025-05-15,129.63,Scholarship Fund
G203011,CA101277,Deanna,Wade,deanna.wade208@gmail.com,(271)982-2266x7941,Alumni,1989,Medium,Murphyhaven,WV,22-Apr-2025,340.75,Capital Campaign
G203012,CA100554,Melissa,Jordan,melissa.jordan776@hotmail.com,001-363-939-9129x71024,Friend,,Low,South Leeport,GA,"July 22, 2026",68.74,Unrestricted
G203013,CA100266,Diana,Mcclure,diana.mcclure735@yahoo.com,,Friend,,Low,East Joan,NV,2024-10-24,88.9,Scholarship Fund
G203014,CA101668,John,Christensen,john.christensen668@hotmail.com,7738920025,Alumni,2018,Low,Katherineborough,IA,2025-04-28,88.89,Endowment
G203015,CA101180,Robert,Peck,robert.peck366@hotmail.com,744-547-1893,Organization,,Medium,New Robertton,MT,2023-04-15,112.56,Capital Campaign
G203016,CA101117,Timothy,Bishop,timothy.bishop678@yahoo.com,,Friend,,Medium,Lake Brian,KY,2024-08-19,222.32,Scholarship Fund
G203017,CA100849,Katherine,Taylor,katherine.taylor237@yahoo.com,(932)403-7476x7753,Alumni,1986,Low,Moyerbury,FL,2025-07-08,84.27,Scholarship Fund
G203018,CA100520,Erica,Randolph,erica.randolph398@gmail.com,578.281.6093x0685,Alumni,2001,Medium,Oconnellhaven,MH,2026-06-11,247.41,Athletics
G203019,CA100963,Catherine,Johns,catherine.johns56@hotmail.com,5498106018,Parent,,High,Tracyborough,VT,2022-08-24,7057.4,Unrestricted
G203020,CA100036,Nicole,Sanchez,nicole.sanchez678@yahoo.com,001-596-750-7527,Alumni,1994,Medium,Matthewview,OH,2024-02-07,218.12,Scholarship Fund
G203021,CA100568,Eric,Hall,eric.hall468_at_hotmail.com,(581)396-4825,Parent,,Medium,North Samuelshire,FL,2022-09-01,654.22,Scholarship Fund
G203022,CA100253,Reginald,Caldwell,reginald.caldwell70@yahoo.com,001-738-701-1848,Alumni,2018,Low,Jeremyborough,NH,2024-11-21,147.39,Unrestricted
G203023,CA100864,David,Newman,david.newman627@hotmail.com,+1-594-737-0526,Alumni,2015,Low,North Anthonyview,MS,2022-10-14,60.19,Annual Fund
G203024,CA100604,  Thomas ,Wall,thomas.wall712@yahoo.com,(301)846-7238x4979,Alumni,2005,Medium,Lake Andrew,FL,2023-06-21,149.18,Annual Fund
G203025,CA101457,Manuel,Johnson,manuel.johnson512@hotmail.com,853.745.8195,Alumni,1979,Medium,Thorntonside,MN,28-Sep-2023,377.65,Endowment
G203026,CA100664,Steven,Santiago,steven.santiago974@hotmail.com,(239)683-6520x37583,Alumni,2010,Low,Clintonstad,PW,2023-04-01,65.4,Athletics
G203027,CA100923,Stephanie,Saunders,stephanie.saunders477@yahoo.com,450-568-8269x17768,Alumni,1996,High,Kellyton,DE,2024-12-30,5409.57,Annual Fund
G203028,CA101647,Tiffany,Bishop,tiffany.bishop158@hotmail.com,974-922-9835x966,Alumni,,Low,West Johntown,WY,2023-01-21,104.37,Athletics
G203029,CA100071,Jennifer,Frank,jennifer.frank975@hotmail.com,+1-910-822-9014x767,Parent,,High,Jasonhaven,DE,2025-10-05,1760.0,Endowment
G203030,CA101704,Brandy,Jacobs,brandy.jacobs750@hotmail.com,001-652-625-2964,Parent,,Medium,Kathleenbury,AS,2022-08-02,406.69,Endowment
G203031,CA101409,Christina,Rodriguez,christina.rodriguez779@yahoo.com,294-323-2154,Parent,,Low,North Samantha,IL,2023-11-18,229.06,Unrestricted
G203032,CA101541,Ryan,Nguyen,ryan.nguyen45@hotmail.com,618-586-0167x44923,Friend,,Low,Cherylchester,OK,2026-07-19,75.13,Endowment
G203033,CA100494,  Daisy ,Frank,daisy.frank816@yahoo.com,(343)364-0270,Alumni,1994,Low,Warrenport,VA,2024-04-10,37.44,Annual Fund
G203034,CA101441,Jeffrey,Jimenez,jeffrey.jimenez622@gmail.com,429-543-0003x7539,Alumni,2010,High,East Douglaschester,MI,2026-09-06,4573.48,Endowment
G203035,CA100139,Sean,Juarez,sean.juarez393@gmail.com,(312)267-8886,Alumni,2013,Medium,West Angelamouth,VI,06-Dec-2024,439.49,Capital Campaign
G203036,CA100460,Jose,Thompson,jose.thompson774@hotmail.com,,Faculty/Staff,,Low,East James,HI,2026-01-26,144.06,Unrestricted
G203037,CA100235,James,Carpenter,jamescarpenter159@yahoocom,(623)414-9135x775,Alumni,2014,Medium,Lindseychester,GA,14-Oct-2023,560.5,Athletics
G203038,CA101267,James,Henderson,,(623)413-3610x94416,Alumni,1998,Low,Lake Cory,MI,2024-11-12,70.87,Endowment
G203039,CA101194,Karina,Thomas,karina.thomas775@hotmail.com,+1-709-744-7726x90326,Alumni,2002,High,East Sandrafort,MT,2025-08-26,1264.7,Capital Campaign
G203040,CA101449,Eric,Brown,eric.brown709@hotmail.com,001-545-416-7670x636,Alumni,1994,Medium,Gonzalezville,CA,03-Apr-2023,380.39,Unrestricted
G203041,CA101615,Amy,Avila,amy.avila419@yahoo.com,391.906.5735,Alumni,2009,Low,Matthewview,MS,2024-04-15,128.56,Capital Campaign
G203042,CA100518,Eric,Martinez,eric.martinez367@yahoo.com,001-940-753-9672,Alumni,1990,Medium,Shawview,NE,"January 18, 2023",748.48,Endowment
G203043,CA101047,Tina,Velez,tina.velez467@yahoo.com,(928)705-5077x4065,Friend,,High,Christopherfurt,GA,2023-07-11,3802.67,Endowment
G203044,CA101312,Gary,Werner,gary.werner450@hotmail.com,,Organization,,Low,New Hollyland,ND,2024-03-01,72.14,Scholarship Fund
G203045,CA100707,Connie,Rodriguez,connie.rodriguez588@gmail.com,705.487.7221x6417,Alumni,2022,Low,Port Daniel,IN,2026-02-26,80.03,Athletics
G203046,CA100670,  Joshua ,Cunningham,joshua.cunningham792@yahoo.com,334.932.4474,Organization,,Principal,Bethstad,WI,2025-01-02,19005.04,Capital Campaign
G203047,CA101479,Louis,Nichols,louis.nichols552@gmail.com,559-777-7265x97640,Parent,,Low,West Anthonyland,PW,05/16/2024,119.46,Capital Campaign
G203048,CA100142,Michelle,Alexander,michelle.alexander594@yahoo.com,+1-992-545-9375x2654,Parent,,Medium,Nicholasfurt,MN,2025-02-18,508.73,Annual Fund
G203049,CA100373,Laura,Hansen,laura.hansen303@hotmail.com,488.916.7112x07545,Alumni,2001,Low,Geraldport,AK,2025-09-23,117.98,Capital Campaign
G203050,CA100804,Karen,Mccall,karen.mccall497@yahoo.com,+1-294-231-9100,Faculty/Staff,,Medium,Sarahport,NV,02/26/2025,499.47,Endowment
G203051,CA100348,Sharon,Bishop,sharon.bishop929@gmail.com,+1-327-391-4560x833,Parent,,Medium,Michelleside,NY,2025-04-20,304.59,Scholarship Fund
G203052,CA100446,Paula,Warner,paula.warner587@yahoo.com,+1-711-880-7156,Alumni,1974,Medium,Port Katrina,UT,2024-07-12,799.05,Capital Campaign
G203053,CA101002,Larry,Brown,larry.brown103@gmail.com,(585)816-2259,Friend,,Medium,Amyberg,AL,2025-08-21,132.35,Endowment
G203054,CA101070,Francis,Bradley,francis.bradley69@gmail.com,767-808-0568,Parent,,Medium,Stevenston,MS,2025-01-30,705.21,Athletics
G203055,CA101389,Joseph,Hunt,joseph.hunt332@yahoo.com,942.509.5367,Parent,,Low,Dorothyside,SC,2026-01-29,106.61,Scholarship Fund
G203056,CA100484,Sandra,Wise,sandra.wise537_at_gmail.com,,Alumni,2010,Medium,Gregorymouth,PR,20-Dec-2024,156.52,Endowment
G203057,CA101776,Rebekah,Boyd,rebekah.boyd940@hotmail.com,001-339-777-0411x678,Alumni,2017,High,Walshport,MO,2025-11-21,6340.93,Capital Campaign
G203058,CA100033,Anthony,Wright,anthony.wright949@gmail.com,+1-323-427-1937x452,Alumni,1988,Medium,Danieltown,ME,2026-06-26,191.64,Annual Fund
G203059,CA100530,Collin,Smith,collin.smith302@hotmail.com,001-325-355-9895x34396,Alumni,2008,Low,Lake Julia,DE,2026-06-28,41.39,Annual Fund
G203060,CA101026,Sandra,Joseph,sandra.joseph245@hotmail.com,422.210.1023,Alumni,2014,High,North Heatherfurt,NH,2023-08-05,1649.79,Endowment
G203061,CA101373,Brittany,Roth,brittany.roth551@gmail.com,001-577-240-2928x643,Alumni,2015,Low,South Suzanne,SC,2023-05-24,119.58,Endowment
G203062,CA101219,Jessica,Brennan,jessica.brennan520@yahoo.com,2033203197,Organization,,Medium,Port Joshuatown,IL,"January 29, 2025",190.23,Annual Fund
G203063,CA101213,Sarah,Logan,sarah.logan426@gmail.com,(641)697-6878,Friend,,Low,Mcdonaldland,TN,2023-07-09,123.54,Unrestricted
G203064,CA100196,Jenna,Powell,jenna.powell107@hotmail.com,001-202-733-0307,Alumni,2011,Medium,West Micheal,NH,2025-03-06,220.11,Endowment
G203065,CA101589,Emily,Gibson,emily.gibson784@yahoo.com,+1-721-826-2643,Alumni,1988,Low,Davidsonview,LA,2024-09-08,108.55,Scholarship Fund
G203066,CA100040,Miranda,Henry,miranda.henry584@gmail.com,001-947-377-5204,Friend,,Low,South Travisshire,SC,"July 02, 2025",60.79,Athletics
G203067,CA100277,Amy,Henry,amy.henry729@hotmail.com,(385)457-4982,Friend,,Medium,Phillipsview,ND,2024-08-05,416.85,Unrestricted
G203068,CA100174,Lori,Thompson,lori.thompson745@yahoo.com,488.531.7121x003,Friend,,Medium,Watsonland,OR,2024-05-19,371.09,Scholarship Fund
G203069,CA100740,Sean,Williams,sean.williams264@yahoo.com,001-742-738-8565x271,Parent,,Low,West Maria,CT,2025-03-31,260.41,Capital Campaign
G203070,CA100309,Kristy,Parker,kristy.parker152@hotmail.com,+1-250-415-5699,Alumni,1999,Medium,West Martha,TX,2023-06-29,741.27,Scholarship Fund
G203071,CA100294,Amber,Mcbride,amber.mcbride924@gmail.com,782-462-9251x8812,Alumni,2007,Low,Port Lucaschester,MT,2023-01-29,96.16,Scholarship Fund
G203072,CA101328,Jason,Rivera,jason.rivera655@gmail.com,+1-833-259-7487,Friend,,Medium,Gloriaton,WI,2025-06-12,337.04,Endowment
G203073,CA101384,Alice,Henderson,alice.henderson316@gmail.com,470-568-0269x33154,Faculty/Staff,,Low,South Arthurburgh,ID,05/30/2025,79.49,Annual Fund
G203074,CA101127,William,Carpenter,william.carpenter824@yahoo.com,7473020596,Alumni,1998,Low,Jakemouth,NM,2025-03-10,38.39,Endowment
G203075,CA100718,Jeffrey,Simmons,jeffrey.simmons715@yahoo.com,495.587.3959,Friend,,High,East Kyle,CT,2023-02-13,9781.45,Athletics
G203076,CA101151,Michael,Joyce,michael.joyce843@gmail.com,7278500030,Friend,,Low,Garciastad,SD,2024-11-08,196.67,Capital Campaign
G203077,CA101023,Dawn,Martinez,dawn.martinez6@hotmail.com,488.248.6999x698,Parent,,Low,Victoriamouth,NJ,2026-08-03,78.66,Capital Campaign
G203078,CA101609,William,Johns,william.johns730@yahoo.com,877-409-0676x1837,Alumni,1980,High,Aaronchester,SD,2023-09-23,3878.56,Capital Campaign
G203079,CA100836,Patricia,Knight,patriciaknight269@gmailcom,659-744-6333,Parent,,Medium,East Andrew,OR,2026-05-19,330.54,Scholarship Fund
G203080,CA100152,Amanda,Jackson,amanda.jackson30_at_yahoo.com,001-778-281-9148,Alumni,2015,Low,Paynechester,CT,08/28/2023,76.52,Endowment
G203081,CA100641,Daniel,Mccarthy,daniel.mccarthy397@gmail.com,767.441.2415x131,Parent,,High,Joshuahaven,TX,2026-01-18,1555.46,Capital Campaign
G203082,CA101278,Mark,Harper,mark.harper517@gmail.com,(273)796-3428x9876,Organization,,Low,Melanieport,OK,2023-06-01,73.27,Athletics
G203083,CA100923,Stephanie,Saunders,stephanie.saunders477@yahoo.com,450-568-8269x17768,Alumni,1996,High,Kellyton,DE,2024-04-10,2114.55,Unrestricted
G203084,CA100610,Lindsey,Oconnor,lindseyoconnor524@gmailcom,226-361-0941,Faculty/Staff,,Low,Hinestown,HI,2024-07-17,85.88,Capital Campaign
G203085,CA101073,Mary,Davis,mary.davis710@gmail.com,236-925-8542x188,Alumni,2016,Low,Lake Cindychester,FL,2026-04-29,84.71,Endowment
G203086,CA100501,Amber,Sanchez,ambersanchez240@gmailcom,001-911-360-2564x34712,Alumni,2010,Low,Monicashire,WI,2023-12-20,36.57,Endowment
G203087,CA100891,John,Williams,john.williams282@yahoo.com,(473)585-7368x011,Alumni,2016,Medium,Delacruzborough,NH,07-Mar-2025,219.85,Capital Campaign
G203088,CA101311,James,Young,james.young342@hotmail.com,(923)203-9744x08806,Friend,,Medium,Riddleton,PA,2025-05-21,267.65,Athletics
G203089,CA101608,Sophia,Green,sophia.green350@hotmail.com,933.454.0112,Alumni,1998,Low,South Alexander,AL,2025-08-26,201.96,Capital Campaign
G203090,CA101782,Diana,Henry,diana.henry311@hotmail.com,001-971-756-5969x57945,Parent,,Low,Cherylstad,MN,2026-08-05,233.88,Unrestricted
G203091,CA100122,Emily,Stephens,emily.stephens807@hotmail.com,(533)575-2431x0690,Alumni,1996,Low,North Brittneymouth,PA,2024-08-16,44.6,Athletics
G203092,CA101161,Jacqueline,WHITNEY,jacqueline.whitney377@yahoo.com,244.593.0537,Alumni,2012,Medium,North Alyssa,MT,2023-07-14,227.19,Scholarship Fund
G203093,CA100961,Cynthia,Peters,cynthia.peters858@gmail.com,+1-914-544-8896x69972,Organization,,High,Colemouth,VA,2022-10-22,3552.92,Capital Campaign
G203094,CA101796,Tasha,Finley,,+1-663-806-6700x599,Alumni,2009,Medium,Sandersbury,VI,2023-05-17,488.64,Endowment
G203095,CA100000,Danielle,Johnson,danielle.johnson282@yahoo.com,232.318.1960,Alumni,,High,East William,AK,2024-04-27,3194.55,Unrestricted
G203096,CA101593,Stephanie,Swanson,stephanie.swanson586@hotmail.com,990-976-3415x359,Friend,,Low,North Elizabethville,DE,2024-11-17,125.21,Unrestricted
G203097,CA101189,Cory,James,cory.james818_at_gmail.com,502.886.7202x0095,Parent,,Low,Griffithland,OK,2024-12-12,115.59,Capital Campaign
G203098,CA101166,Jesus,Velazquez,,621-918-9684x42464,Faculty/Staff,,Low,Samuelside,PW,2022-10-22,71.91,Athletics
G203099,CA100094,Devin,Richardson,devin.richardson766@yahoo.com,+1-943-510-2786x8144,Alumni,2015,Principal,Heatherfort,ID,2025-11-30,33192.76,Endowment
G203100,CA100055,Kenneth,Lyons,kenneth.lyons182@gmail.com,+1-664-409-0974x39533,Alumni,2015,Low,Lake Debbieport,WY,29-Apr-2023,84.32,Scholarship Fund
G203101,CA100593,Joseph,Stone,joseph.stone173@hotmail.com,8267325703,Alumni,2012,Medium,Lake Christopher,PW,2026-04-04,358.02,Athletics
G203102,CA100939,April,Beltran,april.beltran841@gmail.com,,Alumni,2020,Medium,Jessicafort,WY,2026-07-24,374.34,Capital Campaign
G203103,CA100646,Jason,Rosales,jason.rosales136@yahoo.com,8856456676,Alumni,1996,High,West Toddbury,MA,2025-08-06,3741.54,Annual Fund
G203104,CA100622,Stephanie,Tucker,stephanie.tucker979@gmail.com,428.234.8315,Friend,,Low,Lake Scott,WV,2023-08-15,47.93,Annual Fund
G203105,CA100693,Dillon,Harvey,dillon.harvey794@gmail.com,+1-296-805-9329x715,Alumni,1968,Low,Port Robin,NH,2023-09-18,109.35,Athletics
G203106,CA101429,Christopher,Bowman,christopher.bowman188@gmail.com,963.404.0296x62991,Organization,,Low,South Kennethburgh,PA,02-Oct-2022,168.07,Capital Campaign
G203107,CA100263,Barbara,Banks,barbara.banks998@gmail.com,001-745-858-7716x94722,Alumni,1984,Medium,Sweeneyland,CO,08/06/2025,425.12,Annual Fund
G203108,CA101771,Bradley,Miller,bradley.miller874@gmail.com,+1-829-688-7123x20366,Parent,,Low,Port Scott,VI,2023-05-15,52.0,Endowment
G203109,CA100456,Miguel,Smith,miguel.smith17@hotmail.com,,Faculty/Staff,,Medium,North John,GU,2024-11-19,-382.56,Unrestricted
G203110,CA100761,Hannah,Perry,hannah.perry102@yahoo.com,(343)374-9060x7231,Parent,,Medium,Port Tracy,HI,2026-04-30,416.83,Scholarship Fund
G203111,CA101562,Barbara,Torres,barbara.torres141@hotmail.com,928-765-5816,Friend,,Medium,East Amanda,PR,2023-08-12,411.03,Capital Campaign
G203112,CA100972,Natalie,Contreras,natalie.contreras291@yahoo.com,,Alumni,2006,Low,East Dana,MO,2026-08-14,73.71,Athletics
G203113,CA100652,Amy,Rodriguez,amy.rodriguez368@gmail.com,001-606-737-5791,Alumni,2014,Principal,Port Crystal,CO,03/25/2023,55040.25,Annual Fund
G203114,CA101409,Christina,Rodriguez,christina.rodriguez779@yahoo.com,294-323-2154,Parent,,Low,North Samantha,IL,2026-08-19,273.11,Annual Fund
G203115,CA100655,Michele,Haney,michele.haney566_at_gmail.com,461-562-0281,Faculty/Staff,,Low,Kaneville,AZ,2024-06-01,157.07,Athletics
G203116,CA101288,Cynthia,Brock,cynthia.brock822@yahoo.com,644.743.5962,Faculty/Staff,,Low,Yoderland,HI,2023-02-19,47.67,Athletics
G203117,CA100956,Heather,Mills,heather.mills294@hotmail.com,7928704523,Alumni,1990,Principal,East Savannah,OH,2022-07-29,25387.12,Annual Fund
G203118,CA100234,Robert,Brewer,robert.brewer372@hotmail.com,(222)939-4312,Faculty/Staff,,Low,West Emilyview,CT,2024-12-11,34.0,Endowment
G203119,CA100902,Leah,Walker,leah.walker662@hotmail.com,782-997-1681,Alumni,1982,Medium,Lake Joshua,PR,2024-03-30,524.03,Athletics
G203120,CA101202,Jimmy,Jennings,jimmy.jennings602@gmail.com,398.897.9060x854,Alumni,1985,Low,Cookefurt,IA,2025-09-11,39.21,Annual Fund
G203121,CA101243,Jason,Cuevas,jason.cuevas203@yahoo.com,570.450.0493,Alumni,1991,High,Conleyburgh,KS,2026-02-19,7514.39,Endowment
G203122,CA101036,Jessica,Adams,jessica.adams516@gmail.com,485-245-7056,Alumni,2010,High,East Megan,MN,2023-09-19,1144.3,Capital Campaign
G203123,CA100743,James,Davis,james.davis694@hotmail.com,+1-364-725-8562x61499,Alumni,1999,Low,South Margaret,IA,2025-03-19,66.29,Endowment
G203124,CA101602,Adrian,Nelson,adrian.nelson810@gmail.com,+1-974-827-4936x635,Parent,,Medium,Mackland,UT,2023-07-12,593.02,Endowment
G203125,CA101291,  Kyle ,Bell,,001-664-481-8754x036,Alumni,,Low,West Morganshire,NV,2026-04-05,145.04,Annual Fund
G203126,CA100433,Pamela,Alvarez,pamela.alvarez188@yahoo.com,958-869-8864,Friend,,Medium,Barkerfort,VA,2024-01-11,2487.93,Endowment
G203127,CA101636,  Rachel ,Barker,rachel.barker696@gmail.com,,Parent,,Low,Nicholstown,NE,2024-04-08,134.64,Annual Fund
G203128,CA101512,Brenda,Morales,brenda.morales872@gmail.com,001-566-978-3055x7371,Parent,,Low,Madelineton,GA,2025-01-03,79.59,Capital Campaign
G203129,CA101026,Sandra,Joseph,sandra.joseph245@hotmail.com,422.210.1023,Alumni,2014,High,North Heatherfurt,NH,2024-02-23,5504.19,Annual Fund
G203130,CA100747,Deanna,Spencer,deanna.spencer754@gmail.com,249.907.9779x612,Alumni,2004,Low,West Thomasberg,CA,"October 15, 2024",48.56,Scholarship Fund
G203131,CA100317,Amanda,Beltran,amanda.beltran839@yahoo.com,,Alumni,2008,Low,North Lisa,PW,12/20/2024,134.57,Unrestricted
G203132,CA101775,Jeffery,David,jeffery.david626@yahoo.com,622.285.7042,Alumni,2013,Low,West Matthew,LA,2026-09-05,150.44,Athletics
G203133,CA101137,Haley,Jackson,haley.jackson987@gmail.com,8055328538,Alumni,2015,Medium,North Marcton,MD,10-Jan-2025,142.72,Scholarship Fund
G203134,CA100689,Jared,Mercer,jared.mercer899@yahoo.com,845-877-0299x2959,Alumni,2016,Medium,Port Teresaside,WA,2024-01-20,550.77,Annual Fund
G203135,CA100517,Joseph,Garcia,joseph.garcia327@gmail.com,(956)425-8896,Alumni,2008,Principal,Alberthaven,VT,2023-12-25,18155.92,Annual Fund
G203136,CA100581,Grace,Graham,grace.graham510@gmail.com,235-680-0401,Alumni,,Low,West Markfurt,KY,2024-10-26,90.06,Athletics
G203137,CA100176,Randall,Johnson,randall.johnson372@hotmail.com,(625)932-4472x09993,Parent,,Low,Andradefort,AR,2023-02-20,211.28,Endowment
G203138,CA100520,Erica,Randolph,erica.randolph398@gmail.com,578.281.6093x0685,Alumni,2001,Medium,Oconnellhaven,MH,2022-08-12,487.74,Unrestricted
G203139,CA101216,Justin,Cardenas,justin.cardenas324@gmail.com,997-538-8182,Friend,,Low,Port Elizabethbury,ME,2023-06-21,78.49,Endowment
G203140,CA100995,Zachary,Weiss,zachary.weiss754@hotmail.com,(311)560-2041,Faculty/Staff,,Low,Gabrielleshire,NY,12/18/2023,50.47,
G203141,CA101420,  Tina ,Hansen,tina.hansen679@hotmail.com,9376891213,Parent,,Low,Port Jennifer,PA,2024-04-27,54.71,Capital Campaign
G203142,CA101673,Samuel,Carroll,samuel.carroll524@hotmail.com,(854)466-2897x35189,Alumni,2015,Low,West Eric,WI,2023-03-09,128.84,Athletics
G203143,CA101178,Jonathan,Jones,jonathan.jones818@hotmail.com,+1-261-701-9753x58464,Faculty/Staff,,High,North Jacobside,ND,2026-01-08,3928.21,Scholarship Fund
G203144,CA100753,Dana,Jimenez,dana.jimenez356@hotmail.com,451.429.5927,Organization,,Medium,Johnsonton,ND,2025-05-11,323.78,Endowment
G203145,CA101427,Sue,Hebert,sue.hebert751@yahoo.com,(979)260-2425,Parent,,Medium,Port Jason,TN,05-Sep-2022,195.58,Scholarship Fund
G203146,CA101084,Melanie,Lee,melanie.lee81@yahoo.com,,Alumni,2016,Low,New Kevinshire,UT,2023-11-19,62.55,Capital Campaign
G203147,CA101476,Jesse,Lutz,jesse.lutz661@hotmail.com,(401)567-6718x776,Alumni,2000,Low,Mcintoshchester,ND,2024-05-18,82.66,Unrestricted
G203148,CA101729,Justin,Hall,justin.hall52@yahoo.com,(791)260-4359x839,Friend,,Low,Burnettshire,NE,02/01/2026,67.44,Athletics
G203149,CA101177,Dennis,Romero,dennis.romero504@gmail.com,572.670.2896x6605,Alumni,2015,Medium,New Christopher,AS,2022-11-27,232.44,Capital Campaign
G203150,CA100321,Kristen,Graham,kristen.graham424@yahoo.com,+1-932-719-7199,Faculty/Staff,,Low,Port Seanport,MO,2026-06-22,128.99,Annual Fund
G203151,CA100828,Richard,Wiggins,richard.wiggins223@hotmail.com,(239)884-7169,Alumni,2001,High,New Christopherberg,WI,2023-09-02,17125.74,Annual Fund
G203152,CA101460,Ann,Holland,ann.holland157@yahoo.com,915-502-5285x46130,Alumni,2019,Low,New Sabrinafort,DC,01/07/2025,113.11,Athletics
G203153,CA100424,Eric,Clayton,eric.clayton46@hotmail.com,5159619318,Parent,,High,Victoriastad,WI,2023-01-25,3431.15,Endowment
G203154,CA101048,Jamie,White,jamie.white187@gmail.com,+1-508-355-1074x091,Organization,,Medium,North Stevenhaven,MS,2022-07-24,176.26,Capital Campaign
G203155,CA100244,Zachary,Sullivan,zachary.sullivan928@hotmail.com,+1-404-413-7977x2369,Alumni,1992,Principal,Garymouth,NH,2026-05-20,69916.95,Unrestricted
G203156,CA100397,Lori,Smith,lori.smith303@hotmail.com,5039486451,Parent,,Low,Smithfurt,PW,2026-03-30,51.01,Unrestricted
G203157,CA100736,Jenna,Glenn,jenna.glenn563@yahoo.com,001-343-681-1995x37660,Faculty/Staff,,Low,Rebeccahaven,MA,2024-04-11,88.43,Annual Fund
G203158,CA100873,Christopher,Thompson,,+1-440-591-1225,Alumni,2013,Low,Ritterstad,AK,"July 05, 2026",43.75,Annual Fund
G203159,CA100289,Katherine,Farrell,katherine.farrell980@gmail.com,001-703-592-4051x4770,Alumni,1999,Medium,East Amy,WV,2025-04-08,272.85,Unrestricted
G203160,CA100689,Jared,Mercer,jared.mercer899@yahoo.com,845-877-0299x2959,Alumni,2016,Medium,Port Teresaside,WA,"November 14, 2023",917.99,Capital Campaign
G203161,CA100592,Stephen,Carey,stephen.carey341@yahoo.com,,Parent,,Low,Patriciafort,DE,12/08/2025,49.82,Capital Campaign
G203162,CA100278,Michael,Smith,michael.smith812@hotmail.com,962.409.5935x18638,Alumni,2013,Low,Marcusmouth,DE,2026-02-05,38.17,Capital Campaign
G203163,CA100766,Andre,Le,andre.le149@hotmail.com,550-221-3060x90691,Alumni,2011,High,North Deborahfort,OK,2023-01-07,935.3,Unrestricted
G203164,CA100335,Corey,Pena,corey.pena910@yahoo.com,239.838.5258x001,Friend,,Low,New Daltonmouth,MI,11-Jun-2025,187.9,Capital Campaign
G203165,CA100404,Mike,Sutton,mike.sutton496@yahoo.com,607-325-6366,Alumni,2007,Medium,New Brianmouth,IA,2023-05-14,446.06,Annual Fund
G203166,CA101361,Natalie,Payne,natalie.payne655@gmail.com,001-288-861-8207,Alumni,2010,Medium,Espinozaton,VI,2022-07-15,334.94,Endowment
G203167,CA101051,Luis,Rogers,luis.rogers167@hotmail.com,(659)247-9507,Organization,,Low,Garciamouth,VT,2025-06-19,82.1,Annual Fund
G203168,CA101091,Jose,Thomas,jose.thomas176@gmail.com,,Parent,,Low,East Stephanie,PW,2025-11-02,55.14,Scholarship Fund
G203169,CA101373,Brittany,Roth,brittany.roth551@gmail.com,001-577-240-2928x643,Alumni,2015,Low,South Suzanne,SC,2026-04-04,77.23,Scholarship Fund
G203170,CA100605,Lori,Sandoval,lori.sandoval718@gmail.com,383.977.4419x75466,Alumni,2003,Low,Liberg,AK,2026-02-02,83.21,Unrestricted
G203171,CA101229,Lisa,Jones,lisa.jones105@gmail.com,530-521-5167x58646,Alumni,2000,Medium,Jesseside,CO,2026-01-09,238.54,Unrestricted
G203172,CA101543,Gary,Rivera,gary.rivera933@yahoo.com,940-825-0385,Friend,,Medium,Port Nicholas,MP,2025-06-06,356.88,Athletics
G203173,CA100748,Evelyn,Jones,evelyn.jones857@hotmail.com,694-709-7626x374,Faculty/Staff,,Low,New Lauren,NY,19-Jul-2025,107.42,Capital Campaign
G203174,CA101518,Sean,Silva,sean.silva384@yahoo.com,+1-907-257-8984x9749,Alumni,2013,High,Evanberg,CT,2025-10-03,2979.63,Scholarship Fund
G203175,CA100194,Joseph,Watson,joseph.watson134@yahoo.com,344-571-3247x5469,Parent,,Medium,Lewischester,WA,12-Jul-2024,466.5,Endowment
G203176,CA100429,Joshua,Rose,joshua.rose65@gmail.com,001-367-238-9975x634,Faculty/Staff,,Principal,Peterberg,NC,08-Nov-2024,5619.33,
G203177,CA100639,April,Andrews,april.andrews958@hotmail.com,315-542-1447x73244,Alumni,2003,Low,Donaldborough,OH,"August 14, 2023",82.36,Scholarship Fund
G203178,CA100890,Hannah,Spencer,hannah.spencer840_at_hotmail.com,707-332-1464x49369,Alumni,2010,High,Ruizborough,FM,2022-10-20,1835.16,Scholarship Fund
G203179,CA100565,Tyler,Walton,tyler.walton936@hotmail.com,978-890-4633,Alumni,2018,Medium,East Melissaville,MI,2023-10-08,217.06,Capital Campaign
G203180,CA101125,Nina,Duran,nina.duran232@yahoo.com,922-427-6433,Parent,,High,North Michael,LA,2024-02-25,3870.33,Endowment
G203181,CA100225,Miranda,Stevenson,miranda.stevenson155@gmail.com,001-286-638-4066x6580,Friend,,Low,New Misty,VI,2025-08-08,115.01,
G203182,CA101550,Joseph,Mitchell,joseph.mitchell965@gmail.com,885-929-5377x4037,Parent,,Low,Grantport,AK,2023-10-20,142.41,Scholarship Fund
G203183,CA100747,Deanna,Spencer,deanna.spencer754@gmail.com,249.907.9779x612,Alumni,2004,Low,West Thomasberg,CA,2023-11-01,98.71,Athletics
G203184,CA100057,Tammy,Phillips,tammy.phillips482@yahoo.com,871-223-6851,Alumni,2008,Low,Amandamouth,MN,2025-06-14,62.26,Capital Campaign
G203185,CA100812,Daniel,Mason,daniel.mason585@gmail.com,819.804.8235x71558,Alumni,2005,Low,New Michael,MT,2024-02-24,67.64,Scholarship Fund
G203186,CA100908,Brandon,Martinez,brandon.martinez89@yahoo.com,581-588-0442x877,Parent,,Low,Robbinsborough,NC,2024-07-22,52.31,Capital Campaign
G203187,CA101460,Ann,Holland,ann.holland157@yahoo.com,915-502-5285x46130,Alumni,2019,Low,New Sabrinafort,DC,"April 06, 2025",89.05,Endowment
G203188,CA100249,Michael,Moore,michael.moore263@hotmail.com,001-844-586-9594,Parent,,Low,Arnoldside,NJ,2025-12-30,67.03,Unrestricted
G203189,CA100821,Megan,Perez,megan.perez956@yahoo.com,001-811-222-2990x775,Parent,,High,Cynthiaville,MT,04-Mar-2025,6971.94,Athletics
G203190,CA100136,Erica,Fernandez,erica.fernandez727@yahoo.com,,Friend,,Medium,Port Vanessa,VA,2024-02-20,164.01,Unrestricted
G203191,CA100625,Daniel,Hughes,,+1-248-676-9984x26732,Parent,,Low,Christopherbury,WI,2026-04-08,183.74,Capital Campaign
G203192,CA101723,Erin,Glover,erin.glover340@hotmail.com,+1-630-745-7627,Faculty/Staff,,Medium,North Wendytown,OH,2022-07-02,690.84,Capital Campaign
G203193,CA100650,Michelle,Jones,michelle.jones55@hotmail.com,001-760-808-9219x6394,Organization,,Low,West Joshuaborough,CT,2022-07-11,120.32,Annual Fund
G203194,CA101628,John,Baldwin,john.baldwin965@gmail.com,9647488548,Friend,,Medium,North Darren,OR,2022-12-30,175.79,Capital Campaign
G203195,CA100075,Christian,Harrell,christian.harrell798@hotmail.com,335-421-8188x35523,Friend,,High,Jamesberg,WV,2025-06-25,723.41,Annual Fund
G203196,CA101696,Lori,Nichols,lori.nichols214@hotmail.com,401.945.5703x934,Alumni,2014,Medium,Lake Amberfurt,MO,2023-11-13,535.55,Capital Campaign
G203197,CA101717,Anthony,Payne,anthony.payne309@yahoo.com,001-458-201-5176x4296,Alumni,2006,Low,West Cody,MI,2022-11-08,84.11,Endowment
G203198,CA100595,Laura,Knight,,910-672-7284x9824,Friend,,Medium,Port Kennethmouth,AZ,2025-08-06,888.67,Scholarship Fund
G203199,CA100862,Cody,Obrien,cody.obrien424@hotmail.com,506-652-7758x4466,Faculty/Staff,,Low,Jasonmouth,FL,2023-06-19,134.25,Endowment
G203200,CA101712,Caleb,Cole,caleb.cole182@gmail.com,+1-942-887-4162,Friend,,Medium,Lake Randall,CA,12/10/2024,321.53,Unrestricted
G203201,CA101726,Phillip,Williams,phillip.williams154@gmail.com,887.388.5285,Parent,,Low,Kimberlyshire,NH,2024-02-22,46.84,Annual Fund
G203202,CA101046,Joshua,Gardner,joshua.gardner381@gmail.com,001-667-439-8344x8838,Alumni,1991,Low,Laurenfurt,PW,2025-11-05,72.51,Annual Fund
G203203,CA100304,Shawn,Ramos,shawn.ramos403@hotmail.com,+1-703-284-9830x220,Parent,,Low,Port Antonio,OK,2025-04-10,81.66,Athletics
G203204,CA100478,Jared,Williams,jared.williams782@gmail.com,676-356-3600,Alumni,2010,High,West Ellen,NH,2025-10-01,1273.5,Annual Fund
G203205,CA101322,Paul,Soto,paul.soto481@hotmail.com,,Alumni,2003,Low,West Olivia,PR,10-Sep-2023,122.44,Endowment
G203206,CA101380,Sharon,Schmitt,sharon.schmitt841@yahoo.com,+1-548-567-2288x39047,Alumni,1978,Medium,West Saraview,MS,2023-11-08,277.26,
G203207,CA101225,Emily,Moran,emily.moran346@yahoo.com,(478)400-2443x236,Faculty/Staff,,Low,South Brendafurt,PA,12-Sep-2026,87.82,Endowment
G203208,CA101639,Shannon,Smith,shannon.smith610@yahoo.com,001-737-795-8291,Alumni,2007,Medium,Lisaland,NE,2023-02-04,574.99,Athletics
G203209,CA101308,Thomas,Williams,thomas.williams338@gmail.com,001-230-545-4184,Alumni,1982,Low,East Christopher,ND,2023-10-31,68.87,Scholarship Fund
G203210,CA101337,Sara,Wilkinson,sara.wilkinson652@yahoo.com,(600)836-3856,Alumni,2009,Medium,West Ashleyview,MD,2025-11-16,805.04,Annual Fund
G203211,CA100737,Robert,Huff,robert.huff987@yahoo.com,801-673-9739,Parent,,Low,Port Margaretfort,OH,"April 15, 2024",219.11,Annual Fund
G203212,CA100037,Alejandro,Vaughan,alejandro.vaughan766@gmail.com,367.683.7770,Alumni,2001,Low,South Heather,ME,2026-05-27,93.84,
G203213,CA100346,Derrick,Copeland,derrick.copeland419@gmail.com,001-909-525-1142x62582,Alumni,1980,Medium,East Craigfurt,WI,2024-06-25,445.4,Athletics
G203214,CA101028,Debra,Davidson,debra.davidson475@gmail.com,001-780-674-6823,Organization,,Medium,Clineshire,MD,09/07/2024,219.78,Annual Fund
G203215,CA101799,Adam,Lane,adam.lane394@gmail.com,,Friend,,Low,New Melissa,MD,2022-12-05,115.58,Endowment
G203216,CA101765,Tonya,Perry,tonya.perry461@gmail.com,001-559-262-7519x346,Alumni,2015,Medium,East Maryhaven,LA,2026-01-24,113.77,Capital Campaign
G203217,CA101323,Justin,Rivera,justin.rivera601@yahoo.com,(229)752-1797,Organization,,Low,Jamesbury,AS,2025-06-26,213.83,Endowment
G203218,CA101636,  Rachel ,Barker,rachel.barker696@gmail.com,,Parent,,Low,Nicholstown,NE,2026-03-29,30.67,Capital Campaign
G203219,CA100285,Kimberly,Weeks,kimberly.weeks651@yahoo.com,(766)413-9060x480,Faculty/Staff,,Low,Waynebury,FL,2023-05-25,131.76,Annual Fund
G203220,CA101020,Noah,Jackson,noah.jackson422@gmail.com,250.880.1963x0453,Faculty/Staff,,Low,West Jennifer,NY,04-Jun-2024,239.35,Capital Campaign
G203221,CA100943,Jessica,Mills,jessica.mills17@gmail.com,692-559-6790,Alumni,2016,Medium,Hansonside,LA,13-Apr-2025,297.9,Capital Campaign
G203222,CA101332,Barbara,King,barbara.king269@gmail.com,469-533-2844,Friend,,Low,Troyland,PA,2023-07-04,87.96,Annual Fund
G203223,CA100309,Kristy,Parker,kristy.parker152@hotmail.com,+1-250-415-5699,Alumni,1999,Medium,West Martha,TX,06-May-2025,700.67,Unrestricted
G203224,CA100701,Melissa,Edwards,melissa.edwards670@yahoo.com,(572)587-2760x1534,Alumni,1998,Low,West Charlotte,VA,"May 06, 2024",64.21,Endowment
G203225,CA101568,David,Beck,david.beck558@gmail.com,001-416-882-6822x1756,Alumni,2022,High,Blevinstown,NC,2026-05-01,3428.51,Capital Campaign
G203226,CA101242,Andrea,Davis,andrea.davis640@yahoo.com,(364)971-0680,Alumni,1998,Low,Stephensontown,PW,03/27/2025,64.31,Unrestricted
G203227,CA101066,Barry,Clark,barry.clark191@gmail.com,523-222-7752x135,Alumni,1993,Medium,New Clayton,MA,2022-11-24,519.77,Scholarship Fund
G203228,CA100208,Samantha,POWELL,samantha.powell783@gmail.com,223.809.8215,Faculty/Staff,,Low,Kelseyton,PA,2023-08-29,131.24,Annual Fund
G203229,CA101566,Zoe,Yang,zoe.yang88@yahoo.com,+1-384-455-7663x454,Alumni,1989,Low,East Richardview,MA,2025-09-24,108.21,Unrestricted
G203230,CA101457,Manuel,Johnson,manuel.johnson512@hotmail.com,853.745.8195,Alumni,1979,Medium,Thorntonside,MN,2026-08-02,526.4,Scholarship Fund
G203231,CA101142,Paul,Curtis,paul.curtis224@yahoo.com,001-959-820-8814x31927,Alumni,1993,High,South Samanthaville,MI,2026-06-11,2906.08,Capital Campaign
G203232,CA101564,Mitchell,Ford,mitchell.ford136@gmail.com,001-609-812-1852x73411,Faculty/Staff,,Low,East Johnmouth,FM,2023-01-31,118.0,Annual Fund
G203233,CA101150,Abigail,Carrillo,abigail.carrillo832@gmail.com,+1-589-983-0574,Faculty/Staff,,Low,Marthaville,OH,"February 14, 2023",46.43,Endowment
G203234,CA101330,Melissa,Thomas,,+1-473-723-9644x028,Alumni,,Medium,Port Frank,MO,2022-11-30,369.46,Unrestricted
G203235,CA101115,Karen,Blair,karen.blair358@gmail.com,232.482.9302,Faculty/Staff,,High,Richardville,IL,2022-07-07,4073.16,Endowment
G203236,CA101516,Megan,Cannon,megan.cannon10@hotmail.com,(529)612-7065,Alumni,1995,Low,North Rebeccaton,MS,09/01/2023,159.4,Endowment
G203237,CA100346,Derrick,Copeland,derrick.copeland419@gmail.com,001-909-525-1142x62582,Alumni,1980,Medium,East Craigfurt,WI,2024-12-17,294.49,
G203238,CA100729,Tony,Dunn,tony.dunn94@hotmail.com,,Alumni,,Low,Lake Melissahaven,KS,2025-08-04,100.52,Endowment
G203239,CA101367,Danielle,TURNER,danielle.turner734@hotmail.com,856-884-4679x403,Alumni,2011,Low,Lisaland,NE,2023-10-19,95.38,Athletics
G203240,CA101493,Steven,Baker,steven.baker545@hotmail.com,(762)651-0857x38385,Faculty/Staff,,Medium,Stephanieview,SC,2025-08-07,725.9,Athletics
G203241,CA100448,Juan,Conway,juan.conway150@hotmail.com,+1-530-436-1498x728,Alumni,1996,Low,New Davidland,DC,"October 24, 2023",82.29,Annual Fund
G203242,CA100841,Jennifer,Johnson,jennifer.johnson150@hotmail.com,(556)607-6761x645,Alumni,1972,Medium,Rhondaview,NJ,03/18/2026,181.73,Scholarship Fund
G203243,CA100204,Michelle,Silva,michelle.silva454@hotmail.com,273-481-6846,Alumni,2020,High,East Matthew,OK,2025-10-21,7089.67,Endowment
G203244,CA101003,Wayne,Berry,wayne.berry8@gmail.com,986-488-3906x246,Alumni,1985,Medium,Guzmanland,NE,"May 04, 2026",286.55,Capital Campaign
G203245,CA100955,John,Simmons,john.simmons645@yahoo.com,7094421410,Alumni,1991,Medium,Reyeshaven,DE,2024-10-26,387.59,Unrestricted
G203246,CA100029,Chris,Mitchell,chris.mitchell195@yahoo.com,958-812-2362x31665,Alumni,1991,Principal,East Marissafurt,MH,2023-01-14,37232.96,Athletics
G203247,CA100260,Matthew,White,matthew.white408@yahoo.com,465.556.4729,Parent,,Low,Lake Josephbury,OH,2023-11-12,60.84,Athletics
G203248,CA100672,Anthony,Wilson,anthony.wilson760@hotmail.com,+1-327-727-9559x6905,Friend,,High,East Robertmouth,MA,2024-05-17,7679.27,Scholarship Fund
G203249,CA100903,Matthew,Johnson,matthew.johnson918@gmail.com,001-700-201-5291x13717,Friend,,Medium,Lake Edwardstad,MD,2025-01-08,466.52,Endowment
G203250,CA100976,Edward,Clark,edward.clark284@gmail.com,+1-476-472-0191x11661,Organization,,Low,North Christinaton,NV,2023-10-23,101.85,Endowment
G203251,CA101100,Eric,Willis,eric.willis712@yahoo.com,9572644974,Parent,,Low,North Donaldside,NH,2024-10-26,37.7,Endowment
G203252,CA100668,William,Thompson,william.thompson527@hotmail.com,3449851579,Friend,,Medium,North Samanthaburgh,VA,2026-05-28,934.36,Annual Fund
G203253,CA100602,Jennifer,Miles,jennifer.miles262@hotmail.com,,Alumni,2021,High,New Joy,NM,2024-07-10,2354.92,Athletics
G203254,CA100859,Brittney,Castaneda,brittney.castaneda931@gmail.com,210-228-6712,Alumni,2003,Low,Thompsonberg,LA,2023-06-22,32.2,Endowment
G203255,CA100647,Daisy,Williams,daisy.williams711@yahoo.com,(239)828-3199x52980,Parent,,High,Port Janetstad,WI,19-Aug-2022,4032.02,Athletics
G203256,CA101788,Robin,Davis,robin.davis833_at_hotmail.com,325.346.0189,Parent,,Low,Port Kevin,VA,09/12/2025,95.05,Athletics
G203257,CA100887,Brian,Ellis,brian.ellis306@yahoo.com,261.942.4426,Alumni,1997,Low,New Shawnport,SD,10/09/2022,70040.0,Athletics
G203258,CA100844,Gary,Smith,gary.smith340@gmail.com,+1-411-414-2817x852,Alumni,2011,Low,Port Alan,PR,2024-08-27,64.85,Scholarship Fund
G203259,CA101658,Tiffany,Beltran,tiffany.beltran148@yahoo.com,3537494197,Alumni,2020,Medium,Garrisonmouth,MI,2024-01-29,374.82,Unrestricted
G203260,CA100577,Jesse,Jones,jesse.jones990@yahoo.com,+1-738-731-8491x966,Alumni,2023,Low,East Brandon,NM,2022-11-01,81.23,Scholarship Fund
G203261,CA101233,Cristian,Murray,cristian.murray294@gmail.com,771.656.4783x70317,Parent,,Low,New Allen,HI,2023-02-15,76.93,Annual Fund
G203262,CA100362,Nathan,Roberts,nathan.roberts308@gmail.com,,Friend,,Low,West Justin,GA,2023-02-26,115.34,Athletics
G203263,CA100222,Linda,Taylor,linda.taylor661@hotmail.com,001-484-485-8333x945,Parent,,Low,Jenniferstad,OH,2022-11-22,78.11,Athletics
G203264,CA100562,Michelle,Wilson,michelle.wilson764@hotmail.com,(448)807-2791x03368,Alumni,2010,Medium,West Jason,ID,2026-07-18,365.18,Scholarship Fund
G203265,CA100207,David,Reyes,david.reyes614_at_hotmail.com,721-904-4789x8562,Friend,,Low,Karenburgh,PW,2023-05-17,127.62,Annual Fund
G203266,CA100118,John,Fischer,john.fischer454@gmail.com,478.751.9108x83982,Alumni,2003,Low,Wilsonborough,VT,2024-10-24,59.24,Athletics
G203267,CA100579,Rhonda,Mitchell,rhonda.mitchell668@yahoo.com,8886050171,Alumni,1998,Medium,Loganstad,MO,04/30/2026,425.65,Endowment
G203268,CA101582,Kaitlin,Wilson,kaitlin.wilson3@hotmail.com,+1-776-845-3496x551,Friend,,Low,Oliviafurt,NV,18-Mar-2023,126.27,Endowment
G203269,CA101009,Daniel,Wells,daniel.wells702@yahoo.com,+1-603-798-8636x53621,Alumni,2014,Medium,Carolfurt,NM,2025-09-27,1216.51,Endowment
G203270,CA101469,Lance,Ryan,lance.ryan949_at_yahoo.com,001-227-824-0002,Alumni,2007,Low,North Kevinfurt,WY,2024-03-18,62.4,Annual Fund
G203271,CA100695,Linda,Massey,linda.massey869@gmail.com,371.800.6876,Parent,,Low,Nicoleside,DE,2025-09-30,63.23,Endowment
G203272,CA101639,Shannon,Smith,shannon.smith610@yahoo.com,001-737-795-8291,Alumni,2007,Medium,Lisaland,NE,2025-03-03,406.4,Capital Campaign
G203273,CA101649,Carlos,Pittman,carlos.pittman997@yahoo.com,,Friend,,Low,Dustinhaven,NM,2025-02-17,81.57,Capital Campaign
G203274,CA100561,Kristen,Sheppard,kristen.sheppard634@yahoo.com,(796)208-9319x925,Alumni,2015,Low,South Sarah,NM,2025-07-06,144.15,Capital Campaign
G203275,CA100914,Jessica,Anderson,jessica.anderson785@hotmail.com,001-505-604-0433x335,Parent,,Low,Nicoleville,MO,2024-11-17,67.11,Capital Campaign
G203276,CA100167,Sarah,Mathews,sarah.mathews145@hotmail.com,001-263-453-6541x951,Alumni,2017,High,Port Zachary,AZ,2023-06-01,3889.74,Athletics
G203277,CA101328,Jason,Rivera,jason.rivera655@gmail.com,+1-833-259-7487,Friend,,Medium,Gloriaton,WI,2025-09-29,459.02,Annual Fund
G203278,CA101540,Isabella,Wyatt,isabella.wyatt309@gmail.com,(390)714-9711x03847,Friend,,Low,Castillostad,MT,2026-01-07,141.15,Endowment
G203279,CA101631,Charles,CASTILLO,charles.castillo761@gmail.com,+1-958-466-3992x879,Alumni,1973,High,Harrisland,KS,29-Oct-2024,9402.71,Endowment
G203280,CA100912,Emma,Morgan,emma.morgan38@hotmail.com,,Alumni,1971,Medium,West James,VI,2023-02-13,385.79,Athletics
G203281,CA100958,Kendra,Hunter,kendra.hunter115@yahoo.com,+1-774-642-2758,Parent,,Medium,Jessicachester,MN,2024-01-29,943.33,Athletics
G203282,CA101271,Tyler,Robinson,tyler.robinson909@yahoo.com,(753)586-9479x02548,Friend,,Medium,Wilkinsonberg,MT,04/24/2024,2039.46,Capital Campaign
G203283,CA100529,Patty,White,patty.white952@gmail.com,4536474916,Alumni,1976,Medium,Coxport,DE,2024-01-03,758.77,Endowment
G203284,CA100969,Stephanie,Jimenez,stephanie.jimenez822@hotmail.com,001-412-279-9702x9271,Faculty/Staff,,Medium,Johnmouth,WV,2024-10-17,204.9,Athletics
G203285,CA100006,Katelyn,Callahan,katelyn.callahan592@gmail.com,+1-326-691-6697x8480,Alumni,1999,High,Danielchester,GA,2025-01-06,2338.39,Endowment
G203286,CA101447,Kevin,Melton,kevin.melton925@hotmail.com,(902)923-4778x045,Alumni,2015,Medium,West Darren,NC,2024-04-30,510.2,Unrestricted
G203287,CA101137,Haley,Jackson,haley.jackson987@gmail.com,8055328538,Alumni,2015,Medium,North Marcton,MD,2023-05-19,452.48,Endowment
G203288,CA100046,Elaine,Morales,elaine.morales138@hotmail.com,2719545168,Alumni,1997,Low,Brownhaven,MN,2023-07-19,160.81,Capital Campaign
G203289,CA101107,Robert,Smith,robertsmith779@hotmailcom,+1-682-323-0958x62973,Alumni,2011,Medium,East Dale,AL,2023-08-07,723.87,Annual Fund
G203290,CA101701,Rachel,Cox,rachel.cox488@yahoo.com,001-561-392-2188x2206,Alumni,2006,Medium,Shortville,NJ,2025-03-06,358.93,Capital Campaign
G203291,CA100569,Anthony,Zimmerman,anthony.zimmerman946@gmail.com,001-660-527-5233,Alumni,2005,Low,Lake Kimberly,WY,2022-11-10,88.82,Capital Campaign
G203292,CA101191,Anna,Smith,anna.smith663@yahoo.com,397.313.0722,Alumni,2008,Medium,New Lisa,OK,"June 21, 2023",124.35,Scholarship Fund
G203293,CA101241,Daniel,Adams,daniel.adams287@hotmail.com,(498)430-5216x9039,Friend,,Medium,East Julieshire,WY,11/04/2022,187.64,Unrestricted
G203294,CA101371,Jessica,Reed,jessica.reed426@hotmail.com,001-858-341-7491,Alumni,1989,High,Smithtown,GA,03/22/2024,948.72,
G203295,CA101578,Haley,Hernandez,haley.hernandez327@gmail.com,(582)728-2801x832,Parent,,High,North Samuel,NY,2024-12-02,2890.68,Endowment
G203296,CA101276,Blake,Gibson,blake.gibson102@hotmail.com,(604)835-6605x0337,Faculty/Staff,,High,East Anthony,NJ,2024-08-15,1658.71,Endowment
G203297,CA100241,John,Kaufman,john.kaufman585@gmail.com,665.557.7908x27231,Parent,,Low,East Eric,PA,"March 07, 2024",30.82,Athletics
G203298,CA100219,Matthew,Gallegos,matthew.gallegos885@yahoo.com,+1-385-610-2726,Organization,,Medium,East David,PR,10-Jan-2023,444.83,Athletics
G203299,CA100168,Stephanie,JONES,stephanie.jones571@yahoo.com,545-918-7053x4949,Alumni,2008,Medium,Brittanyfort,WI,2023-10-16,474.61,Endowment
G203300,CA101234,Pamela,Phillips,pamela.phillips370@gmail.com,885-472-6029x2546,Friend,,Principal,Lopezhaven,MP,2023-09-18,73009.72,Athletics
G203301,CA100425,Brandon,Rich,brandon.rich694@yahoo.com,(389)210-7711,Organization,,Medium,East Crystalborough,PW,2026-09-05,574.75,Athletics
G203302,CA100614,Christian,Patton,christian.patton900@yahoo.com,517-630-9850,Faculty/Staff,,High,Peterstad,CA,19-Mar-2024,2292.09,Endowment
G203303,CA100498,Lisa,Everett,lisa.everett382@hotmail.com,(369)605-5107x6209,Alumni,2003,High,West Shannon,TX,2026-05-01,1482.74,Capital Campaign
G203304,CA100821,Megan,Perez,megan.perez956@yahoo.com,001-811-222-2990x775,Parent,,High,Cynthiaville,MT,2024-12-25,5615.21,Scholarship Fund
G203305,CA101297,Dylan,Jensen,,343-204-9134,Alumni,2013,Low,New Lisa,NM,2026-05-16,42.98,Capital Campaign
G203306,CA101561,Donald,Palmer,donald.palmer252@gmail.com,365-981-5398x852,Friend,,High,Matthewton,AS,"May 10, 2025",5465.76,Unrestricted
G203307,CA101217,Jeremiah,Byrd,jeremiah.byrd120@yahoo.com,282.718.8496x80664,Faculty/Staff,,Medium,Port Craigton,HI,2025-03-25,423.48,Capital Campaign
G203308,CA101262,Brenda,Jackson,brenda.jackson46@gmail.com,(425)601-8256,Alumni,2002,Low,Jacksonchester,ID,2026-06-13,54.25,Scholarship Fund
G203309,CA101626,Amber,Santana,amber.santana463@gmail.com,632-833-3023x9934,Alumni,2018,Principal,Port Richardtown,MP,2023-01-22,29733.13,Capital Campaign
G203310,CA100102,Mitchell,Hoffman,mitchell.hoffman851@yahoo.com,671.847.3210,Alumni,2012,Low,Wrightburgh,GU,2026-06-12,58.47,Capital Campaign
G203311,CA100275,Gary,Hill,gary.hill90@gmail.com,(330)709-7925x1327,Parent,,Low,North Michaelberg,UT,05/10/2026,136.64,Annual Fund
G203312,CA100746,Sara,Young,sara.young588@hotmail.com,(712)353-8921x878,Organization,,Low,Lake Michael,UT,2024-09-18,44.96,Athletics
G203313,CA100429,Joshua,Rose,joshua.rose65@gmail.com,001-367-238-9975x634,Faculty/Staff,,Principal,Peterberg,NC,2022-09-01,5813.42,Endowment
G203314,CA100810,Malik,Fowler,malik.fowler331@yahoo.com,(896)757-5427,Alumni,2002,Medium,Millerview,FM,2023-09-22,373.97,Endowment
G203315,CA100134,Maria,Miller,maria.miller53@hotmail.com,001-701-366-6870x02176,Friend,,High,East Jasonshire,NJ,2025-01-09,2135.68,Annual Fund
G203316,CA100013,Sara,Glover,sara.glover552@yahoo.com,(987)423-4309x80500,Faculty/Staff,,Medium,New Christopherburgh,CA,2024-12-28,280.94,Scholarship Fund
G203317,CA101661,Tamara,Johnson,tamara.johnson983@hotmail.com,2905101461,Alumni,2022,Medium,South Mariah,NC,2022-07-12,465.87,Athletics
G203318,CA100157,Becky,Knight,becky.knight655@yahoo.com,600-417-0127x70632,Parent,,High,Clarencestad,KS,2026-07-26,3520.23,
G203319,CA100158,Christopher,Beck,christopher.beck110@hotmail.com,(506)943-6110,Alumni,1968,Medium,East Brittneyhaven,TX,2026-05-19,248.5,Capital Campaign
G203320,CA100641,Daniel,Mccarthy,daniel.mccarthy397@gmail.com,767.441.2415x131,Parent,,High,Joshuahaven,TX,2024-01-18,1962.89,Annual Fund
G203321,CA101747,Catherine,Ashley,catherine.ashley308@gmail.com,+1-442-868-0928,Alumni,2008,Low,Lake Dawnfurt,KS,2024-04-07,162.85,Annual Fund
G203322,CA100671,Darlene,Cole,darlene.cole435@hotmail.com,+1-620-396-2893x65435,Alumni,1992,High,West Jeffery,KS,2026-01-05,13444.59,Scholarship Fund
G203323,CA100390,Megan,Davis,,819-787-6351x484,Alumni,2021,Low,South Richard,RI,"April 08, 2025",213.24,Unrestricted
G203324,CA100670,  Joshua ,Cunningham,joshua.cunningham792@yahoo.com,334.932.4474,Organization,,Principal,Bethstad,WI,2024-08-09,18561.37,Capital Campaign
G203325,CA100346,Derrick,Copeland,derrick.copeland419@gmail.com,001-909-525-1142x62582,Alumni,1980,Medium,East Craigfurt,WI,2022-10-25,232.63,Athletics
G203326,CA100849,Katherine,Taylor,katherine.taylor237@yahoo.com,(932)403-7476x7753,Alumni,1986,Low,Moyerbury,FL,2024-05-22,245.47,Annual Fund
G203327,CA101591,Hailey,Evans,hailey.evans62@yahoo.com,+1-725-931-6498x283,Friend,,Medium,Scottchester,MI,2025-08-16,401.42,Annual Fund
G203328,CA101139,Lynn,Avila,lynn.avila742@gmail.com,928.838.9633,Alumni,2018,Medium,New Matthewville,FM,2025-03-30,401.91,Scholarship Fund
G203329,CA100781,David,Padilla,,001-512-911-0633x0165,Parent,,Principal,Lake Vanessa,PA,2024-01-06,74113.48,Annual Fund
G203330,CA100571,Michael,Massey,michael.massey29@yahoo.com,870-761-7136,Alumni,1988,Low,Stokesburgh,ME,04/23/2023,158.03,Capital Campaign
G203331,CA101103,Michael,Hudson,michael.hudson660@yahoo.com,753.705.9702,Alumni,2012,Low,East Allisonmouth,MT,2024-05-03,50.56,Scholarship Fund
G203332,CA100850,Penny,Livingston,penny.livingston497@yahoo.com,(905)276-6194x588,Friend,,High,Jonesmouth,ID,2024-12-26,2582.81,Scholarship Fund
G203333,CA101153,Robert,Day,robert.day833@gmail.com,6136651034,Alumni,2009,High,Davidton,MO,12-Jul-2022,3731.74,Capital Campaign
G203334,CA101338,Brooke,Brewer,brooke.brewer336@gmail.com,383-699-7984,Alumni,2003,Medium,Johnsonmouth,GU,"December 25, 2023",166.92,Athletics
G203335,CA100462,Jake,Patel,jake.patel124@hotmail.com,,Faculty/Staff,,High,Louischester,SC,10/19/2024,4145.58,Endowment
G203336,CA101772,Kaitlyn,Gardner,kaitlyn.gardner802@gmail.com,,Alumni,2019,Principal,Duffymouth,HI,2025-04-08,34152.34,Annual Fund
G203337,CA100712,Nicholas,Garcia,nicholas.garcia172@hotmail.com,648-557-4172x15622,Alumni,1999,Medium,South Johnshire,ND,2022-07-13,543.71,Capital Campaign
G203338,CA100366,Danielle,Silva,danielle.silva742@gmail.com,001-243-701-8718x63759,Faculty/Staff,,Medium,Hernandezchester,MN,2024-12-11,529.78,Endowment
G203339,CA101636,  Rachel ,Barker,rachel.barker696@gmail.com,,Parent,,Low,Nicholstown,NE,"January 06, 2023",45.56,Scholarship Fund
G203340,CA101555,Amy,Vega,amy.vega797@yahoo.com,837.946.6144x77618,Alumni,2003,High,West Jennifershire,MT,08/25/2023,1371.79,Endowment
G203341,CA100742,Dawn,Phillips,dawn.phillips919@hotmail.com,,Alumni,1992,Medium,South Christine,CA,08/06/2023,787.06,Capital Campaign
G203342,CA101409,Christina,Rodriguez,christina.rodriguez779@yahoo.com,294-323-2154,Parent,,Low,North Samantha,IL,2023-06-15,40.33,Annual Fund
G203343,CA100548,Lisa,Hernandez,lisa.hernandez457_at_gmail.com,228.447.6570x4120,Parent,,Low,North Randy,NE,2024-09-08,210.05,Unrestricted
G203344,CA100185,Nicholas,Poole,nicholas.poole803@hotmail.com,+1-432-871-0405x4115,Alumni,1979,Low,Lake Charles,MH,2025-06-24,71.71,Annual Fund
G203345,CA101105,Kenneth,Rivera,kenneth.rivera502@yahoo.com,,Organization,,Low,Julieport,VT,17-Sep-2022,48.59,Capital Campaign
G203346,CA100096,David,Harris,david.harris78@gmail.com,470.358.9578,Friend,,Low,West Raymondfort,NC,2022-11-05,125.87,Athletics
G203347,CA101275,Jesus,Tran,jesus.tran630@gmail.com,(941)485-8990x027,Parent,,Medium,North Kimberlyport,MA,2026-06-14,364.11,Unrestricted
G203348,CA100711,Jason,Shaw,jason.shaw851@yahoo.com,813-925-7970,Organization,,Low,West Valerie,OR,2023-07-30,95.51,Annual Fund
G203349,CA101764,Joe,Smith,joe.smith75@hotmail.com,,Parent,,Low,Lake Shari,UT,"November 02, 2022",73.09,Scholarship Fund
G203350,CA100094,Devin,Richardson,devin.richardson766@yahoo.com,+1-943-510-2786x8144,Alumni,2015,Principal,Heatherfort,ID,2025-12-06,91725.21,Capital Campaign
G203351,CA101330,Melissa,Thomas,,+1-473-723-9644x028,Alumni,,Medium,Port Frank,MO,2025-07-02,847.66,Endowment
G203352,CA101545,Christopher,Duran,christopher.duran814@yahoo.com,+1-696-795-1930,Alumni,2020,High,Port Rebecca,NM,2025-05-21,1124.68,Scholarship Fund
G203353,CA101618,Sarah,Reyes,sarah.reyes159@yahoo.com,564-983-8953,Parent,,Low,Hansenville,WV,2024-01-18,299.6,Scholarship Fund
G203354,CA101331,Sarah,Huang,sarah.huang45@yahoo.com,(799)424-2773x9238,Alumni,2001,Medium,East Johnburgh,AK,2025-04-12,452.22,Capital Campaign
G203355,CA101399,Lindsay,Mccoy,lindsay.mccoy969@yahoo.com,8368948112,Parent,,High,Ashleyland,RI,2024-02-03,1829.12,Unrestricted
G203356,CA100644,Gregory,Barnes,gregory.barnes525@yahoo.com,+1-969-835-7824x347,Faculty/Staff,,Low,Amyport,CT,2025-02-17,295.68,Capital Campaign
G203357,CA100327,Adrian,Jimenez,adrian.jimenez10@hotmail.com,984.768.9500,Friend,,Medium,New Timothyland,FL,2023-07-21,753.57,Annual Fund
G203358,CA100102,Mitchell,Hoffman,mitchell.hoffman851@yahoo.com,671.847.3210,Alumni,2012,Low,Wrightburgh,GU,2025-04-01,387.47,Capital Campaign
G203359,CA101586,Sarah,Nguyen,sarah.nguyen986@yahoo.com,(905)439-2609x67462,Faculty/Staff,,High,Lake Marvinborough,MO,2023-06-03,2925.4,Annual Fund
G203360,CA100458,Nancy,Lozano,nancy.lozano310@yahoo.com,703.837.9337,Friend,,Medium,South Jack,AL,2025-07-03,240.56,Athletics
G203361,CA100239,Gabrielle,Todd,gabrielle.todd771@gmail.com,322.699.2750x373,Alumni,1976,Medium,Jimborough,NC,2023-01-05,275.8,Unrestricted
G203362,CA101586,Sarah,Nguyen,sarah.nguyen986@yahoo.com,(905)439-2609x67462,Faculty/Staff,,High,Lake Marvinborough,MO,2025-12-26,1538.47,Annual Fund
G203363,CA100179,Meghan,Salinas,meghan.salinas579@yahoo.com,(423)595-5905,Alumni,2013,Low,Weaverburgh,NM,2024-02-13,91.58,Annual Fund
G203364,CA100006,Katelyn,Callahan,katelyn.callahan592@gmail.com,+1-326-691-6697x8480,Alumni,1999,High,Danielchester,GA,2024-01-14,2909.97,Athletics
G203365,CA101236,David,Barry,david.barry814@yahoo.com,001-487-290-6048x8693,Friend,,Medium,Kimberlybury,KS,2023-05-12,693.41,Endowment
G203366,CA100783,Victoria,Martin,victoria.martin562@hotmail.com,001-749-568-4364,Organization,,Low,Lake Pamelaview,LA,03-Jan-2025,147.88,Capital Campaign
G203367,CA101161,Jacqueline,WHITNEY,jacqueline.whitney377@yahoo.com,244.593.0537,Alumni,2012,Medium,North Alyssa,MT,10/13/2022,266.14,Scholarship Fund
G203368,CA100165,Jacqueline,Martin,jacqueline.martin544@yahoo.com,684.325.2410x56481,Alumni,2003,Low,Gibsonstad,AR,2024-02-29,130.9,Scholarship Fund
G203369,CA101667,Austin,Graham,austin.graham746@hotmail.com,267.751.8571x16456,Alumni,2010,Medium,Loriborough,ME,09/27/2025,228.28,Scholarship Fund
G203370,CA100875,Marco,Wood,marco.wood530@gmail.com,,Alumni,2000,Medium,South Jacobshire,MI,2024-03-19,243.8,Athletics
G203371,CA101622,Philip,Ibarra,philip.ibarra118@yahoo.com,556-657-2897x2269,Alumni,2014,High,Josephtown,WV,2025-07-17,3199.16,Annual Fund
G203372,CA100476,Debbie,Ellison,debbieellison412@yahoocom,001-446-392-6329x676,Parent,,Principal,Haleton,IA,2025-03-07,13702.11,Scholarship Fund
G203373,CA100094,Devin,Richardson,devin.richardson766@yahoo.com,+1-943-510-2786x8144,Alumni,2015,Principal,Heatherfort,ID,2026-01-14,22983.5,Annual Fund
G203374,CA101573,Paul,Sims,paul.sims309@yahoo.com,(523)388-7888x76569,Alumni,2016,Low,South Donna,AR,2023-12-12,159.04,Athletics
G203375,CA100891,John,Williams,john.williams282@yahoo.com,(473)585-7368x011,Alumni,2016,Medium,Delacruzborough,NH,21-Sep-2022,873.73,Endowment
G203376,CA100328,Jessica,Fox,jessica.fox537@yahoo.com,281.789.1371x894,Alumni,2006,Low,South Shawnfort,OK,"November 04, 2024",84.87,Scholarship Fund
G203377,CA100420,Joseph,Wong,joseph.wong401@yahoo.com,579-957-6024,Parent,,Low,Samuelhaven,IN,2025-08-10,197.4,Scholarship Fund
G203378,CA100088,Douglas,Patterson,douglas.patterson578@hotmail.com,(239)862-1851x888,Alumni,2021,Low,Williamsfurt,MN,02-Oct-2025,95.28,Athletics
G203379,CA101407,Tyler,Harris,tyler.harris460@gmail.com,001-319-640-2470x288,Alumni,2013,High,North Davidside,NH,2024-09-19,2851.56,Annual Fund
G203380,CA101794,John,Harris,john.harris56@gmail.com,3346495607,Faculty/Staff,,Low,Carrillostad,AR,2026-05-05,82.2,Endowment
G203381,CA101115,Karen,Blair,karen.blair358@gmail.com,232.482.9302,Faculty/Staff,,High,Richardville,IL,2024-09-25,7163.98,Unrestricted
G203382,CA101792,William,Jones,william.jones731@gmail.com,856.883.1723,Friend,,Low,Brownport,VT,2026-07-28,177.59,Athletics
G203383,CA100772,Lauren,Hernandez,lauren.hernandez27@yahoo.com,232.275.9980x111,Alumni,1985,Principal,West Melissamouth,MH,2025-11-04,22547.12,Endowment
G203384,CA101248,Susan,Richard,susan.richard460@hotmail.com,6226154390,Faculty/Staff,,Low,New Jeffreyburgh,MI,11/05/2022,84.56,Athletics
G203385,CA101118,Darlene,Clark,darlene.clark705_at_gmail.com,,Friend,,Medium,East Jessica,OH,12/10/2023,773.96,Capital Campaign
G203386,CA101679,Mary,Savage,mary.savage775@hotmail.com,,Friend,,Medium,Lake Elijahfurt,SC,2023-11-18,615.02,Capital Campaign
G203387,CA100772,Lauren,Hernandez,lauren.hernandez27@yahoo.com,232.275.9980x111,Alumni,1985,Principal,West Melissamouth,MH,"April 04, 2023",104613.09,Scholarship Fund
G203388,CA101032,Alexis,Young,alexis.young373@yahoo.com,+1-388-791-7879,Alumni,2004,Medium,West Leahchester,HI,2026-07-29,563.71,Annual Fund
G203389,CA101183,Darlene,Coleman,darlenecoleman943@hotmailcom,+1-311-964-0343,Alumni,1992,High,New Terry,SD,2022-08-19,2726.84,Endowment
G203390,CA100433,Pamela,Alvarez,pamela.alvarez188@yahoo.com,958-869-8864,Friend,,Medium,Barkerfort,VA,"May 15, 2024",376.8,Scholarship Fund
G203391,CA101505,Lindsay,Sanchez,lindsay.sanchez11@yahoo.com,+1-790-834-5029,Alumni,1981,Low,Juarezton,IA,2024-02-09,178.0,Annual Fund
G203392,CA100996,Caitlin,Dyer,,321.817.0889x480,Alumni,2020,Low,Kevinberg,GA,2026-08-12,99.05,Endowment
G203393,CA100244,Zachary,Sullivan,zachary.sullivan928@hotmail.com,+1-404-413-7977x2369,Alumni,1992,Principal,Garymouth,NH,2023-04-08,148940.39,Unrestricted
G203394,CA100516,Matthew,Nelson,matthew.nelson492@gmail.com,901-363-6112x849,Parent,,High,Jackieport,OH,07/20/2025,469.88,Scholarship Fund
G203395,CA101329,Jacob,Sanchez,jacob.sanchez340@hotmail.com,001-277-718-4301x922,Alumni,1994,Medium,Burnsborough,ID,2022-09-04,826.54,Annual Fund
G203396,CA100561,Kristen,Sheppard,kristen.sheppard634@yahoo.com,(796)208-9319x925,Alumni,2015,Low,South Sarah,NM,2023-02-21,122.47,Capital Campaign
G203397,CA100284,Michael,Perkins,michael.perkins971@gmail.com,341-696-9315x727,Friend,,Low,Lake Lindseyfurt,CO,18-Mar-2026,38.38,Capital Campaign
G203398,CA100703,  John ,Scott,john.scott494@hotmail.com,(633)372-0948,Friend,,Principal,Lake Mariah,CA,2025-08-25,50103.08,Capital Campaign
G203399,CA101172,Andrew,Bowen,andrew.bowen405@hotmail.com,,Parent,,High,Port Marymouth,ID,26-Mar-2026,2321.49,Athletics
G203400,CA100466,Shannon,Reynolds,shannon.reynolds942@yahoo.com,,Alumni,2014,Low,Stewartfurt,AK,10/21/2023,92.35,Endowment
G203401,CA100484,Sandra,Wise,sandra.wise537_at_gmail.com,,Alumni,2010,Medium,Gregorymouth,PR,2026-03-26,741.27,Unrestricted
G203402,CA101324,Ricky,Cochran,ricky.cochran353@gmail.com,586-707-0472x6602,Alumni,2002,Low,West Williamtown,CA,2024-11-09,158.67,Capital Campaign
G203403,CA100123,Emily,Brennan,emily.brennan153@gmail.com,001-706-773-8302x8439,Alumni,2017,High,West Nancy,TN,03-Feb-2026,1722.61,Unrestricted
G203404,CA101334,Chelsea,Jones,chelsea.jones216@hotmail.com,410.806.4332,Alumni,1985,Medium,East Trevor,NH,2025-03-12,910.49,
G203405,CA100107,Francisco,Ewing,francisco.ewing250@hotmail.com,395-888-8794x7055,Alumni,2011,Low,Lauratown,PA,2024-02-05,113.46,Endowment
G203406,CA100583,Christopher,Miranda,christopher.miranda654@hotmail.com,558-233-1170,Friend,,Low,South Lori,ID,2022-12-19,98.82,Unrestricted
G203407,CA101709,Timothy,Robinson,timothy.robinson4@yahoo.com,403.786.2567x611,Alumni,1995,Low,Jessicaburgh,IL,28-Mar-2024,276.24,Scholarship Fund
G203408,CA101062,Michael,Lozano,michael.lozano910@gmail.com,797.705.9161x18638,Faculty/Staff,,High,Lake Briannamouth,OK,2026-05-15,2934.98,Annual Fund
G203409,CA101682,Christopher,Campos,christopher.campos473@hotmail.com,418-714-0513,Alumni,,Low,South Morgantown,ME,2025-09-11,118.89,Capital Campaign
G203410,CA100115,Penny,Wilcox,penny.wilcox883@hotmail.com,,Alumni,1976,Medium,Christopherville,HI,2024-10-21,394.32,Athletics
G203411,CA101166,Jesus,Velazquez,,621-918-9684x42464,Faculty/Staff,,Low,Samuelside,PW,2024-10-05,79.76,Annual Fund
G203412,CA100190,Kent,Foster,kent.foster118@hotmail.com,4894899217,Alumni,2007,Low,Port James,AZ,2024-11-08,71.4,Athletics
G203413,CA101323,Justin,Rivera,justin.rivera601@yahoo.com,(229)752-1797,Organization,,Low,Jamesbury,AS,2024-11-29,54.33,Athletics
G203414,CA100394,Erik,Taylor,erik.taylor448@yahoo.com,882-707-0015x941,Friend,,Low,South Sherryberg,IA,2024-10-20,109.97,Unrestricted
G203415,CA100721,Joy,HOWARD,joy.howard898@yahoo.com,(833)818-5748x17006,Friend,,Principal,West Michaelport,MP,2024-06-03,124020.62,Endowment
G203416,CA100648,Katie,Brown,katie.brown597@gmail.com,535.583.2863x42556,Parent,,Medium,North Meganhaven,CT,07/22/2026,518.69,Athletics
G203417,CA101616,Audrey,Ingram,audreyingram383@hotmailcom,(310)721-4012x833,Alumni,1987,Medium,Williamshire,VT,2023-01-19,613.77,Athletics
G203418,CA101349,Jessica,Fernandez,jessica.fernandez560@hotmail.com,+1-230-894-1349,Alumni,2017,Low,Port Catherinefort,VI,2024-02-09,85.63,Endowment
G203419,CA100633,Scott,Adams,scott.adams673@hotmail.com,335-735-3751x3765,Parent,,Medium,West Denisebury,NV,2025-04-17,300.82,Endowment
G203420,CA100604,  Thomas ,Wall,thomas.wall712@yahoo.com,(301)846-7238x4979,Alumni,2005,Medium,Lake Andrew,FL,"December 22, 2025",731.97,Endowment
G203421,CA101584,Thomas,Fowler,thomas.fowler302@gmail.com,822-284-8349x276,Parent,,Low,Ryanton,CO,01/08/2025,60.3,Endowment
G203422,CA101221,Gabriela,Jensen,gabriela.jensen369@gmail.com,001-584-919-4785x5011,Alumni,1979,Medium,Jeffreyhaven,GA,21-Jun-2023,477.6,Scholarship Fund
G203423,CA100776,Ashley,Blackwell,ashley.blackwell456@gmail.com,(312)729-4621x354,Parent,,Low,Smithshire,MT,2023-03-17,102.96,Unrestricted
G203424,CA100103,Mark,Lane,mark.lane584@yahoo.com,327.887.7470,Friend,,Medium,Levyborough,OR,2024-06-01,204.33,Capital Campaign
G203425,CA100740,Sean,Williams,sean.williams264@yahoo.com,001-742-738-8565x271,Parent,,Low,West Maria,CT,2024-06-18,117.99,Athletics
G203426,CA101578,Haley,Hernandez,haley.hernandez327@gmail.com,(582)728-2801x832,Parent,,High,North Samuel,NY,2022-10-23,1962.04,Capital Campaign
G203427,CA100041,Glenda,Hernandez,glenda.hernandez958@hotmail.com,913-618-6999x3867,Alumni,2001,Principal,Torreston,RI,08/11/2026,25903.35,Athletics
G203428,CA100660,Anne,Martinez,anne.martinez960@hotmail.com,,Faculty/Staff,,High,Riverashire,PA,2024-01-03,9227.72,Unrestricted
G203429,CA101415,Jerome,Arnold,jerome.arnold395@gmail.com,(482)540-8475,Alumni,2020,High,Zoeshire,PA,2022-11-28,4075.31,Annual Fund
G203430,CA100311,Sabrina,Flynn,sabrina.flynn754@gmail.com,(840)456-8299,Alumni,1982,Medium,Port Kimberlyport,VT,2023-12-07,118.26,Capital Campaign
G203431,CA100445,Natalie,Clark,natalie.clark61@hotmail.com,254-974-3553x79502,Alumni,2014,Medium,North Emilychester,OH,2025-03-25,858.25,Annual Fund
G203432,CA101321,Dorothy,Scott,dorothy.scott447@yahoo.com,+1-392-305-4894x4538,Alumni,2019,Medium,Lake Annside,PA,27-Aug-2024,758.02,Scholarship Fund
G203433,CA100522,Crystal,Long,crystal.long972@yahoo.com,+1-780-379-7050x9754,Alumni,2001,Medium,West Pamelaburgh,MO,13-Jan-2025,656.49,Capital Campaign
G203434,CA101512,Brenda,Morales,brenda.morales872@gmail.com,001-566-978-3055x7371,Parent,,Low,Madelineton,GA,2026-08-29,88.7,Scholarship Fund
G203435,CA101021,Maria,Adams,maria.adams748@gmail.com,334-800-1816x77848,Alumni,1988,Low,Vanessaview,KS,2026-02-24,89.4,Unrestricted
G203436,CA100399,Michael,Guzman,,001-357-300-2720x6345,Faculty/Staff,,Low,East Zachary,WI,2024-03-07,55.12,Athletics
G203437,CA101200,Andrew,Dunn,andrew.dunn583@yahoo.com,246.373.9190,Organization,,Low,West Davidtown,AK,07/12/2024,94.65,Endowment
G203438,CA100339,Scott,Green,scott.green541@gmail.com,,Parent,,High,North Ashleyview,WI,2023-01-23,2588.74,Athletics
G203439,CA101182,Kaitlyn,Chavez,kaitlyn.chavez913@yahoo.com,,Alumni,2004,Medium,South Josephborough,AK,2025-07-17,278.65,Capital Campaign
G203440,CA100678,Aaron,Greene,aaron.greene226@yahoo.com,332-773-0346,Alumni,2021,High,Valdezchester,FL,2026-02-16,4226.34,Scholarship Fund
G203441,CA101313,Mary,Short,mary.short63@hotmail.com,731-213-2661x1584,Friend,,High,Frankfurt,IA,2022-11-08,1847.08,Capital Campaign
G203442,CA100777,Victoria,Diaz,victoria.diaz468@yahoo.com,584.680.7520,Friend,,Low,Shanechester,MA,2022-08-11,79.38,Annual Fund
G203443,CA100630,Jennifer,Burke,jennifer.burke987@yahoo.com,718-771-8133,Alumni,1989,Low,Joneschester,FM,03-Jun-2025,165.76,Capital Campaign
G203444,CA100247,Bradley,Moreno,,865.699.1624x7314,Alumni,1998,Medium,North Jenna,WY,2024-05-08,369.08,Capital Campaign
G203445,CA101224,Patricia,Rhodes,patricia.rhodes163@hotmail.com,+1-864-377-1837x5307,Alumni,1985,High,East Laurenside,AL,2025-09-21,813.43,Endowment
G203446,CA101019,Sarah,Rollins,sarah.rollins627@yahoo.com,001-489-279-1776x33427,Alumni,1991,Medium,Port Marissa,ND,2023-07-19,100.23,Unrestricted
G203447,CA100398,Jonathan,Davis,jonathan.davis729@gmail.com,832-375-6041x7765,Organization,,Medium,Lake Jose,CA,08/27/2023,251.64,Scholarship Fund
G203448,CA100665,Jon,Dorsey,jon.dorsey685@hotmail.com,904-976-0440x907,Alumni,,Low,South Karen,SD,2026-02-23,85.0,Endowment
G203449,CA101636,  Rachel ,Barker,rachel.barker696@gmail.com,,Parent,,Low,Nicholstown,NE,2025-09-19,77.77,Endowment
G203450,CA101370,Andrea,Sims,andrea.sims468@yahoo.com,+1-639-866-0734,Alumni,2011,Low,Fletcherfurt,HI,2026-07-07,63.22,Capital Campaign
G203451,CA101728,  Brenda ,Gilbert,brenda.gilbert55@hotmail.com,001-444-857-4441x0769,Alumni,2012,Principal,South Danielle,MA,2026-01-23,9294.63,
G203452,CA100656,Nicole,Simpson,nicole.simpson231@hotmail.com,772.486.6041x64485,Alumni,1986,Low,West Alexandra,IL,2022-12-29,376.23,Annual Fund
G203453,CA100183,Michael,Flores,michael.flores54@hotmail.com,,Friend,,Low,Port Jennamouth,NV,08/08/2022,113.54,Unrestricted
G203454,CA101519,Tracy,Rodriguez,tracy.rodriguez112@hotmail.com,(556)758-1898x10617,Friend,,Medium,Hensleyville,MT,2025-12-20,320.96,Capital Campaign
G203455,CA101630,Michael,Owen,michaelowen204@yahoocom,+1-268-587-8602,Alumni,2002,Low,East David,FM,2022-07-04,54.3,Annual Fund
G203456,CA100761,Hannah,Perry,hannah.perry102@yahoo.com,(343)374-9060x7231,Parent,,Medium,Port Tracy,HI,2024-07-28,310.63,Endowment
G203457,CA100808,Joseph,Wiggins,joseph.wiggins878@gmail.com,,Alumni,,Medium,Patrickton,VI,2023-04-12,310.87,Capital Campaign
G203458,CA101565,  Danielle ,Cox,danielle.cox14@gmail.com,953-903-0440,Faculty/Staff,,High,Lake Jenniferton,RI,2026-07-27,3169.05,Scholarship Fund
G203459,CA101786,Lynn,COX,lynn.cox60@gmail.com,(812)544-0293,Organization,,High,Dawntown,OK,2026-06-09,2212.88,Annual Fund
G203460,CA101715,Natalie,Bowman,natalie.bowman516@gmail.com,853.891.6928x091,Friend,,Low,North Robert,MH,2025-02-02,47.4,Annual Fund
G203461,CA101789,Tiffany,Green,tiffany.green322@hotmail.com,001-857-313-3996x276,Friend,,Low,South John,GU,2025-04-01,-61.41,Annual Fund
G203462,CA100305,Mary,EVANS,mary.evans726@gmail.com,4169224999,Alumni,1989,High,Sarahland,WI,2026-02-19,3297.45,Athletics
G203463,CA101758,Logan,Dickson,logan.dickson484@hotmail.com,001-611-811-0851,Friend,,Low,Princeside,TN,2025-11-18,150.91,Capital Campaign
G203464,CA100679,Justin,Hughes,justin.hughes694@yahoo.com,3467226817,Alumni,1977,Principal,Lake Michelletown,GA,2026-03-07,41900.91,Endowment
G203465,CA101246,Jeffrey,Pearson,jeffrey.pearson433@yahoo.com,001-696-702-6676x52728,Alumni,1988,Low,New Tracy,RI,2024-02-04,83.55,Annual Fund
G203466,CA101378,Nicole,Taylor,nicole.taylor877@yahoo.com,3187637263,Faculty/Staff,,Low,Englishmouth,MI,2022-11-19,43.88,Scholarship Fund
G203467,CA100448,Juan,Conway,juan.conway150@hotmail.com,+1-530-436-1498x728,Alumni,1996,Low,New Davidland,DC,2025-01-12,88.45,Unrestricted
G203468,CA100524,Michael,Mcclain,michael.mcclain340@hotmail.com,517-672-2560x531,Faculty/Staff,,Principal,East Ralphmouth,MH,2025-06-22,73101.99,Unrestricted
G203469,CA100915,Jessica,Roman,jessica.roman198@gmail.com,519-578-7180,Alumni,1984,Low,Lake Erikafort,IL,2022-09-12,37.26,Capital Campaign
G203470,CA100999,Rebecca,Hernandez,rebecca.hernandez412@hotmail.com,001-869-370-4095x31419,Parent,,Medium,Ronaldfort,MH,2023-02-22,888.94,Scholarship Fund
G203471,CA100442,Lucas,Tran,lucas.tran670@gmail.com,806.930.4891x3824,Alumni,2007,Medium,Port Cynthiaborough,WY,2022-12-27,174.94,Athletics
G203472,CA101068,Brian,Espinoza,brian.espinoza855@hotmail.com,577.475.6919,Alumni,2012,Medium,Lake Andrewburgh,PA,2025-06-30,784.44,Athletics
G203473,CA101247,Kaitlyn,Willis,kaitlyn.willis643@gmail.com,408.286.4067x560,Friend,,High,Lake Jenniferville,OK,2023-03-01,8284.98,Capital Campaign
G203474,CA100114,Justin,Hays,,772.687.4315x27420,Friend,,Low,East Cheryl,SC,2023-09-17,107.4,Athletics
G203475,CA100482,Anna,Lopez,anna.lopez530@gmail.com,+1-466-213-3155,Friend,,Low,Valdeztown,MS,"February 27, 2023",85.0,Unrestricted
G203476,CA101489,Hannah,Delacruz,hannah.delacruz666@gmail.com,(904)450-5092x846,Friend,,Low,North Stephenview,HI,2022-08-17,55.65,Capital Campaign
G203477,CA101502,Rebecca,Choi,rebecca.choi965@gmail.com,532.481.6291x087,Alumni,2012,Low,North Brittney,IA,06/10/2024,59.39,Unrestricted
G203478,CA101557,Jesse,Blair,jesse.blair828@hotmail.com,001-827-464-0547x398,Alumni,2012,Low,North Jon,MI,2025-08-20,65.42,Annual Fund
G203479,CA100148,Richard,Lopez,richard.lopez272@hotmail.com,+1-366-309-3796x60334,Faculty/Staff,,Medium,West Mark,NH,2025-06-30,602.05,Annual Fund
G203480,CA100872,Stephanie,Jones,stephanie.jones534@yahoo.com,(317)951-8878,Friend,,Medium,Kristenstad,WY,2024-02-17,145.22,Annual Fund
G203481,CA101783,Anthony,Cooper,anthony.cooper201@hotmail.com,762.691.7148,Alumni,2021,High,New Jeffreystad,GA,2025-02-10,4006.18,Unrestricted
G203482,CA100838,Stephen,Martin,stephen.martin537@gmail.com,841.903.4699,Alumni,2002,Medium,East Craig,CO,2022-08-31,856.57,Unrestricted
G203483,CA100314,Steven,Williams,steven.williams981@hotmail.com,001-340-694-3533x44857,Alumni,2012,High,East Joshua,AL,2026-02-16,1311.79,Endowment
G203484,CA100660,Anne,Martinez,anne.martinez960@hotmail.com,,Faculty/Staff,,High,Riverashire,PA,"September 07, 2022",4000.31,Scholarship Fund
G203485,CA101610,Timothy,MASSEY,timothy.massey643@hotmail.com,(321)872-0488x86804,Alumni,2019,Low,North Jeremy,GU,20-Oct-2025,92.68,Capital Campaign
G203486,CA100635,Troy,Keith,troy.keith144@gmail.com,(370)421-6487,Alumni,2020,Low,Port Ryanburgh,CA,2023-12-23,116.67,Annual Fund
G203487,CA101726,Phillip,Williams,phillip.williams154@gmail.com,887.388.5285,Parent,,Low,Kimberlyshire,NH,"July 13, 2024",68.92,Unrestricted
G203488,CA101763,Sean,Bender,sean.bender945_at_yahoo.com,+1-688-797-9887x754,Alumni,2008,Principal,Nicoleport,CA,2025-12-27,83372.4,Scholarship Fund
G203489,CA101428,Drew,Norton,drew.norton113@hotmail.com,,Alumni,2005,Principal,Michaelbury,PR,"March 18, 2024",52957.26,Scholarship Fund
G203490,CA101263,Brianna,King,brianna.king801@gmail.com,+1-201-222-3414x9929,Friend,,High,Fostermouth,AZ,11-Aug-2023,4015.86,Athletics
G203491,CA100493,Mckenzie,Smith,mckenzie.smith476@gmail.com,+1-866-691-8362x6448,Alumni,2011,Medium,Goodwinland,CT,2026-02-17,412.96,Capital Campaign
G203492,CA100204,Michelle,Silva,michelle.silva454@hotmail.com,273-481-6846,Alumni,2020,High,East Matthew,OK,2023-09-05,4140.54,Athletics
G203493,CA100508,Tara,Sims,tara.sims382@yahoo.com,801.336.7492,Alumni,2016,Medium,Hancockfurt,KY,2025-11-30,391.22,Annual Fund
G203494,CA101670,Eric,Christian,eric.christian106@gmail.com,202-254-5500x549,Alumni,1995,Low,New Melanie,MO,28-Apr-2023,55.41,Athletics
G203495,CA100418,Christopher,Carrillo,christopher.carrillo410@gmail.com,560.612.2777x0793,Alumni,1973,Low,Williamstown,CT,09/22/2025,120.58,Athletics
G203496,CA100013,Sara,Glover,sara.glover552@yahoo.com,(987)423-4309x80500,Faculty/Staff,,Medium,New Christopherburgh,CA,2022-07-26,371.25,Athletics
G203497,CA100667,Christina,Smith,christina.smith554@hotmail.com,329-458-0660x13824,Friend,,Medium,Williamsborough,UT,2025-05-27,511.53,Athletics
G203498,CA101108,Whitney,Wolf,whitney.wolf207@yahoo.com,(702)517-0754,Parent,,Low,Crystalchester,MN,2024-06-11,56.22,Endowment
G203499,CA101500,Thomas,Wang,thomas.wang55@yahoo.com,(572)399-1154x9044,Alumni,2008,Low,Lake Kevin,NE,2024-07-09,70.07,Capital Campaign
G203500,CA101072,  Peter ,Gonzalez,peter.gonzalez525@yahoo.com,+1-533-496-5049x627,Friend,,Low,South Dennis,FM,2026-04-16,50.31,Scholarship Fund
G203501,CA101360,Jamie,Johnson,jamie.johnson210@gmail.com,4763123961,Organization,,Medium,Lake Melissaland,OH,"August 11, 2022",195.09,Athletics
G203502,CA100920,Thomas,Massey,thomas.massey913@hotmail.com,(463)322-3998,Alumni,2008,Medium,South Joshua,MA,2024-02-05,265.21,Capital Campaign
G203503,CA100777,Victoria,Diaz,victoria.diaz468@yahoo.com,584.680.7520,Friend,,Low,Shanechester,MA,2024-11-10,174.48,Capital Campaign
G203504,CA101208,Ann,Taylor,,218-216-1255x90461,Organization,,High,Guzmanbury,AR,14-May-2026,3640.99,Athletics
G203505,CA101194,Karina,Thomas,karina.thomas775@hotmail.com,+1-709-744-7726x90326,Alumni,2002,High,East Sandrafort,MT,2023-09-30,10008.87,Unrestricted
G203506,CA100927,Kyle,Montgomery,kyle.montgomery816@gmail.com,(231)823-4266,Faculty/Staff,,Medium,New Thomasfurt,SC,02/11/2026,546.78,Capital Campaign
G203507,CA100233,Eric,Robinson,eric.robinson935@hotmail.com,(884)324-5088x2100,Parent,,Medium,Jasonstad,IL,2023-06-12,239.18,Unrestricted
G203508,CA101607,Matthew,Brown,matthew.brown736@hotmail.com,+1-381-693-7684x1847,Alumni,1997,Medium,Lambertburgh,AK,2024-01-02,275.52,Scholarship Fund
G203509,CA100791,William,Davis,william.davis33@gmail.com,,Friend,,High,Christopherfort,NH,2025-08-18,1162.9,Capital Campaign
G203510,CA101167,Natalie,Colon,natalie.colon255@yahoo.com,,Faculty/Staff,,High,Cynthiashire,MI,2023-12-21,4104.3,Annual Fund
G203511,CA101083,Crystal,Howard,crystal.howard122@gmail.com,481.405.5800x027,Alumni,2011,High,West Jacobmouth,TN,2022-11-22,820.53,Unrestricted
G203512,CA100030,Kayla,Shah,kayla.shah670@gmail.com,001-596-670-5466x88937,Alumni,1986,Medium,Tuckerfurt,MA,"June 05, 2026",315.76,Annual Fund
G203513,CA101333,Brittany,Hernandez,brittany.hernandez933@hotmail.com,8752515452,Alumni,2022,Medium,Morrisshire,UT,2024-10-28,333.47,Athletics
G203514,CA100785,Victor,Hines,victor.hines628@yahoo.com,+1-933-792-0567,Alumni,2003,Medium,Fordmouth,NV,2023-06-10,457.63,Unrestricted
G203515,CA101685,Joseph,Montgomery,joseph.montgomery403@hotmail.com,+1-687-309-3391x369,Alumni,2011,Low,Port Crystal,ME,2024-08-24,98.06,Unrestricted
G203516,CA100007,Shawn,Mckay,shawn.mckay888@hotmail.com,282-781-4893x252,Alumni,1973,Low,Smithstad,FM,2023-08-23,85.85,Annual Fund
G203517,CA101047,Tina,Velez,tina.velez467@yahoo.com,(928)705-5077x4065,Friend,,High,Christopherfurt,GA,03/26/2025,917.82,Annual Fund
G203518,CA101758,Logan,Dickson,logan.dickson484@hotmail.com,001-611-811-0851,Friend,,Low,Princeside,TN,"October 31, 2024",212.96,Unrestricted
G203519,CA100148,Richard,Lopez,richard.lopez272@hotmail.com,+1-366-309-3796x60334,Faculty/Staff,,Medium,West Mark,NH,"October 21, 2022",512.65,Scholarship Fund
G203520,CA100492,  Kelsey ,Walton,kelsey.walton89@yahoo.com,975.406.6337x05024,Faculty/Staff,,High,Johnshire,TN,2024-08-08,911.36,Athletics
G203521,CA101138,Lisa,Nelson,lisa.nelson66@hotmail.com,280.258.2692,Alumni,2011,Low,Sanderschester,GA,07/01/2026,86.15,Scholarship Fund
G203522,CA100791,William,Davis,william.davis33@gmail.com,,Friend,,High,Christopherfort,NH,16-Jul-2022,1706.4,Scholarship Fund
G203523,CA100147,Carlos,Williams,carlos.williams420@hotmail.com,405-712-3828,Alumni,2006,Low,Mullenbury,AS,08/04/2022,89.09,Endowment
G203524,CA101753,Michael,Roberts,michael.roberts930@yahoo.com,(939)720-1029,Alumni,1998,High,Adamsmouth,TX,"December 10, 2022",1829.1,Unrestricted
G203525,CA100447,Tonya,Martinez,tonya.martinez805@yahoo.com,670.530.4531,Alumni,2018,Low,South Tammy,AZ,2024-09-19,80.05,Unrestricted
G203526,CA100461,Megan,LOZANO,megan.lozano232@gmail.com,+1-826-315-3473x55289,Alumni,2005,Low,East Nicoleberg,WY,04/24/2024,81.34,Capital Campaign
G203527,CA100399,Michael,Guzman,,001-357-300-2720x6345,Faculty/Staff,,Low,East Zachary,WI,2025-01-05,93.48,Scholarship Fund
G203528,CA101146,Andrew,Smith,andrew.smith56@hotmail.com,547.648.5994x641,Alumni,1994,Principal,South Stevenport,MP,2023-10-27,28265.88,Annual Fund
G203529,CA101005,Tina,Williams,tina.williams179@yahoo.com,388-316-5025x44724,Alumni,2006,Low,Stewartton,VI,2022-10-08,40.37,Unrestricted
G203530,CA101506,Deborah,Williams,deborah.williams694@gmail.com,+1-334-267-5418x236,Alumni,2005,High,East Mariaberg,NV,06/18/2024,4999.73,Scholarship Fund
G203531,CA100823,James,Keller,james.keller763@hotmail.com,(584)471-2961x803,Alumni,2009,Medium,Deanfurt,AL,2022-11-17,586.35,Unrestricted
G203532,CA100993,Javier,Mitchell,javier.mitchell217@gmail.com,679.343.3256x2389,Parent,,High,Romanland,VT,"May 23, 2024",2496.03,Scholarship Fund
G203533,CA100810,Malik,Fowler,malik.fowler331@yahoo.com,(896)757-5427,Alumni,2002,Medium,Millerview,FM,14-Oct-2025,379.19,Scholarship Fund
G203534,CA100633,Scott,Adams,scott.adams673@hotmail.com,335-735-3751x3765,Parent,,Medium,West Denisebury,NV,2024-05-22,256.49,Unrestricted
G203535,CA100461,Megan,LOZANO,megan.lozano232@gmail.com,+1-826-315-3473x55289,Alumni,2005,Low,East Nicoleberg,WY,2025-03-11,119.83,Scholarship Fund
G203536,CA101789,Tiffany,Green,tiffany.green322@hotmail.com,001-857-313-3996x276,Friend,,Low,South John,GU,2025-08-05,91.16,Capital Campaign
G203537,CA100738,Catherine,Cunningham,catherine.cunningham414@hotmail.com,860.891.9191x13599,Parent,,High,West Deborahmouth,PR,"September 09, 2024",2670.59,Annual Fund
G203538,CA101296,Mark,Morrison,markmorrison197@hotmailcom,391.622.6000,Alumni,1997,Low,Brandonmouth,MO,12-May-2025,156.06,Endowment
G203539,CA101761,Autumn,Kane,autumn.kane682@yahoo.com,+1-619-921-4749,Friend,,Low,Paulport,HI,24-Apr-2025,161.31,Endowment
G203540,CA100437,Shannon,Cole,shannon.cole702@hotmail.com,419-296-6365x80741,Alumni,2004,Principal,Annville,SD,01-Feb-2023,21990.41,Unrestricted
G203541,CA101523,Mary,Jones,mary.jones800@hotmail.com,654.790.0490x37295,Alumni,2016,High,Wesleymouth,UT,01/31/2025,3335.04,Athletics
G203542,CA100192,Isabella,Matthews,isabella.matthews321@yahoo.com,362-629-9911,Organization,,Medium,Natalieview,MS,04/10/2026,1243.13,Unrestricted
G203543,CA100401,Andrew,Johnson,andrew.johnson568@hotmail.com,+1-693-417-3420x6969,Alumni,2017,Principal,West Georgeshire,DE,2025-07-06,96960.38,Endowment
G203544,CA101022,Jonathan,Santiago,jonathan.santiago228@yahoo.com,546-908-3851x799,Friend,,Medium,North Darlenemouth,IA,"July 08, 2022",572.88,Unrestricted
G203545,CA100061,Melissa,Garcia,melissa.garcia354@hotmail.com,(285)206-4317x139,Alumni,2021,Low,Johnberg,WY,10/09/2023,142.15,Capital Campaign
G203546,CA100596,Jeff,Petersen,jeff.petersen914@gmail.com,4747065004,Faculty/Staff,,High,Kristenhaven,TN,2026-09-06,10244.9,Endowment
G203547,CA100605,Lori,Sandoval,lori.sandoval718@gmail.com,383.977.4419x75466,Alumni,2003,Low,Liberg,AK,2025-10-01,77.53,Annual Fund
G203548,CA100101,John,Aguirre,john.aguirre942@yahoo.com,771-702-7677x3592,Alumni,1998,Low,Theresaberg,WV,11/20/2024,40.64,Athletics
G203549,CA100645,Jeffery,Mccarty,jeffery.mccarty958@yahoo.com,(975)836-1275x15627,Organization,,Medium,North Kelly,NY,2025-01-05,157.92,Unrestricted
G203550,CA100190,Kent,Foster,kent.foster118@hotmail.com,4894899217,Alumni,2007,Low,Port James,AZ,2024-04-23,38.46,Unrestricted
G203551,CA101361,Natalie,Payne,natalie.payne655@gmail.com,001-288-861-8207,Alumni,2010,Medium,Espinozaton,VI,"November 03, 2024",324.47,Athletics
G203552,CA100876,Andre,Beck,andre.beck600@yahoo.com,+1-456-905-7121x9881,Alumni,2004,Low,Spencerside,VA,"March 15, 2026",59.24,Scholarship Fund
G203553,CA100862,Cody,Obrien,cody.obrien424@hotmail.com,506-652-7758x4466,Faculty/Staff,,Low,Jasonmouth,FL,"September 22, 2025",64.67,Annual Fund
G203554,CA100064,Brittney,Hayes,brittney.hayes72@gmail.com,+1-908-347-0076x617,Friend,,Medium,West Charleneland,DC,"December 09, 2025",232.25,Unrestricted
G203555,CA100064,BRITTNEY,hayes,brittney.hayes72@gmail.com,+1-908-347-0076x617,Friend,,Medium,West Charleneland,DC,12/09/2025,232.25,Unrestricted
G203556,CA100384,Steve,Johnson,steve.johnson579@hotmail.com,+1-942-976-2467x19788,Alumni,2009,Low,New Brian,KS,08/30/2026,101.85,Endowment
G203557,CA101563,  Colton ,Robinson,colton.robinson22@hotmail.com,001-491-680-0381x46342,Parent,,High,North Hannah,FM,"November 13, 2024",8294.58,Athletics
G203558,CA101663,Peter,Wilson,peter.wilson183@gmail.com,+1-781-868-7851,Friend,,Low,West Courtneyshire,MS,2025-03-09,76.41,Capital Campaign
G203559,CA100347,Eric,Hobbs,eric.hobbs987@gmail.com,5024194672,Friend,,Medium,Alexandrachester,IA,2024-06-22,336.03,Endowment
G203560,CA100626,Amy,Morgan,amy.morgan770@yahoo.com,,Alumni,2004,Low,New Joshuaview,TN,2025-10-01,51.6,Scholarship Fund
G203561,CA100295,Kevin,Reese,kevin.reese528@hotmail.com,,Alumni,1992,Low,Edwinborough,CT,02/05/2023,94.48,Unrestricted
G203562,CA101399,Lindsay,Mccoy,lindsay.mccoy969@yahoo.com,8368948112,Parent,,High,Ashleyland,RI,2025-08-29,7836.36,Annual Fund
G203563,CA101749,Kevin,Kennedy,kevin.kennedy23@hotmail.com,(712)579-8312x428,Alumni,2017,Medium,Emilyview,CO,2023-08-25,461.97,Annual Fund
G203564,CA100030,Kayla,Shah,kayla.shah670@gmail.com,001-596-670-5466x88937,Alumni,1986,Medium,Tuckerfurt,MA,"August 12, 2026",1041.31,Scholarship Fund
G203565,CA101079,Joseph,Cruz,joseph.cruz224@yahoo.com,6487933261,Friend,,High,Jasonton,NV,2025-02-27,2247.78,Capital Campaign
G203566,CA101783,Anthony,Cooper,anthony.cooper201@hotmail.com,762.691.7148,Alumni,2021,High,New Jeffreystad,GA,2025-01-24,947.16,Athletics
G203567,CA101555,Amy,Vega,amy.vega797@yahoo.com,837.946.6144x77618,Alumni,2003,High,West Jennifershire,MT,2023-02-24,503.45,Scholarship Fund
G203568,CA100964,Angela,Cooper,angela.cooper409@hotmail.com,(976)981-7225,Faculty/Staff,,Low,Jorgestad,OH,2026-05-17,44.51,Athletics
G203569,CA101014,Sue,Ferguson,sue.ferguson113@hotmail.com,+1-460-508-0179x8677,Alumni,1983,Low,East Beckystad,NV,2025-12-31,81.91,Capital Campaign
G203570,CA100336,Jeffrey,Campbell,jeffrey.campbell225@gmail.com,3093109391,Alumni,2011,Medium,South Diana,MH,2023-10-11,536.18,Annual Fund
G203571,CA101261,Gary,Torres,gary.torres911@gmail.com,,Organization,,Low,Jillianland,WY,04/30/2026,46.19,Annual Fund
G203572,CA101403,Thomas,Wade,thomas.wade330@yahoo.com,+1-934-581-4098x41016,Organization,,Low,North Virginiaside,CO,2024-09-21,67.86,Scholarship Fund
G203573,CA101038,Michelle,Braun,michelle.braun690@hotmail.com,,Alumni,2006,Low,New Cheryl,FM,2026-02-02,69.83,Capital Campaign
G203574,CA101476,Jesse,Lutz,jesse.lutz661@hotmail.com,(401)567-6718x776,Alumni,2000,Low,Mcintoshchester,ND,"July 16, 2022",116.96,Athletics
G203575,CA101534,Elizabeth,Duarte,elizabeth.duarte677@hotmail.com,(629)353-3861,Alumni,,Medium,Lake Mackenzieborough,PA,2025-02-02,282.43,Annual Fund
G203576,CA101076,Michelle,Osborne,michelle.osborne894@yahoo.com,001-594-875-7694x535,Friend,,High,Anneview,MO,05-Jul-2026,1368.65,Capital Campaign
G203577,CA100254,Sarah,Andrews,sarah.andrews21@yahoo.com,(368)618-1845,Parent,,Low,Heatherfurt,OK,2022-08-21,66.98,Athletics
G203578,CA101620,Jeremiah,Baker,jeremiah.baker838@yahoo.com,001-675-974-5104x8480,Alumni,2005,Low,Port Dave,CO,2024-01-26,201.03,Athletics
G203579,CA100855,Taylor,Zavala,taylor.zavala156@hotmail.com,711.475.9574x9885,Alumni,2002,Low,Lindabury,IN,2023-08-02,160.85,Annual Fund
G203580,CA100669,Christopher,Stewart,christopher.stewart198@hotmail.com,5204357134,Friend,,High,Brianport,HI,2026-01-25,3591.94,Annual Fund
G203581,CA101237,Adam,Kramer,adamkramer72@hotmailcom,792.573.9615x97640,Alumni,1995,High,Robertton,WA,2024-03-02,1609.9,Athletics
G203582,CA100213,Melissa,Alvarado,melissa.alvarado865@gmail.com,,Alumni,1982,Low,Michaelmouth,RI,2025-06-19,39.06,Endowment
G203583,CA100140,Paul,Carter,paul.carter72@yahoo.com,001-418-339-8262x24447,Parent,,Low,South Joshua,ME,2026-04-05,91.71,Athletics
G203584,CA100378,Derek,Farmer,derek.farmer237_at_hotmail.com,580-815-7164x7947,Organization,,Medium,Tracichester,ID,2025-02-12,524.74,Endowment
G203585,CA101662,Vincent,Garcia,vincent.garcia649@hotmail.com,,Organization,,High,North Juan,MH,17-Aug-2023,3194.63,Unrestricted
G203586,CA100174,Lori,Thompson,lori.thompson745@yahoo.com,488.531.7121x003,Friend,,Medium,Watsonland,OR,2026-09-02,780.32,Athletics
G203587,CA100006,Katelyn,Callahan,katelyn.callahan592@gmail.com,+1-326-691-6697x8480,Alumni,1999,High,Danielchester,GA,2023-10-14,7533.19,Annual Fund
G203588,CA101003,Wayne,Berry,wayne.berry8@gmail.com,986-488-3906x246,Alumni,1985,Medium,Guzmanland,NE,"August 09, 2023",325.39,Capital Campaign
G203589,CA101797,Jennifer,Hatfield,jennifer.hatfield976@gmail.com,270.907.1580,Parent,,Low,West Dianaside,MT,2026-05-31,38.88,Capital Campaign
G203590,CA100211,Jade,Phillips,jade.phillips588@gmail.com,+1-373-975-3001,Alumni,1986,Low,North Kimberly,CA,2026-03-11,97.37,Athletics
G203591,CA100069,Jeremy,Patterson,jeremy.patterson524@hotmail.com,001-499-480-9402x44550,Alumni,2006,Low,Jonestown,CO,2023-11-01,81.95,Athletics
G203592,CA101554,Susan,Green,susan.green365@gmail.com,001-311-303-4956,Parent,,Medium,Bassland,CO,2025-04-05,418.4,Annual Fund
G203593,CA101415,Jerome,Arnold,jerome.arnold395@gmail.com,(482)540-8475,Alumni,2020,High,Zoeshire,PA,2024-05-24,4794.66,Scholarship Fund
G203594,CA101099,Amanda,Alvarez,amanda.alvarez449@hotmail.com,(253)739-4319x16543,Organization,,Low,East David,AZ,2024-12-26,41.34,Scholarship Fund
G203595,CA101298,Manuel,Santana,manuel.santana8@hotmail.com,220.799.8656x4224,Friend,,High,North April,IN,2025-08-13,11948.63,Scholarship Fund
G203596,CA101058,Chad,Mclaughlin,chad.mclaughlin870@gmail.com,001-806-605-3088,Alumni,2014,Medium,North Edward,MH,2025-10-28,195.71,Capital Campaign
G203597,CA100497,Craig,Brown,craig.brown146@gmail.com,+1-890-713-8069x84775,Alumni,2004,Low,Evelynmouth,MD,2026-04-21,63.41,Capital Campaign
G203598,CA101614,Dillon,Baxter,dillon.baxter666@gmail.com,(202)421-6908x8754,Friend,,Principal,East Kendra,MN,2026-05-24,57465.92,Unrestricted
G203599,CA100572,Alejandro,White,alejandro.white694@hotmail.com,+1-690-315-5799x8028,Alumni,1987,Low,New Anthony,AK,2026-06-11,81.3,Scholarship Fund
G203600,CA100522,Crystal,Long,crystal.long972@yahoo.com,+1-780-379-7050x9754,Alumni,2001,Medium,West Pamelaburgh,MO,2023-05-21,318.63,Unrestricted
G203601,CA100583,Christopher,Miranda,christopher.miranda654@hotmail.com,558-233-1170,Friend,,Low,South Lori,ID,2023-07-16,95.59,Capital Campaign
G203602,CA100871,Diane,Powers,diane.powers586@yahoo.com,(363)325-1448,Alumni,2008,Medium,Port David,AL,03/24/2023,602.35,Capital Campaign
G203603,CA100851,Kyle,Hunter,kyle.hunter469@gmail.com,728-240-0838,Parent,,Low,Powellmouth,MI,2026-06-15,251.91,Unrestricted
G203604,CA100873,Christopher,Thompson,,+1-440-591-1225,Alumni,2013,Low,Ritterstad,AK,2024-10-23,71.6,Athletics
G203605,CA100850,Penny,Livingston,penny.livingston497@yahoo.com,(905)276-6194x588,Friend,,High,Jonesmouth,ID,2025-03-01,2013.12,Athletics
G203606,CA101762,Brandy,Walls,brandy.walls751@gmail.com,284.672.1461x7275,Alumni,1974,Medium,Laurenburgh,NE,2025-01-13,408.08,Capital Campaign
G203607,CA100282,William,Sandoval,william.sandoval602@hotmail.com,+1-575-858-5566x593,Friend,,Low,Michaelmouth,NV,2023-10-22,112.49,Unrestricted
G203608,CA101050,Holly,Miller,holly.miller682@gmail.com,2124275950,Alumni,2014,Low,Maloneton,CO,2025-07-13,139.39,Scholarship Fund
G203609,CA100772,Lauren,Hernandez,lauren.hernandez27@yahoo.com,232.275.9980x111,Alumni,1985,Principal,West Melissamouth,MH,05-Nov-2022,9557.25,Capital Campaign
G203610,CA100681,Kristen,Pollard,kristen.pollard313@hotmail.com,001-961-620-5943x89760,Alumni,2003,Principal,North Mirandamouth,MN,2022-11-24,95190.38,Annual Fund
G203611,CA100897,Gabrielle,Orozco,gabrielle.orozco477@gmail.com,423-612-6163,Faculty/Staff,,Low,Oliviaburgh,MP,2024-02-18,114.34,Unrestricted
G203612,CA100063,Michelle,Anderson,michelle.anderson704@yahoo.com,395.302.4026,Alumni,2003,Low,Weststad,NY,2023-05-18,64.7,Unrestricted
G203613,CA100768,Yvette,Macias,yvette.macias299@yahoo.com,001-506-842-0768x3625,Friend,,Medium,Stephensonmouth,VA,2024-10-24,107.91,Annual Fund
G203614,CA100006,Katelyn,Callahan,katelyn.callahan592@gmail.com,+1-326-691-6697x8480,Alumni,1999,High,Danielchester,GA,"April 20, 2026",4328.42,Scholarship Fund
G203615,CA101384,Alice,Henderson,alice.henderson316@gmail.com,470-568-0269x33154,Faculty/Staff,,Low,South Arthurburgh,ID,2024-07-05,86.54,Annual Fund
G203616,CA100918,Dana,Jimenez,dana.jimenez319@hotmail.com,391-660-9365x9520,Parent,,High,Port Davidhaven,SC,2024-08-13,2346.87,Scholarship Fund
G203617,CA101403,Thomas,Wade,thomas.wade330@yahoo.com,+1-934-581-4098x41016,Organization,,Low,North Virginiaside,CO,2022-07-07,179.68,Capital Campaign
G203618,CA100644,Gregory,Barnes,gregory.barnes525@yahoo.com,+1-969-835-7824x347,Faculty/Staff,,Low,Amyport,CT,2024-02-02,86.65,Unrestricted
G203619,CA101528,Tricia,Carr,tricia.carr718@gmail.com,001-517-573-5166x811,Organization,,High,Leechester,NV,2026-04-11,2611.29,Endowment
G203620,CA100902,Leah,Walker,leah.walker662@hotmail.com,782-997-1681,Alumni,1982,Medium,Lake Joshua,PR,2024-02-21,355.04,Athletics
G203621,CA101208,Ann,Taylor,,218-216-1255x90461,Organization,,High,Guzmanbury,AR,2024-08-31,712.41,Capital Campaign
G203622,CA101622,Philip,Ibarra,philip.ibarra118@yahoo.com,556-657-2897x2269,Alumni,2014,High,Josephtown,WV,2025-08-13,2268.27,Scholarship Fund
G203623,CA100482,Anna,Lopez,anna.lopez530@gmail.com,+1-466-213-3155,Friend,,Low,Valdeztown,MS,2024-03-27,181.62,Unrestricted
G203624,CA100772,Lauren,Hernandez,lauren.hernandez27@yahoo.com,232.275.9980x111,Alumni,1985,Principal,West Melissamouth,MH,2026-07-26,71976.75,Annual Fund
G203625,CA101059,Darryl,Cruz,darryl.cruz620@yahoo.com,929.704.5759,Alumni,2014,Low,North George,WA,2022-08-10,96.3,Scholarship Fund
G203626,CA100532,Andrea,King,andrea.king326@hotmail.com,(657)416-1768x802,Parent,,Medium,Brandonshire,AR,2023-03-05,330.74,Scholarship Fund
G203627,CA101773,Thomas,Rice,thomas.rice842@hotmail.com,(203)820-8778x3471,Alumni,,Medium,Lake Amanda,GU,"August 31, 2023",148.38,Unrestricted
G203628,CA100441,Howard,Reeves,howard.reeves843@yahoo.com,(515)926-5461x0339,Friend,,Medium,Averyview,AR,12/17/2024,86.08,Unrestricted
G203629,CA100379,Melissa,Jacobson,melissa.jacobson62@yahoo.com,+1-352-407-1678x11266,Faculty/Staff,,Low,West Theresamouth,ID,2025-08-14,72.22,Scholarship Fund
G203630,CA100858,Robert,Good,robert.good701@yahoo.com,(614)537-7693x663,Parent,,Low,West Erik,MD,2024-12-22,34.73,Endowment
G203631,CA101612,Kristen,Wright,kristen.wright287@hotmail.com,9972034251,Alumni,1980,Low,New Chadstad,OH,2025-03-23,76.77,Unrestricted
G203632,CA101522,Brandon,Gallagher,brandon.gallagher273@hotmail.com,8715675321,Alumni,1979,Low,South Samantha,AS,2025-02-13,55.02,Capital Campaign
G203633,CA100924,John,Kemp,john.kemp188@gmail.com,773.354.3788x26033,Alumni,2012,Low,North Elizabethmouth,UT,2025-11-20,97.55,Athletics
G203634,CA101102,Richard,Gomez,richard.gomez435@hotmail.com,473.909.6496,Alumni,2008,Low,Millershire,SD,2026-08-17,68.61,Capital Campaign
G203635,CA101170,Jason,Shaw,jason.shaw241@yahoo.com,+1-611-793-9781,Parent,,High,Port Andrewshire,SC,2024-08-31,2203.53,Unrestricted
G203636,CA101237,Adam,Kramer,adamkramer72@hotmailcom,792.573.9615x97640,Alumni,1995,High,Robertton,WA,2025-05-29,7834.61,Unrestricted
G203637,CA100161,Jessica,Bell,jessica.bell622@yahoo.com,523-841-3899x94043,Friend,,Low,Debbiebury,NM,"September 05, 2026",94.09,Unrestricted
G203638,CA100576,Krystal,Howard,krystal.howard478@gmail.com,755.525.1050,Parent,,High,Bradleymouth,MH,"January 24, 2025",4773.32,Scholarship Fund
G203639,CA101487,Elizabeth,Brennan,elizabeth.brennan221@hotmail.com,948.535.8626,Alumni,2016,Medium,Irwinport,NC,"November 14, 2025",177.9,Capital Campaign
G203640,CA100973,Sandra,Lindsey,sandra.lindsey223@gmail.com,704.343.6199,Alumni,2000,Low,Jonesburgh,IL,2023-01-02,73.54,Scholarship Fund
G203641,CA100781,David,Padilla,,001-512-911-0633x0165,Parent,,Principal,Lake Vanessa,PA,2025-08-18,62150.6,Annual Fund
G203642,CA101225,Emily,Moran,emily.moran346@yahoo.com,(478)400-2443x236,Faculty/Staff,,Low,South Brendafurt,PA,2025-08-20,100.08,Athletics
G203643,CA100000,Danielle,Johnson,danielle.johnson282@yahoo.com,232.318.1960,Alumni,,High,East William,AK,2023-07-27,7219.99,Endowment
G203644,CA101230,Clarence,Nguyen,clarence.nguyen161@gmail.com,001-747-764-2789x61573,Alumni,1986,High,East Amyland,MH,11/14/2023,12555.14,Capital Campaign
G203645,CA100825,Alan,Beard,alan.beard228@gmail.com,337-433-7773x12688,Parent,,Medium,Port William,VI,2025-06-15,232.15,Capital Campaign
G203646,CA101567,Eric,Butler,eric.butler159@hotmail.com,391-206-1669,Alumni,2015,Low,Port Pamelahaven,SC,2023-11-08,96.24,Scholarship Fund
G203647,CA100265,Shelby,Haynes,shelby.haynes329@gmail.com,226.811.1780,Alumni,1989,Principal,North Joseberg,CO,2024-03-12,8139.06,Athletics
G203648,CA101689,Lindsey,Johnson,lindsey.johnson804_at_gmail.com,570.517.7375x949,Alumni,1986,Low,South Allisonville,FM,2024-04-01,62.0,Athletics
G203649,CA100508,Tara,Sims,tara.sims382@yahoo.com,801.336.7492,Alumni,2016,Medium,Hancockfurt,KY,2026-02-26,500.89,Scholarship Fund
G203650,CA100064,Brittney,Hayes,brittney.hayes72@gmail.com,+1-908-347-0076x617,Friend,,Medium,West Charleneland,DC,"December 13, 2025",1334.07,Athletics
G203651,CA100064,BRITTNEY,hayes,brittney.hayes72@gmail.com,+1-908-347-0076x617,Friend,,Medium,West Charleneland,DC,12/13/2025,1334.07,Athletics
G203652,CA100048,Stacey,Holland,stacey.holland928@gmail.com,448.346.7737x8263,Organization,,Medium,Kendrachester,MA,"June 27, 2024",834.07,Capital Campaign
G203653,CA100726,David,Robertson,david.robertson142@gmail.com,611.464.9133,Alumni,1992,Low,Markmouth,TN,2022-09-19,77.44,Annual Fund
G203654,CA100385,Troy,Arellano,troy.arellano83@hotmail.com,,Friend,,Medium,Katieport,MD,2023-03-09,235.11,Endowment
G203655,CA100546,Thomas,Anderson,thomas.anderson84@gmail.com,5555247286,Parent,,Low,North Julie,DE,"November 01, 2024",109.5,Annual Fund
G203656,CA100919,Kelsey,Mitchell,kelsey.mitchell483@hotmail.com,,Friend,,Medium,Jeremiahfurt,NC,2026-08-30,1325.99,Scholarship Fund
G203657,CA100892,Robert,Ferrell,robert.ferrell645@gmail.com,287-623-3351,Alumni,2019,Low,New Robertview,SD,2024-09-14,95.52,Annual Fund
G203658,CA101369,Kim,Clark,kim.clark583@gmail.com,(591)458-5423,Parent,,Medium,Christopherstad,CA,2025-06-29,367.14,Endowment
G203659,CA100997,Katherine,Hayes,katherine.hayes856@yahoo.com,283.897.8570x82004,Alumni,2018,Low,Floresland,MP,2024-07-24,245.4,Scholarship Fund
G203660,CA100756,Jacqueline,Boyd,jacqueline.boyd375@hotmail.com,+1-934-252-7346x6661,Friend,,High,Garciaside,NJ,2026-03-11,1053.06,Scholarship Fund
G203661,CA101510,Ann,Savage,annsavage180@gmailcom,+1-389-651-2370x8511,Alumni,1992,Medium,Michaelstad,MT,2023-12-16,996.52,Annual Fund
G203662,CA101683,Larry,JOHNSON,larry.johnson941@yahoo.com,(209)540-6714x87831,Parent,,Low,West Lisastad,WV,2025-05-10,159.03,Annual Fund
G203663,CA101694,Jacqueline,Ritter,jacqueline.ritter572@gmail.com,793-317-9670x605,Alumni,2011,Medium,Salasmouth,NH,2026-02-01,324.76,Scholarship Fund
G203664,CA101676,Cristina,Barton,,4515666081,Parent,,Medium,South Alison,LA,2024-11-12,264.09,
G203665,CA101046,Joshua,Gardner,joshua.gardner381@gmail.com,001-667-439-8344x8838,Alumni,1991,Low,Laurenfurt,PW,2022-11-27,47.31,Athletics
G203666,CA100559,Luke,Johnson,luke.johnson799@hotmail.com,001-360-456-7303x06442,Alumni,2017,Low,West Richardport,VI,2022-08-07,110.43,Unrestricted
G203667,CA100533,Laura,Benson,laura.benson960@hotmail.com,(678)581-2786x8669,Friend,,Low,North Ernest,IL,2024-01-03,50.02,Athletics
G203668,CA101263,Brianna,King,brianna.king801@gmail.com,+1-201-222-3414x9929,Friend,,High,Fostermouth,AZ,2026-07-18,2719.08,Unrestricted
G203669,CA100318,Holly,Davis,holly.davis947@yahoo.com,+1-977-233-2945x62557,Alumni,1978,Medium,South Danielfort,NH,2024-04-07,173.33,Capital Campaign
G203670,CA101220,Kenneth,Zuniga,kenneth.zuniga135@gmail.com,317.819.7860,Alumni,1988,High,Port Vanessa,MI,2023-03-19,4749.4,Endowment
G203671,CA100125,Ivan,Medina,ivan.medina413@gmail.com,,Friend,,Low,West Meredith,FL,"September 05, 2023",98.17,Athletics
G203672,CA100967,Stephanie,Browning,stephanie.browning979_at_gmail.com,001-562-416-5914x3882,Friend,,Low,Denisebury,WY,2024-05-31,96.37,Unrestricted
G203673,CA101554,Susan,Green,susan.green365@gmail.com,001-311-303-4956,Parent,,Medium,Bassland,CO,07/17/2023,168.25,Scholarship Fund
G203674,CA100677,David,Hines,david.hines89@gmail.com,(454)569-6815x7903,Alumni,1991,Low,Michaelhaven,GU,2024-06-09,176.5,Endowment
G203675,CA101034,Adam,Acevedo,adam.acevedo343@hotmail.com,(621)375-5851x777,Parent,,High,South Kenneth,PA,06-Jun-2024,1854.55,Capital Campaign
G203676,CA101659,Tyler,Martinez,tyler.martinez471@yahoo.com,(732)882-4630x61621,Organization,,Low,West David,VI,2024-02-13,66.25,Annual Fund
G203677,CA101104,Emily,Simmons,emily.simmons497@gmail.com,859-748-9895,Organization,,High,Robertchester,IA,2024-12-17,3006.45,Scholarship Fund
G203678,CA101751,Jennifer,Morales,jennifer.morales396@gmail.com,(520)877-1074x043,Alumni,2009,High,Jessicafurt,NV,05/09/2025,2358.56,Capital Campaign
G203679,CA101748,David,Johnson,david.johnson560@yahoo.com,271.586.0566,Faculty/Staff,,Low,Lake Maryfurt,MS,2024-07-10,35.68,Unrestricted
G203680,CA100598,Jose,Turner,jose.turner47@yahoo.com,(896)559-2342,Alumni,2011,Medium,Kevinport,OK,2022-08-06,250.29,Athletics
G203681,CA101370,Andrea,Sims,andrea.sims468@yahoo.com,+1-639-866-0734,Alumni,2011,Low,Fletcherfurt,HI,2022-07-08,48.86,Scholarship Fund
G203682,CA101653,Megan,Hernandez,megan.hernandez267@yahoo.com,,Friend,,Low,Andrewshire,ND,03-May-2024,111.66,Unrestricted
G203683,CA100270,Peter,Gray,peter.gray973@yahoo.com,863-589-4484,Alumni,1998,Principal,East Derrickville,SC,2023-03-17,13767.75,Capital Campaign
G203684,CA100096,David,Harris,david.harris78@gmail.com,470.358.9578,Friend,,Low,West Raymondfort,NC,2025-03-10,80.07,Scholarship Fund
G203685,CA100610,Lindsey,Oconnor,lindseyoconnor524@gmailcom,226-361-0941,Faculty/Staff,,Low,Hinestown,HI,"January 02, 2024",104.45,Capital Campaign
G203686,CA100990,Antonio,Whitney,antonio.whitney753@yahoo.com,(361)645-9011x07977,Friend,,Low,North Kaitlynview,OR,15-Sep-2026,41.09,Scholarship Fund
G203687,CA100814,Aaron,Leon,aaron.leon504@hotmail.com,372-514-3643,Alumni,1981,Medium,North Anthonyville,IL,2026-02-19,397.55,Capital Campaign
G203688,CA100256,Emily,Nicholson,emily.nicholson673@gmail.com,+1-527-955-3942,Friend,,Low,East Jill,VI,"August 29, 2022",79.39,Unrestricted
G203689,CA100699,Brooke,Juarez,brooke.juarez466@gmail.com,640.435.9544x29477,Alumni,2009,Medium,East Catherine,PR,2022-08-21,366.92,Annual Fund
G203690,CA101560,Kevin,Harris,kevin.harris838@gmail.com,,Alumni,2011,Low,Charlesborough,AL,2025-09-07,69.2,Annual Fund
G203691,CA100142,Michelle,Alexander,michelle.alexander594@yahoo.com,+1-992-545-9375x2654,Parent,,Medium,Nicholasfurt,MN,25-May-2026,673.76,Annual Fund
G203692,CA100607,Vincent,Callahan,vincent.callahan797@gmail.com,(686)681-2259x572,Friend,,Low,Jonesfort,MS,2023-03-25,61.73,Athletics
G203693,CA100575,Lucas,Rodriguez,lucas.rodriguez282@yahoo.com,(739)855-1720x84964,Organization,,Medium,North Hectormouth,NE,2024-09-13,392.44,Capital Campaign
G203694,CA100928,David,Gallagher,david.gallagher473@gmail.com,+1-572-434-8389x3595,Parent,,Low,Port Loriport,GU,2023-12-06,111.34,Annual Fund
G203695,CA101651,James,Blanchard,james.blanchard530@hotmail.com,001-769-404-5392,Alumni,2015,High,Grantbury,MA,2025-12-23,3872.09,Unrestricted
G203696,CA101342,Deborah,Brown,deborah.brown712@hotmail.com,+1-641-768-0613,Parent,,High,Torresshire,PA,2026-04-19,2195.58,Athletics
G203697,CA101548,Daniel,Jones,daniel.jones516@gmail.com,535.376.1707,Alumni,1981,Medium,Turnerstad,NH,2026-08-07,286.6,Endowment
G203698,CA101296,Mark,Morrison,markmorrison197@hotmailcom,391.622.6000,Alumni,1997,Low,Brandonmouth,MO,28-Mar-2025,119.2,Annual Fund
G203699,CA101194,Karina,Thomas,karina.thomas775@hotmail.com,+1-709-744-7726x90326,Alumni,2002,High,East Sandrafort,MT,2026-01-02,8990.38,Capital Campaign
G203700,CA101747,Catherine,Ashley,catherine.ashley308@gmail.com,+1-442-868-0928,Alumni,2008,Low,Lake Dawnfurt,KS,"July 06, 2025",81.44,Athletics
G203701,CA101796,Tasha,Finley,,+1-663-806-6700x599,Alumni,2009,Medium,Sandersbury,VI,06/22/2023,269.73,Capital Campaign
G203702,CA100315,Susan,Castro,susan.castro305@gmail.com,585.485.4249,Faculty/Staff,,Low,West Christinamouth,ND,2023-12-19,60.4,Scholarship Fund
G203703,CA100889,Hannah,Nelson,hannah.nelson467@hotmail.com,446.901.9134x43899,Friend,,Medium,East Susanmouth,WI,16-Nov-2024,1797.2,Scholarship Fund
G203704,CA101748,David,Johnson,david.johnson560@yahoo.com,271.586.0566,Faculty/Staff,,Low,Lake Maryfurt,MS,2024-06-14,101.69,Annual Fund
G203705,CA100795,Joshua,Mccarthy,joshua.mccarthy97@yahoo.com,729-825-0105x8752,Alumni,2014,Medium,Lake Ryanmouth,MO,2026-09-11,920.9,Unrestricted
G203706,CA101305,Adam,Hood,adam.hood371@yahoo.com,,Parent,,Low,Charlesland,WY,2026-05-23,179.25,Scholarship Fund
G203707,CA100619,Samantha,Allen,samantha.allen884@gmail.com,001-203-368-9003,Alumni,1992,Low,East Samuelport,AZ,2024-04-13,22.33,Capital Campaign
G203708,CA100204,Michelle,Silva,michelle.silva454@hotmail.com,273-481-6846,Alumni,2020,High,East Matthew,OK,2023-01-11,2622.78,Endowment
G203709,CA100878,Theresa,Cox,theresa.cox332@yahoo.com,346-700-4521x2899,Alumni,1985,Principal,North Theresamouth,MD,"March 18, 2025",16899.77,Endowment
G203710,CA100925,Heather,Obrien,heather.obrien487@gmail.com,859.891.4492x07492,Alumni,2006,High,Kaneport,MP,2024-11-05,3250.19,Athletics
G203711,CA100481,  Nicholas ,Allen,nicholas.allen725@gmail.com,4604053131,Parent,,Medium,South Williammouth,MD,2025-07-29,272.34,Scholarship Fund
G203712,CA100380,Brooke,Ewing,,,Organization,,Medium,Port Roger,NM,2024-08-16,318.27,Unrestricted
G203713,CA100987,James,Williams,james.williams874@yahoo.com,730-673-5104,Parent,,Low,Evansfurt,HI,04-Aug-2024,126.82,Endowment
G203714,CA101485,Dawn,Hill,dawn.hill321@yahoo.com,+1-795-567-4068x73544,Alumni,2016,High,Markland,KY,2025-03-10,874.68,Annual Fund
G203715,CA100034,Barbara,Odonnell,barbara.odonnell886@yahoo.com,(831)793-1491x9058,Parent,,Low,New Deborahtown,PR,2022-11-04,149.33,Endowment
G203716,CA101572,Thomas,Hayes,thomas.hayes155@yahoo.com,001-895-809-0418x985,Alumni,2018,Low,Jamesville,MH,"March 28, 2026",37.16,Scholarship Fund
G203717,CA100628,Dana,Hawkins,dana.hawkins91@yahoo.com,4916498517,Friend,,Low,Jordanfort,DC,2025-10-23,88.16,Endowment
G203718,CA101315,Timothy,Wolfe,timothy.wolfe642@gmail.com,,Parent,,Medium,Lake Paula,CO,2026-01-09,589.49,Scholarship Fund
G203719,CA100596,Jeff,Petersen,jeff.petersen914@gmail.com,4747065004,Faculty/Staff,,High,Kristenhaven,TN,2022-08-05,7893.85,Unrestricted
G203720,CA100657,Leah,Crane,leah.crane795@yahoo.com,494.477.3522x87056,Alumni,2002,Low,Jonestown,ME,2026-03-17,180.49,Scholarship Fund
G203721,CA101095,Diane,Hughes,diane.hughes722@yahoo.com,001-847-605-5491x2151,Parent,,High,North Ashleemouth,MA,2024-01-13,3687.18,Scholarship Fund
G203722,CA101080,Ashley,Robinson,ashley.robinson539@yahoo.com,410.408.1785,Alumni,2000,Medium,North Michealside,NV,2023-11-22,420.4,Scholarship Fund
G203723,CA100192,Isabella,Matthews,isabella.matthews321@yahoo.com,362-629-9911,Organization,,Medium,Natalieview,MS,2025-07-04,596.61,Athletics
G203724,CA100585,Gina,Lynn,gina.lynn743@hotmail.com,+1-912-771-1307x2407,Alumni,2005,Medium,Davidside,CO,2023-04-13,403.32,Scholarship Fund
G203725,CA100049,Sarah,Romero,sarah.romero134@gmail.com,849-997-2787x5588,Alumni,2020,Low,Mollybury,OK,2025-10-19,31.98,Athletics
G203726,CA100316,Scott,Anderson,scott.anderson957@yahoo.com,+1-601-760-1662x99795,Alumni,2005,Low,Lake Katherine,AS,10/01/2023,74.68,Scholarship Fund
G203727,CA101372,Priscilla,Jones,priscilla.jones583@hotmail.com,669-981-4134,Alumni,1982,Low,Haleton,VT,2023-12-27,161.08,Annual Fund
G203728,CA101520,James,Davis,james.davis905@hotmail.com,,Alumni,,Low,Zavalastad,MP,2023-03-22,86.3,Unrestricted
G203729,CA101561,Donald,Palmer,donald.palmer252@gmail.com,365-981-5398x852,Friend,,High,Matthewton,AS,2024-07-29,957.48,Annual Fund
G203730,CA100294,Amber,Mcbride,amber.mcbride924@gmail.com,782-462-9251x8812,Alumni,2007,Low,Port Lucaschester,MT,2025-01-16,105.36,Endowment
G203731,CA100047,Cindy,Jimenez,cindy.jimenez352@yahoo.com,001-603-248-2477x10932,Alumni,2012,Medium,Davisville,NH,2024-05-12,110.12,Annual Fund
G203732,CA101095,Diane,Hughes,diane.hughes722@yahoo.com,001-847-605-5491x2151,Parent,,High,North Ashleemouth,MA,26-Mar-2026,2782.01,Scholarship Fund
G203733,CA101097,Lisa,Smith,lisa.smith298@gmail.com,(520)819-7121x24139,Parent,,Medium,Fordshire,SD,2025-07-12,572.36,Scholarship Fund
G203734,CA100587,Tristan,Hamilton,tristan.hamilton431@hotmail.com,5313310094,Parent,,Medium,West Jeremyfurt,MO,2026-03-20,423.26,Athletics
G203735,CA100997,Katherine,Hayes,katherine.hayes856@yahoo.com,283.897.8570x82004,Alumni,2018,Low,Floresland,MP,2023-02-04,61.36,Annual Fund
G203736,CA101343,Amanda,Kane,,(205)986-7949x6383,Alumni,1999,Low,East Randall,DE,2025-02-02,34.15,Unrestricted
G203737,CA100162,Paul,Allen,paul.allen774@hotmail.com,+1-418-905-5269x658,Parent,,Principal,North Brendatown,KS,2026-02-25,102134.12,Athletics
G203738,CA101454,Paul,Hicks,paul.hicks319_at_gmail.com,+1-235-538-1483x74755,Parent,,Low,New Danielleville,MO,2025-03-30,86.64,Athletics
G203739,CA100692,Sandra,Thompson,sandra.thompson788@yahoo.com,8858721696,Alumni,1990,Medium,Lake Anthony,IN,29-Nov-2023,523.02,
G203740,CA101624,Arthur,Saunders,arthur.saunders809@yahoo.com,877.595.7039x962,Parent,,Low,Mcdonaldburgh,FM,"January 21, 2026",101.69,Capital Campaign
G203741,CA101265,James,Harvey,james.harvey888@gmail.com,(247)811-9360,Friend,,High,New Douglasfort,TN,2022-09-06,4769.27,Unrestricted
G203742,CA100659,Joshua,HOOVER,joshua.hoover134@yahoo.com,001-345-496-4883,Alumni,2007,Low,Lake Javierburgh,KS,13-Jan-2025,52.03,
G203743,CA101126,Edward,Rodriguez,edward.rodriguez581@gmail.com,(654)996-3308x3344,Alumni,2000,Low,West Waynehaven,NM,2024-10-25,145.14,Annual Fund
G203744,CA101113,Bethany,Gordon,bethany.gordon161@hotmail.com,+1-368-900-8529x46902,Alumni,2005,Low,Smallland,NH,07/01/2022,90.91,Scholarship Fund
G203745,CA100813,Gwendolyn,Travis,gwendolyn.travis605@gmail.com,,Parent,,Low,Mooreborough,VT,2026-01-05,151.34,
G203746,CA101758,Logan,Dickson,logan.dickson484@hotmail.com,001-611-811-0851,Friend,,Low,Princeside,TN,2026-08-20,129.32,Scholarship Fund
G203747,CA100957,Lisa,Pacheco,lisa.pacheco259@yahoo.com,,Parent,,Medium,Brownmouth,VI,2024-07-20,282.89,Athletics
G203748,CA101184,Julie,Nixon,julie.nixon697@gmail.com,001-233-364-7704x1309,Alumni,2021,Low,Jameschester,AK,2026-03-20,167.43,Endowment
G203749,CA100316,Scott,Anderson,scott.anderson957@yahoo.com,+1-601-760-1662x99795,Alumni,2005,Low,Lake Katherine,AS,2023-10-30,113.91,Scholarship Fund
G203750,CA101145,Christina,Henderson,christina.henderson842@yahoo.com,,Alumni,2009,Low,Port Samuelfurt,NM,2025-03-25,177.54,Athletics
G203751,CA100181,Janet,Thomas,janet.thomas149@gmail.com,751.456.9154x52267,Parent,,Low,Jeffreyshire,GU,2024-07-13,122.11,Unrestricted
G203752,CA100304,Shawn,Ramos,shawn.ramos403@hotmail.com,+1-703-284-9830x220,Parent,,Low,Port Antonio,OK,03-Mar-2026,235.04,Unrestricted
G203753,CA100890,Hannah,Spencer,hannah.spencer840_at_hotmail.com,707-332-1464x49369,Alumni,2010,High,Ruizborough,FM,2025-08-10,849.32,
G203754,CA101202,Jimmy,Jennings,jimmy.jennings602@gmail.com,398.897.9060x854,Alumni,1985,Low,Cookefurt,IA,2026-04-01,80.9,Endowment
G203755,CA100609,Colin,Rodriguez,colin.rodriguez114@hotmail.com,,Alumni,2023,Medium,Morrisbury,WI,2026-03-10,173.7,Annual Fund
G203756,CA101040,Eugene,Green,eugene.green169@yahoo.com,912.361.6850,Parent,,Low,Port Michaelside,SD,03-May-2024,129.88,Unrestricted
G203757,CA101261,Gary,Torres,gary.torres911@gmail.com,,Organization,,Low,Jillianland,WY,2024-01-24,189.88,Unrestricted
G203758,CA100553,Thomas,Melton,thomas.melton530@gmail.com,722-971-1332x2889,Organization,,Low,West Kelly,RI,2023-06-22,97.31,Unrestricted
G203759,CA100814,Aaron,Leon,aaron.leon504@hotmail.com,372-514-3643,Alumni,1981,Medium,North Anthonyville,IL,2025-04-06,286.2,Annual Fund
G203760,CA101355,Timothy,Reilly,timothy.reilly440@gmail.com,373-706-6293,Alumni,2018,Low,Port Alyssaland,NH,2025-09-10,42.35,Athletics
G203761,CA101346,Kristin,Perry,kristin.perry637@hotmail.com,(740)351-6654,Alumni,2001,Low,East Patricia,VI,2023-04-27,110.82,Unrestricted
G203762,CA101677,Kelsey,Tucker,kelsey.tucker395@hotmail.com,9988636152,Alumni,1983,Low,Mariaport,ME,2026-05-09,156.58,Capital Campaign
G203763,CA100002,Lisa,Smith,lisa.smith559@gmail.com,001-765-642-3511x615,Alumni,2014,Low,Lake Stephenville,MS,2023-05-09,95.69,Scholarship Fund
G203764,CA101399,Lindsay,Mccoy,lindsay.mccoy969@yahoo.com,8368948112,Parent,,High,Ashleyland,RI,2023-04-04,1810.13,Athletics
G203765,CA100805,Patrick,Carroll,patrick.carroll581@gmail.com,805-233-6514,Friend,,Low,Kayleeville,ME,2026-05-23,166.72,Capital Campaign
G203766,CA101656,Cody,Johnson,cody.johnson650@hotmail.com,255-658-7094,Alumni,1994,Medium,East Paula,GU,2023-11-10,430.61,Annual Fund
G203767,CA100682,Brendan,Greene,brendan.greene928@yahoo.com,965-740-8424x560,Parent,,Low,Cynthiaville,MI,2025-12-17,76.94,Endowment
G203768,CA101698,Lisa,Coleman,lisa.coleman937@yahoo.com,397-438-4498,Faculty/Staff,,High,Port Jerryton,TX,2026-01-06,2604.37,Annual Fund
G203769,CA101586,Sarah,Nguyen,sarah.nguyen986@yahoo.com,(905)439-2609x67462,Faculty/Staff,,High,Lake Marvinborough,MO,2022-08-01,763.19,Unrestricted
G203770,CA100510,Zoe,Park,zoe.park927@yahoo.com,001-821-951-8260,Alumni,2006,Low,New Maryside,VT,2025-08-11,30.03,Scholarship Fund
G203771,CA100774,Christine,Moore,christine.moore642@hotmail.com,,Organization,,Low,Gravesview,UT,2024-06-10,70.62,Unrestricted
G203772,CA100786,Eric,Rojas,eric.rojas829@yahoo.com,(502)356-2650x62292,Organization,,Low,South Thomasview,MA,2024-11-19,149.17,Athletics
G203773,CA101075,Michael,Brown,michael.brown644@hotmail.com,733.943.0311,Alumni,2018,High,Johnsonview,MN,05/10/2025,1531.76,Scholarship Fund
G203774,CA100703,  John ,Scott,john.scott494@hotmail.com,(633)372-0948,Friend,,Principal,Lake Mariah,CA,2023-11-23,25830.55,Capital Campaign
G203775,CA101198,Christopher,Turner,christopher.turner925@gmail.com,(898)636-9235x3484,Parent,,Low,Blackburnton,NY,2024-02-10,52.52,Athletics
G203776,CA100637,Shannon,Davenport,shannon.davenport111@yahoo.com,001-772-929-8120x99576,Alumni,1991,Low,New Jennifer,KY,2023-09-08,76.42,Capital Campaign
G203777,CA100685,Benjamin,Lynch,benjamin.lynch499@hotmail.com,+1-816-381-5466x0241,Alumni,2018,High,New Jose,ME,2025-10-22,10028.47,Annual Fund
G203778,CA101752,Holly,Wong,holly.wong578@yahoo.com,(710)251-1090x07017,Alumni,2021,Medium,North Nathan,FL,2025-08-28,1233.66,Scholarship Fund
G203779,CA101362,David,Gibson,,572.598.2689,Alumni,2021,Medium,Rebeccahaven,TN,2025-12-10,499.57,Capital Campaign
G203780,CA100011,Collin,Jordan,collin.jordan68@yahoo.com,(870)410-6513x33872,Alumni,1990,Low,Stevenland,NV,2026-05-28,265.42,Athletics
G203781,CA100105,Keith,Hughes,,001-584-899-1216x55852,Alumni,2000,High,North Benjaminmouth,AS,10/27/2025,7125.64,Unrestricted
G203782,CA100528,Christopher,Williams,christopher.williams448@yahoo.com,743.635.6708x60414,Alumni,1975,Low,Jenniferbury,MD,2025-02-18,59.97,Unrestricted
G203783,CA101588,Tara,Sharp,tara.sharp31@hotmail.com,,Faculty/Staff,,Medium,New John,AK,2025-10-05,376.86,Unrestricted
G203784,CA101510,Ann,Savage,annsavage180@gmailcom,+1-389-651-2370x8511,Alumni,1992,Medium,Michaelstad,MT,"July 29, 2026",966.16,Endowment
G203785,CA100166,Victor,Bradley,victor.bradley967@yahoo.com,(241)591-3800,Friend,,Principal,South Michaelberg,HI,2026-07-26,71547.43,Endowment
G203786,CA100074,Richard,Bowman,richard.bowman672@yahoo.com,860-352-9751,Friend,,Low,South Brianna,NC,2026-03-20,101.87,
G203787,CA101732,Walter,Campbell,walter.campbell364@gmail.com,269.499.5285,Parent,,Low,North Kathy,DC,2025-06-23,89.21,Athletics
G203788,CA101101,Randall,Parker,randall.parker67@hotmail.com,001-767-864-9797x41636,Parent,,Low,West Michaelaton,AK,"January 09, 2023",81.72,Capital Campaign
G203789,CA101015,Sarah,Merritt,sarah.merritt385@yahoo.com,,Friend,,Medium,Taylorchester,WY,2025-05-31,417.61,Scholarship Fund
G203790,CA100223,Timothy,Duncan,timothy.duncan474@hotmail.com,,Friend,,High,Craigside,LA,12/18/2023,1777.54,Endowment
G203791,CA100757,Chelsea,Torres,chelsea.torres462@yahoo.com,001-208-203-1499x82508,Alumni,2009,Principal,Paulstad,ND,"February 12, 2024",48078.12,Capital Campaign
G203792,CA100784,Karen,Brown,karen.brown400@gmail.com,350.696.1701x5959,Alumni,2015,Medium,Shannonfort,MN,31-Jan-2024,344.95,Unrestricted
G203793,CA101015,Sarah,Merritt,sarah.merritt385@yahoo.com,,Friend,,Medium,Taylorchester,WY,2023-12-08,515.07,Annual Fund
G203794,CA100091,Diana,Nelson,diana.nelson975@yahoo.com,(867)465-2775x84161,Alumni,1993,High,Manuelland,MD,2024-02-28,4047.98,Scholarship Fund
G203795,CA100371,Frank,Nelson,frank.nelson780@yahoo.com,+1-750-744-8183x2192,Friend,,High,Josephstad,CT,2022-11-29,834.8,Endowment
G203796,CA101359,Brandy,Flores,brandy.flores819@hotmail.com,8895458962,Alumni,1971,Low,Andreamouth,MT,2026-07-18,64.57,Athletics
G203797,CA100466,Shannon,Reynolds,shannon.reynolds942@yahoo.com,,Alumni,2014,Low,Stewartfurt,AK,2022-09-28,59.22,Endowment
G203798,CA100744,Amy,Contreras,amy.contreras270@yahoo.com,2736333732,Alumni,2003,Low,North Meredith,NJ,2023-11-16,132.08,Endowment
G203799,CA100525,Anthony,Wade,anthony.wade332_at_yahoo.com,+1-341-267-8725x68621,Alumni,1982,Low,East Maurice,AL,2024-07-07,50.12,Scholarship Fund
G203800,CA100157,Becky,Knight,becky.knight655@yahoo.com,600-417-0127x70632,Parent,,High,Clarencestad,KS,02/24/2025,2113.12,Endowment
G203801,CA101037,Tyler,Smith,tyler.smith126@hotmail.com,9014635640,Alumni,2005,Low,Port Derek,PR,2026-03-23,87.5,Athletics
G203802,CA100491,Eric,Lopez,eric.lopez71@gmail.com,357.866.6567x49160,Alumni,1974,Medium,East Kathryn,KS,2023-05-12,412.77,Scholarship Fund
G203803,CA100608,Sydney,Obrien,sydney.obrien509@gmail.com,001-888-342-5995,Alumni,2011,Low,North Melissaburgh,IN,2022-09-28,93.88,Endowment
G203804,CA100427,Christopher,Watson,christopher.watson656@yahoo.com,(732)286-3266x678,Alumni,2008,Low,Thomastown,VT,10-Jan-2026,134.24,Unrestricted
G203805,CA100515,  Deborah ,Dixon,deborah.dixon822@gmail.com,(825)366-0931x41818,Alumni,1990,Medium,Daniellestad,PW,2025-01-17,245.09,Annual Fund
G203806,CA100802,David,Mitchell,david.mitchell808@gmail.com,698.563.2106x133,Parent,,Low,Michaelton,SD,2025-12-05,74.15,Endowment
G203807,CA101095,Diane,Hughes,diane.hughes722@yahoo.com,001-847-605-5491x2151,Parent,,High,North Ashleemouth,MA,"March 30, 2023",2927.75,Scholarship Fund
G203808,CA100491,Eric,Lopez,eric.lopez71@gmail.com,357.866.6567x49160,Alumni,1974,Medium,East Kathryn,KS,2025-09-18,176.68,Annual Fund
G203809,CA100961,Cynthia,Peters,cynthia.peters858@gmail.com,+1-914-544-8896x69972,Organization,,High,Colemouth,VA,2024-08-20,4682.23,Athletics
G203810,CA101632,Laurie,Shaffer,laurie.shaffer957@hotmail.com,(262)591-7964x416,Parent,,High,Port Ian,OH,2023-09-16,3178.37,Capital Campaign
G203811,CA101557,Jesse,Blair,jesse.blair828@hotmail.com,001-827-464-0547x398,Alumni,2012,Low,North Jon,MI,"March 02, 2024",170.67,Athletics
G203812,CA100588,Philip,Robinson,philip.robinson872@hotmail.com,973-623-5494x012,Parent,,High,East Leslie,CA,2026-06-08,2065.34,Annual Fund
G203813,CA101078,Kathleen,Carlson,kathleen.carlson382@yahoo.com,(496)564-7213x074,Alumni,2023,Medium,Kimberlyshire,DE,2024-05-12,490.51,Unrestricted
G203814,CA101462,William,Price,william.price835@gmail.com,001-690-907-1210x24234,Alumni,1994,High,Lake Tamara,MI,2025-11-19,6508.84,Capital Campaign
G203815,CA100841,Jennifer,Johnson,jennifer.johnson150@hotmail.com,(556)607-6761x645,Alumni,1972,Medium,Rhondaview,NJ,2025-05-29,256.6,Endowment
G203816,CA100114,Justin,Hays,,772.687.4315x27420,Friend,,Low,East Cheryl,SC,2025-11-02,188.84,Capital Campaign
G203817,CA100769,Shaun,Farley,shaun.farley800@yahoo.com,(755)962-8333x393,Friend,,Low,Brooksport,IL,2022-07-01,54.06,Annual Fund
G203818,CA100486,Christine,Brown,christine.brown916@yahoo.com,743.226.3039x7524,Alumni,2015,Medium,Wongport,WV,2023-03-07,348.74,Athletics
G203819,CA100335,Corey,Pena,corey.pena910@yahoo.com,239.838.5258x001,Friend,,Low,New Daltonmouth,MI,2023-08-10,78.87,Unrestricted
G203820,CA101225,Emily,Moran,emily.moran346@yahoo.com,(478)400-2443x236,Faculty/Staff,,Low,South Brendafurt,PA,2025-01-17,126.2,Endowment
G203821,CA100397,Lori,Smith,lori.smith303@hotmail.com,5039486451,Parent,,Low,Smithfurt,PW,"July 17, 2023",71.74,Unrestricted
G203822,CA101476,Jesse,Lutz,jesse.lutz661@hotmail.com,(401)567-6718x776,Alumni,2000,Low,Mcintoshchester,ND,2024-04-27,122.22,Scholarship Fund
G203823,CA100057,Tammy,Phillips,tammy.phillips482@yahoo.com,871-223-6851,Alumni,2008,Low,Amandamouth,MN,2025-10-02,74.29,Athletics
G203824,CA100086,Anthony,Galvan,anthony.galvan447@hotmail.com,+1-252-620-4727x7901,Faculty/Staff,,Medium,Port Edward,VA,04-Mar-2024,1398.28,Athletics
G203825,CA101208,Ann,Taylor,,218-216-1255x90461,Organization,,High,Guzmanbury,AR,2026-03-24,2251.05,Unrestricted
G203826,CA101790,David,Tate,david.tate126@gmail.com,3296138130,Alumni,2000,Medium,Annburgh,RI,2023-05-17,551.01,Unrestricted
G203827,CA100940,Jessica,Obrien,jessica.obrien443@gmail.com,001-963-283-1828x56053,Friend,,Low,Floydshire,ND,2024-05-31,67.11,Endowment
G203828,CA100424,Eric,Clayton,eric.clayton46@hotmail.com,5159619318,Parent,,High,Victoriastad,WI,2025-10-05,4760.81,Unrestricted
G203829,CA101248,Susan,Richard,susan.richard460@hotmail.com,6226154390,Faculty/Staff,,Low,New Jeffreyburgh,MI,2024-06-07,57.18,Endowment
G203830,CA100976,Edward,Clark,edward.clark284@gmail.com,+1-476-472-0191x11661,Organization,,Low,North Christinaton,NV,2023-07-27,61.02,
G203831,CA100143,Daniel,Elliott,daniel.elliott557@hotmail.com,+1-828-907-3741,Alumni,2010,Low,Lake Kevin,KS,2024-03-02,101.94,Capital Campaign
G203832,CA101542,Zachary,Smith,zachary.smith574@yahoo.com,805-366-9375x40242,Alumni,1993,Medium,Deckerside,OR,2025-07-26,221.23,Athletics
G203833,CA100743,James,Davis,james.davis694@hotmail.com,+1-364-725-8562x61499,Alumni,1999,Low,South Margaret,IA,2025-01-24,79.98,
G203834,CA101676,Cristina,Barton,,4515666081,Parent,,Medium,South Alison,LA,01/21/2026,121.33,Athletics
G203835,CA100226,Molly,Greer,mollygreer732@hotmailcom,001-459-389-3347x212,Parent,,Medium,Williamsview,OH,2024-07-23,528.46,Capital Campaign
G203836,CA100146,Vincent,Cooper,vincent.cooper340@gmail.com,914.761.1254x5738,Alumni,2016,Medium,Davismouth,MD,2026-02-10,136.95,Endowment
G203837,CA100101,John,Aguirre,john.aguirre942@yahoo.com,771-702-7677x3592,Alumni,1998,Low,Theresaberg,WV,2022-09-11,144.74,Capital Campaign
G203838,CA100591,Tracy,Bell,tracy.bell469@hotmail.com,,Friend,,Low,Elizabethview,MN,2026-07-04,139.08,Capital Campaign
G203839,CA101500,Thomas,Wang,thomas.wang55@yahoo.com,(572)399-1154x9044,Alumni,2008,Low,Lake Kevin,NE,2022-10-29,105.95,Scholarship Fund
G203840,CA101724,Ashley,Mcclain,ashley.mcclain352@yahoo.com,897.201.5221x33689,Alumni,2020,Medium,New Jamesmouth,NE,2025-11-28,527.68,Endowment
G203841,CA100506,Peter,Jones,peter.jones32@hotmail.com,443-986-1259x0472,Alumni,2012,Low,Carterberg,IL,08/18/2026,102.84,Endowment
G203842,CA100381,Joshua,REEVES,joshua.reeves740@hotmail.com,001-646-457-9678,Faculty/Staff,,Medium,Rodriguezview,NM,2024-09-30,234.14,Capital Campaign
G203843,CA100126,Linda,Melendez,linda.melendez41@hotmail.com,,Parent,,Low,Faulknerside,NC,2024-02-15,76.72,Unrestricted
G203844,CA100476,Debbie,Ellison,debbieellison412@yahoocom,001-446-392-6329x676,Parent,,Principal,Haleton,IA,20-Sep-2022,66350.01,Endowment
G203845,CA101718,Adam,Meyers,adam.meyers116@hotmail.com,+1-469-596-1315x255,Alumni,1983,Medium,East Donna,OH,09/10/2024,1113.85,Athletics
G203846,CA101513,Jessica,Robinson,,001-546-214-4662x763,Faculty/Staff,,Low,Stephanieville,CA,2022-08-10,91.06,Athletics
G203847,CA101347,Kevin,Jones,kevin.jones26@hotmail.com,001-897-840-2338,Alumni,2004,Low,New Kimberlymouth,GU,08/08/2026,75.74,Athletics
G203848,CA100063,Michelle,Anderson,michelle.anderson704@yahoo.com,395.302.4026,Alumni,2003,Low,Weststad,NY,"October 26, 2024",56.49,Athletics
G203849,CA100938,Shannon,Fleming,shannon.fleming868@gmail.com,(378)912-7782x2102,Parent,,Medium,North Courtney,KS,2024-06-12,512.96,Annual Fund
G203850,CA101069,Christopher,Fleming,christopher.fleming661@hotmail.com,001-617-546-9029x8310,Alumni,2015,Low,Carlfurt,MO,2024-10-28,92.37,Capital Campaign
G203851,CA101326,Harold,Turner,harold.turner580@gmail.com,695.747.9406,Alumni,1996,Low,North Erin,MD,2024-10-03,92.7,Athletics
G203852,CA100937,Elizabeth,Phillips,elizabeth.phillips353@yahoo.com,001-202-395-0264,Alumni,2007,Medium,Hillton,IA,2023-10-15,370.7,Annual Fund
G203853,CA100240,Rebecca,Ward,rebecca.ward829@yahoo.com,800.851.8449x892,Parent,,Low,Brianaland,NC,"December 07, 2023",32.59,Athletics
G203854,CA100073,Julie,Thompson,julie.thompson590@yahoo.com,+1-238-985-1606,Alumni,2006,Medium,Port Lawrencechester,OK,2024-04-27,295.16,Athletics
G203855,CA100382,Tyler,Fuller,tyler.fuller932@gmail.com,7104170269,Alumni,1997,Low,Christyville,WV,"June 01, 2026",162.05,Scholarship Fund
G203856,CA100298,Kathy,Smith,kathy.smith111@yahoo.com,(233)831-2797x57366,Faculty/Staff,,Medium,Phillipshire,PA,2024-04-18,685.03,Endowment
G203857,CA101123,Todd,Burton,todd.burton509@yahoo.com,001-912-212-1101,Alumni,2009,Principal,Lake Michael,UT,2025-11-30,39570.16,Unrestricted
G203858,CA100471,Carrie,Franklin,carrie.franklin507@yahoo.com,,Faculty/Staff,,Low,Harrisfurt,CA,2022-07-31,141.53,Unrestricted
G203859,CA100486,Christine,Brown,christine.brown916@yahoo.com,743.226.3039x7524,Alumni,2015,Medium,Wongport,WV,2024-01-02,447.48,Annual Fund
G203860,CA101034,Adam,Acevedo,adam.acevedo343@hotmail.com,(621)375-5851x777,Parent,,High,South Kenneth,PA,2025-10-15,6578.44,Endowment
G203861,CA101057,Charles,Lewis,charles.lewis657@yahoo.com,442-562-4178x42902,Alumni,2018,Low,West Mark,CT,05-Dec-2022,102.03,Unrestricted
G203862,CA100307,Daniel,Blair,daniel.blair486@hotmail.com,917.994.6954x89952,Alumni,,Medium,Mortonbury,VT,2026-06-19,614.42,Annual Fund
G203863,CA101320,Katherine,Carroll,katherine.carroll493@hotmail.com,+1-253-419-2600x986,Alumni,2004,Medium,Baileyfort,LA,2024-12-04,258.9,Capital Campaign
G203864,CA101123,Todd,Burton,todd.burton509@yahoo.com,001-912-212-1101,Alumni,2009,Principal,Lake Michael,UT,2025-02-14,10343.3,Athletics
G203865,CA101009,Daniel,Wells,daniel.wells702@yahoo.com,+1-603-798-8636x53621,Alumni,2014,Medium,Carolfurt,NM,2024-08-28,372.89,Unrestricted
G203866,CA101045,Cheryl,Walker,cheryl.walker456@gmail.com,774-435-7483,Alumni,1996,Medium,Morenofurt,VI,04/26/2025,506.44,Scholarship Fund
G203867,CA101422,Nathan,Armstrong,nathan.armstrong932@hotmail.com,001-408-842-9069x69045,Faculty/Staff,,Low,South Carlton,MS,01/15/2023,133.85,Capital Campaign
G203868,CA100369,Brenda,Snyder,brenda.snyder290@hotmail.com,930.502.4471x462,Alumni,2013,Low,North Kathyfort,CA,2026-06-25,182.5,
G203869,CA100309,Kristy,Parker,kristy.parker152@hotmail.com,+1-250-415-5699,Alumni,1999,Medium,West Martha,TX,2024-09-29,853.39,Endowment
G203870,CA101201,Bethany,Chase,bethany.chase474@gmail.com,,Alumni,2022,Medium,Bradleyberg,GU,2022-08-10,369.16,Annual Fund
G203871,CA101520,James,Davis,james.davis905@hotmail.com,,Alumni,,Low,Zavalastad,MP,2025-03-04,106.77,Capital Campaign
G203872,CA101586,Sarah,Nguyen,sarah.nguyen986@yahoo.com,(905)439-2609x67462,Faculty/Staff,,High,Lake Marvinborough,MO,2023-09-21,3116.82,Unrestricted
G203873,CA100801,Nicole,Hicks,nicole.hicks550@gmail.com,(532)680-9448x5862,Alumni,2009,Medium,Jamesview,MO,"November 23, 2024",334.19,Endowment
G203874,CA101322,Paul,Soto,paul.soto481@hotmail.com,,Alumni,2003,Low,West Olivia,PR,2026-01-02,110.6,Athletics
G203875,CA101559,Kevin,Anderson,kevin.anderson194@gmail.com,894-841-0238x73518,Alumni,2015,Principal,Sarafort,NJ,07/29/2024,36575.18,Athletics
G203876,CA101175,Jamie,Todd,jamie.todd512@gmail.com,213.258.9693x353,Friend,,Low,Amychester,CO,2023-12-18,232.26,Annual Fund
G203877,CA101431,Veronica,Smith,veronicasmith301@gmailcom,,Friend,,High,Port Michael,AZ,2025-12-01,1038.33,Capital Campaign
G203878,CA101561,Donald,Palmer,donald.palmer252@gmail.com,365-981-5398x852,Friend,,High,Matthewton,AS,2024-03-27,3553.86,Unrestricted
G203879,CA100539,Maria,Michael,maria.michael975@gmail.com,714.329.0018,Alumni,2011,Low,East Timothy,OK,2023-01-08,101.86,Athletics
G203880,CA100191,Rodney,Mcneil,rodney.mcneil234@yahoo.com,829.745.1168,Alumni,2014,Low,Apriltown,WY,2026-05-20,82.85,Annual Fund
G203881,CA100694,Miguel,Baxter,miguel.baxter514@gmail.com,935.524.1039x7739,Alumni,1987,Medium,South Vincent,DE,2024-05-11,484.0,Athletics
G203882,CA100270,Peter,Gray,peter.gray973@yahoo.com,863-589-4484,Alumni,1998,Principal,East Derrickville,SC,2025-07-07,150667.32,Unrestricted
G203883,CA101194,Karina,Thomas,karina.thomas775@hotmail.com,+1-709-744-7726x90326,Alumni,2002,High,East Sandrafort,MT,2024-11-26,1187.43,Athletics
G203884,CA100752,Adam,Cruz,adam.cruz56@gmail.com,,Organization,,High,Micheleburgh,ID,2023-12-12,2375.1,Capital Campaign
G203885,CA100279,Cole,Hopkins,cole.hopkins565@gmail.com,(820)931-7310,Alumni,2009,Medium,Brandonbury,PA,2025-01-24,400.4,Endowment
G203886,CA100182,Gregory,Parker,gregory.parker367@hotmail.com,322-909-6902x9593,Alumni,1986,Medium,West Julie,IA,2023-04-20,610.73,Annual Fund
G203887,CA100526,Katrina,Young,katrina.young114@hotmail.com,469-506-7447x16392,Organization,,Low,Katieview,UT,2025-09-24,73.53,Capital Campaign
G203888,CA101631,Charles,CASTILLO,charles.castillo761@gmail.com,+1-958-466-3992x879,Alumni,1973,High,Harrisland,KS,26-Aug-2025,631.93,Capital Campaign
G203889,CA101227,Darrell,Russell,darrell.russell874@yahoo.com,(261)607-0335,Friend,,Low,West Melinda,UT,2026-09-03,54.64,Capital Campaign
G203890,CA101324,Ricky,Cochran,ricky.cochran353@gmail.com,586-707-0472x6602,Alumni,2002,Low,West Williamtown,CA,"May 13, 2026",33.42,Capital Campaign
G203891,CA100697,Latasha,Bowen,latasha.bowen991@yahoo.com,,Organization,,Medium,Douglasberg,PW,2022-09-16,204.98,
G203892,CA101071,Jesus,Long,jesus.long265@gmail.com,698-665-5049,Parent,,Low,Dianamouth,NE,2026-07-16,213.62,Scholarship Fund
G203893,CA101203,Billy,Johnson,billy.johnson830@hotmail.com,001-984-333-6113,Alumni,2010,High,New Nicolemouth,CO,11/25/2023,1847.27,Unrestricted
G203894,CA100393,Lance,Washington,lance.washington706@yahoo.com,,Parent,,Principal,Lucaston,ID,07/25/2023,55311.52,Annual Fund
G203895,CA101108,Whitney,Wolf,whitney.wolf207@yahoo.com,(702)517-0754,Parent,,Low,Crystalchester,MN,2026-01-29,65.63,Athletics
G203896,CA100459,Michael,Jones,michael.jones926@gmail.com,+1-212-547-3950,Alumni,2013,Medium,West Grant,FM,2024-08-12,856.96,Endowment
G203897,CA100126,Linda,Melendez,linda.melendez41@hotmail.com,,Parent,,Low,Faulknerside,NC,2026-08-20,91.69,Athletics
G203898,CA100214,Joseph,Quinn,joseph.quinn892@yahoo.com,421-366-7467x62120,Parent,,Low,Pruittfort,AS,2026-06-25,92.89,Annual Fund
G203899,CA100339,Scott,Green,scott.green541@gmail.com,,Parent,,High,North Ashleyview,WI,2023-05-18,4312.2,Athletics
G203900,CA100160,Kiara,Mullins,kiara.mullins764@gmail.com,+1-921-589-0927x5326,Alumni,1975,Medium,North Donaldville,OR,2023-05-23,165.15,Capital Campaign
G203901,CA101680,Brenda,Martinez,brenda.martinez282@yahoo.com,693-996-0610,Alumni,2004,High,Port Walterville,MP,2022-08-10,3199.28,Capital Campaign
G203902,CA101273,Christopher,Barber,christopher.barber325@gmail.com,999-800-9378x14604,Parent,,Low,West Jeffreyhaven,PW,"March 23, 2023",77.92,Capital Campaign
G203903,CA101180,Robert,Peck,robert.peck366@hotmail.com,744-547-1893,Organization,,Medium,New Robertton,MT,11-Mar-2026,198.24,Athletics
G203904,CA100476,Debbie,Ellison,debbieellison412@yahoocom,001-446-392-6329x676,Parent,,Principal,Haleton,IA,2023-08-11,116331.41,Capital Campaign
G203905,CA101234,Pamela,Phillips,pamela.phillips370@gmail.com,885-472-6029x2546,Friend,,Principal,Lopezhaven,MP,23-Feb-2024,75763.03,Capital Campaign
G203906,CA101456,Clarence,Diaz,clarence.diaz110@yahoo.com,(586)411-9976x75983,Parent,,Low,Joneston,VA,2026-05-08,79.64,Scholarship Fund
G203907,CA100412,James,Griffin,james.griffin710_at_yahoo.com,249.796.1659x2661,Friend,,Low,Rhodesberg,NM,2024-11-17,61.68,Annual Fund
G203908,CA101567,Eric,Butler,eric.butler159@hotmail.com,391-206-1669,Alumni,2015,Low,Port Pamelahaven,SC,2024-01-19,104.81,Annual Fund
G203909,CA101234,Pamela,Phillips,pamela.phillips370@gmail.com,885-472-6029x2546,Friend,,Principal,Lopezhaven,MP,2023-08-13,15494.64,Unrestricted
G203910,CA101006,James,Roberts,jamesroberts974@gmailcom,001-666-217-7182,Parent,,Low,Port Richardside,FL,2024-06-16,189.38,Athletics
G203911,CA100093,Douglas,Lawson,douglas.lawson118@yahoo.com,4219355690,Alumni,2013,Low,Nathanland,OK,2022-10-30,177.53,Annual Fund
G203912,CA100914,Jessica,Anderson,jessica.anderson785@hotmail.com,001-505-604-0433x335,Parent,,Low,Nicoleville,MO,2024-04-18,144.45,Endowment
G203913,CA101741,Kyle,Johnson,kyle.johnson87_at_yahoo.com,+1-372-416-2183x339,Faculty/Staff,,High,Loganberg,DE,"October 31, 2022",13822.07,Capital Campaign
G203914,CA100796,Gregory,Austin,gregory.austin645@gmail.com,+1-445-399-0802x7112,Alumni,2011,Low,Lake Jimmy,WV,2023-01-07,67.06,Endowment
G203915,CA100894,Diane,Dominguez,diane.dominguez539@gmail.com,736.751.1893x9406,Organization,,Low,Hawkinsburgh,AK,15-May-2026,83.33,Endowment
G203916,CA100617,Jodi,Noble,jodi.noble744_at_hotmail.com,524.201.0783x5674,Friend,,Low,North Kimborough,ND,2026-05-25,93.91,Athletics
G203917,CA100123,Emily,Brennan,emily.brennan153@gmail.com,001-706-773-8302x8439,Alumni,2017,High,West Nancy,TN,2024-09-08,4181.0,Capital Campaign
G203918,CA101219,Jessica,Brennan,jessica.brennan520@yahoo.com,2033203197,Organization,,Medium,Port Joshuatown,IL,2022-11-03,354.59,Unrestricted
G203919,CA101046,Joshua,Gardner,joshua.gardner381@gmail.com,001-667-439-8344x8838,Alumni,1991,Low,Laurenfurt,PW,2025-05-31,113.47,Unrestricted
G203920,CA100672,Anthony,Wilson,anthony.wilson760@hotmail.com,+1-327-727-9559x6905,Friend,,High,East Robertmouth,MA,2025-02-19,2139.12,Athletics
G203921,CA100925,Heather,Obrien,heather.obrien487@gmail.com,859.891.4492x07492,Alumni,2006,High,Kaneport,MP,2024-11-03,6105.06,Endowment
G203922,CA100370,Carol,Cox,carol.cox526@yahoo.com,001-664-471-5890,Parent,,Medium,East Luisberg,MI,11-Jul-2024,925.04,Capital Campaign
G203923,CA101380,Sharon,Schmitt,sharon.schmitt841@yahoo.com,+1-548-567-2288x39047,Alumni,1978,Medium,West Saraview,MS,2025-09-15,804.95,Capital Campaign
G203924,CA100485,Elizabeth,Jones,elizabeth.jones467@gmail.com,+1-397-668-3890x309,Friend,,Low,Lake Roy,IA,07/07/2023,79.59,Unrestricted
G203925,CA100526,Katrina,Young,katrina.young114@hotmail.com,469-506-7447x16392,Organization,,Low,Katieview,UT,2025-04-28,173.21,Endowment
G203926,CA101571,Rachel,Shepherd,rachelshepherd366@yahoocom,+1-680-228-6060x48022,Alumni,2017,Low,Loganport,FM,2024-08-27,38.62,Unrestricted
G203927,CA100558,Kayla,Gonzalez,kayla.gonzalez425@yahoo.com,955-297-3714,Alumni,2003,Medium,South Dustin,IL,2026-07-20,857.02,Unrestricted
G203928,CA100723,Benjamin,Carlson,benjamin.carlson371@gmail.com,001-345-496-2622x8225,Alumni,1996,Low,South Jamesfurt,SC,2026-02-18,145.32,Scholarship Fund
G203929,CA101269,Joshua,Patterson,joshua.patterson584@gmail.com,,Alumni,2001,Medium,Murphymouth,CT,07/29/2025,580.99,Athletics
G203930,CA100574,Julie,Simpson,julie.simpson259@hotmail.com,(934)823-4619x9423,Alumni,,Medium,Hendersonview,GU,2026-06-08,282.92,Endowment
G203931,CA101303,Tyler,Arellano,,361.592.0259,Parent,,Low,Leemouth,AZ,13-Aug-2023,112.93,Athletics
G203932,CA100339,Scott,Green,scott.green541@gmail.com,,Parent,,High,North Ashleyview,WI,2024-06-18,908.9,Capital Campaign
G203933,CA101099,Amanda,Alvarez,amanda.alvarez449@hotmail.com,(253)739-4319x16543,Organization,,Low,East David,AZ,2025-02-25,28.95,Scholarship Fund
G203934,CA100404,Mike,Sutton,mike.sutton496@yahoo.com,607-325-6366,Alumni,2007,Medium,New Brianmouth,IA,2026-05-15,484.66,Capital Campaign
G203935,CA101471,Diana,Robinson,diana.robinson35@hotmail.com,001-530-310-0090x899,Friend,,Medium,Meyertown,AS,2026-03-15,251.97,Endowment
G203936,CA101316,Scott,Brown,scott.brown633@yahoo.com,001-819-495-3946x7662,Alumni,1987,Low,West Jacqueline,OK,"June 18, 2023",132.0,Annual Fund
G203937,CA100951,Alyssa,Harrington,alyssa.harrington701@yahoo.com,,Parent,,Low,East Michellehaven,CT,2023-12-10,105.72,Endowment
G203938,CA100867,Jason,Cook,jason.cook948@hotmail.com,001-684-986-8999x3607,Alumni,2007,Medium,West Marvinchester,OR,2026-01-27,374.35,Endowment
G203939,CA100288,Daniel,Gutierrez,daniel.gutierrez216@yahoo.com,(435)959-0425x979,Alumni,1992,Low,Port Jesusstad,FL,2023-07-29,66.19,Scholarship Fund
G203940,CA100053,John,Jenkins,john.jenkins699@hotmail.com,(422)519-6937,Friend,,Low,Littlemouth,KS,2023-09-30,121.71,Scholarship Fund
G203941,CA100585,Gina,Lynn,gina.lynn743@hotmail.com,+1-912-771-1307x2407,Alumni,2005,Medium,Davidside,CO,11/12/2022,338.93,Athletics
G203942,CA100370,Carol,Cox,carol.cox526@yahoo.com,001-664-471-5890,Parent,,Medium,East Luisberg,MI,2024-05-13,1145.13,Annual Fund
G203943,CA100923,Stephanie,Saunders,stephanie.saunders477@yahoo.com,450-568-8269x17768,Alumni,1996,High,Kellyton,DE,2024-11-22,5918.9,Unrestricted
G203944,CA100429,Joshua,Rose,joshua.rose65@gmail.com,001-367-238-9975x634,Faculty/Staff,,Principal,Peterberg,NC,2023-08-07,79627.93,Athletics
G203945,CA100016,Justin,Kim,justin.kim480@hotmail.com,,Faculty/Staff,,Medium,Cherylhaven,AL,23-Jul-2026,170.82,Endowment
G203946,CA100690,Travis,Young,travis.young84@hotmail.com,(669)411-6331,Alumni,2017,Low,Port Kimberly,WA,2024-02-19,75.07,Endowment
G203947,CA101562,Barbara,Torres,barbara.torres141@hotmail.com,928-765-5816,Friend,,Medium,East Amanda,PR,2023-01-12,779.27,
G203948,CA100257,Joseph,Perez,joseph.perez834@gmail.com,+1-752-711-1790x807,Alumni,2020,Low,Villanuevashire,VI,2023-12-27,78.33,Scholarship Fund
G203949,CA101647,Tiffany,Bishop,tiffany.bishop158@hotmail.com,974-922-9835x966,Alumni,,Low,West Johntown,WY,2025-02-19,139.84,Unrestricted
G203950,CA100471,Carrie,Franklin,carrie.franklin507@yahoo.com,,Faculty/Staff,,Low,Harrisfurt,CA,2024-03-07,81.82,Athletics
G203951,CA101039,Jennifer,Cobb,jennifer.cobb83@gmail.com,,Alumni,1984,Medium,North Toddhaven,HI,2023-07-31,1337.87,Endowment
G203952,CA101606,Robin,Graves,robin.graves907@gmail.com,(854)941-1818x513,Alumni,2016,Low,New Tammy,TX,31-Dec-2022,186.86,Scholarship Fund
G203953,CA100435,Keith,Mills,keith.mills144@gmail.com,(645)644-7022x960,Alumni,2002,Low,East Lori,NM,2024-11-29,161.7,Capital Campaign
G203954,CA101179,Aaron,Henry,aaron.henry479@gmail.com,,Alumni,2005,Low,West Douglaschester,IL,03/01/2023,98.05,Annual Fund
G203955,CA101212,Eduardo,Young,eduardo.young53@hotmail.com,(217)868-2251x27267,Alumni,2001,Low,Padillafurt,MI,2025-11-02,101.73,Annual Fund
G203956,CA101599,David,Johnson,david.johnson246@hotmail.com,(910)617-5900x1706,Friend,,Low,South Amyburgh,NC,2025-12-25,172.43,Athletics
G203957,CA100890,Hannah,Spencer,hannah.spencer840_at_hotmail.com,707-332-1464x49369,Alumni,2010,High,Ruizborough,FM,2024-09-03,3962.99,Scholarship Fund
G203958,CA101750,Mary,Conner,mary.conner488@gmail.com,001-991-298-4808,Alumni,1994,Low,South Aaronhaven,WI,2026-06-05,64.07,Annual Fund
G203959,CA100432,Donald,Gray,donaldgray605@hotmailcom,415.889.3571,Alumni,1990,Low,Millerton,NE,2025-04-06,166.29,Scholarship Fund
G203960,CA100245,Candace,Jones,candace.jones837@yahoo.com,,Friend,,Low,Andersontown,ID,12/20/2025,153.88,Endowment
G203961,CA100167,Sarah,Mathews,sarah.mathews145@hotmail.com,001-263-453-6541x951,Alumni,2017,High,Port Zachary,AZ,02/06/2023,5379.29,Unrestricted
G203962,CA101770,Elizabeth,Bush,elizabeth.bush585@yahoo.com,(490)659-4699x84288,Alumni,2004,Low,Stephensonmouth,FL,02/07/2026,49.45,Endowment
G203963,CA101722,Rachel,Thompson,rachel.thompson982@gmail.com,(754)959-2055x967,Alumni,1983,Medium,Greeneland,CT,2022-08-21,231.41,Annual Fund
G203964,CA100861,Madison,Henry,madison.henry860@yahoo.com,001-949-681-9421,Friend,,Low,Lake Kimberly,NY,2026-03-17,125.62,Endowment
G203965,CA100597,Susan,Castro,susan.castro711@gmail.com,001-542-836-9143x075,Alumni,1999,Principal,Rossville,MH,2023-08-05,20585.45,Unrestricted
G203966,CA100006,Katelyn,Callahan,katelyn.callahan592@gmail.com,+1-326-691-6697x8480,Alumni,1999,High,Danielchester,GA,2024-07-31,6110.87,Scholarship Fund
G203967,CA101620,Jeremiah,Baker,jeremiah.baker838@yahoo.com,001-675-974-5104x8480,Alumni,2005,Low,Port Dave,CO,2023-06-19,132.27,Endowment
G203968,CA101519,Tracy,Rodriguez,tracy.rodriguez112@hotmail.com,(556)758-1898x10617,Friend,,Medium,Hensleyville,MT,2025-07-09,1146.91,Athletics
G203969,CA100542,Bradley,Hernandez,bradley.hernandez195@yahoo.com,659.326.2494x51475,Organization,,Low,Port Sarahberg,WI,2024-04-21,76.05,Annual Fund
G203970,CA100430,Victoria,Campbell,victoria.campbell687@gmail.com,384.285.2008x94346,Alumni,2014,Low,Jordanhaven,MI,28-Jan-2026,60.15,Endowment
G203971,CA100164,Cynthia,Davenport,cynthia.davenport932@hotmail.com,+1-214-663-0316x1799,Faculty/Staff,,High,North Alexander,DC,2025-09-03,9305.76,Annual Fund
G203972,CA101186,Carl,Brown,carl.brown609@hotmail.com,994.619.3245x3810,Alumni,2006,Medium,Lake Sandraberg,WV,2025-04-15,194.96,Annual Fund
G203973,CA100737,Robert,Huff,robert.huff987@yahoo.com,801-673-9739,Parent,,Low,Port Margaretfort,OH,2024-08-14,153.19,Endowment
G203974,CA100387,Christopher,Watts,christopher.watts661@yahoo.com,,Alumni,2018,Principal,West Geoffreyside,MD,05/20/2025,43053.62,Unrestricted
G203975,CA101584,Thomas,Fowler,thomas.fowler302@gmail.com,822-284-8349x276,Parent,,Low,Ryanton,CO,2025-03-18,193.89,Scholarship Fund
G203976,CA101114,Joseph,Chaney,joseph.chaney292@yahoo.com,450.623.8502,Alumni,1999,High,Myersburgh,NV,2025-02-20,1046.23,Annual Fund
G203977,CA101130,Bobby,Vargas,bobby.vargas961@yahoo.com,001-896-836-3726x29420,Friend,,Medium,West Elizabethhaven,AK,2024-03-18,668.95,Scholarship Fund
G203978,CA101065,Derek,Dougherty,derek.dougherty655@gmail.com,714-547-4328x116,Alumni,,Medium,Lake Davidtown,DC,2023-12-07,367.01,Endowment
G203979,CA100240,Rebecca,Ward,rebecca.ward829@yahoo.com,800.851.8449x892,Parent,,Low,Brianaland,NC,2022-07-05,109.32,Athletics
G203980,CA101491,Robert,Rogers,robert.rogers578@yahoo.com,350-620-4502,Alumni,1998,Low,West Jeremy,CA,2026-08-26,146.64,Scholarship Fund
G203981,CA100212,Jennifer,Garcia,jennifer.garcia990@yahoo.com,+1-837-344-7012x0455,Parent,,High,Port Katherineton,AL,2023-11-22,2030.97,Capital Campaign
G203982,CA100883,Mallory,CARTER,,(296)394-4391x6497,Organization,,Low,Garzaview,UT,2026-03-20,54.88,Endowment
G203983,CA101110,Derek,Wilson,derek.wilson386@hotmail.com,256.858.9635x957,Alumni,2008,Low,New Chelsealand,KS,05-Dec-2025,85.63,Scholarship Fund
G203984,CA100523,Michael,GARCIA,michael.garcia93_at_yahoo.com,418.682.6170,Alumni,2011,Low,South Randall,ME,2023-11-26,167.49,Annual Fund
G203985,CA101550,Joseph,Mitchell,joseph.mitchell965@gmail.com,885-929-5377x4037,Parent,,Low,Grantport,AK,2023-03-27,34.22,Capital Campaign
G203986,CA101057,Charles,Lewis,charles.lewis657@yahoo.com,442-562-4178x42902,Alumni,2018,Low,West Mark,CT,2025-01-17,40.77,Capital Campaign
G203987,CA100799,William,Roberts,william.roberts708@gmail.com,,Alumni,1976,Low,Pierceton,ID,2025-07-28,353.92,Scholarship Fund
G203988,CA100600,Susan,Fisher,,+1-843-498-5298x940,Alumni,1979,Principal,Santiagomouth,AS,06/24/2023,22135.71,Annual Fund
G203989,CA101234,Pamela,Phillips,pamela.phillips370@gmail.com,885-472-6029x2546,Friend,,Principal,Lopezhaven,MP,2026-04-11,48353.72,Endowment
G203990,CA100701,Melissa,Edwards,melissa.edwards670@yahoo.com,(572)587-2760x1534,Alumni,1998,Low,West Charlotte,VA,08/02/2026,122.97,Scholarship Fund
G203991,CA101112,Sarah,Yang,sarah.yang113@gmail.com,334.274.2463,Friend,,Low,Jessemouth,VT,2025-04-03,68.59,Annual Fund
G203992,CA100956,Heather,Mills,heather.mills294@hotmail.com,7928704523,Alumni,1990,Principal,East Savannah,OH,2024-06-16,30036.24,Unrestricted
G203993,CA101792,William,Jones,william.jones731@gmail.com,856.883.1723,Friend,,Low,Brownport,VT,2024-03-30,52.45,Endowment
G203994,CA101275,Jesus,Tran,jesus.tran630@gmail.com,(941)485-8990x027,Parent,,Medium,North Kimberlyport,MA,2023-04-09,363.72,Scholarship Fund
G203995,CA100541,Jeremy,Cruz,jeremy.cruz622@yahoo.com,+1-743-361-7213x1451,Alumni,2007,Low,Sandraland,MH,06/17/2023,142.07,Annual Fund
G203996,CA100317,Amanda,Beltran,amanda.beltran839@yahoo.com,,Alumni,2008,Low,North Lisa,PW,18-Jun-2023,119.35,Annual Fund
G203997,CA100538,Frank,Thompson,frank.thompson777@yahoo.com,+1-393-812-1637x61820,Alumni,1991,Low,Smithtown,WV,03/31/2025,57.85,Annual Fund
G203998,CA100595,Laura,Knight,,910-672-7284x9824,Friend,,Medium,Port Kennethmouth,AZ,2026-07-17,222.95,Annual Fund
G203999,CA100574,Julie,Simpson,julie.simpson259@hotmail.com,(934)823-4619x9423,Alumni,,Medium,Hendersonview,GU,2023-02-17,639.99,Athletics
G204000,CA100378,Derek,Farmer,derek.farmer237_at_hotmail.com,580-815-7164x7947,Organization,,Medium,Tracichester,ID,2025-04-24,228.12,Endowment
G204001,CA100687,Andrew,Perry,andrew.perry374@gmail.com,647-995-1330x531,Alumni,2001,Medium,Waltersmouth,ND,2025-03-06,626.65,Annual Fund
G204002,CA100108,Thomas,Coffey,thomas.coffey436@hotmail.com,001-430-597-2896,Organization,,Low,New Stacyville,ID,2026-02-22,144.38,Unrestricted
G204003,CA100921,Robert,Davis,robert.davis731@gmail.com,001-842-888-6050x537,Alumni,2011,Low,Burchton,NC,"December 10, 2024",116.63,Athletics
G204004,CA100031,Elizabeth,Yates,elizabeth.yates195@hotmail.com,(272)398-0699,Alumni,1986,Low,Taylormouth,HI,2025-12-17,240.52,Capital Campaign
G204005,CA100825,Alan,Beard,alan.beard228@gmail.com,337-433-7773x12688,Parent,,Medium,Port William,VI,"September 21, 2022",193.82,Annual Fund
G204006,CA100643,James,Harrison,james.harrison464@yahoo.com,(874)323-1830,Faculty/Staff,,Low,Grantborough,VT,2022-11-13,77.39,Capital Campaign
G204007,CA101499,Angela,Bernard,,451.442.0259x36450,Parent,,Principal,North John,DC,2025-09-10,25760.35,Scholarship Fund
G204008,CA100430,Victoria,Campbell,victoria.campbell687@gmail.com,384.285.2008x94346,Alumni,2014,Low,Jordanhaven,MI,2023-09-08,115.31,Annual Fund
G204009,CA101766,Kristin,Mendoza,kristin.mendoza293@gmail.com,(256)811-5686x22307,Alumni,2013,Medium,Christinahaven,AK,03/21/2024,585.57,Capital Campaign
G204010,CA100234,Robert,Brewer,robert.brewer372@hotmail.com,(222)939-4312,Faculty/Staff,,Low,West Emilyview,CT,2023-02-11,168.55,Capital Campaign
G204011,CA100491,Eric,Lopez,eric.lopez71@gmail.com,357.866.6567x49160,Alumni,1974,Medium,East Kathryn,KS,2024-04-20,1081.93,Unrestricted
G204012,CA100617,Jodi,Noble,jodi.noble744_at_hotmail.com,524.201.0783x5674,Friend,,Low,North Kimborough,ND,2024-03-11,52.91,Unrestricted
G204013,CA101456,Clarence,Diaz,clarence.diaz110@yahoo.com,(586)411-9976x75983,Parent,,Low,Joneston,VA,2022-11-19,69.89,Capital Campaign
G204014,CA101770,Elizabeth,Bush,elizabeth.bush585@yahoo.com,(490)659-4699x84288,Alumni,2004,Low,Stephensonmouth,FL,2022-11-16,60.31,Capital Campaign
G204015,CA100571,Michael,Massey,michael.massey29@yahoo.com,870-761-7136,Alumni,1988,Low,Stokesburgh,ME,2023-12-06,88.71,Athletics
G204016,CA101691,Elizabeth,Stone,elizabeth.stone130@hotmail.com,001-265-552-3917,Alumni,2016,Low,West John,AL,2024-02-07,59.45,Capital Campaign
G204017,CA100239,Gabrielle,Todd,gabrielle.todd771@gmail.com,322.699.2750x373,Alumni,1976,Medium,Jimborough,NC,2025-06-12,177.19,Capital Campaign
G204018,CA100605,Lori,Sandoval,lori.sandoval718@gmail.com,383.977.4419x75466,Alumni,2003,Low,Liberg,AK,2024-12-14,151.04,Endowment
G204019,CA100947,Samuel,Crawford,samuel.crawford560@gmail.com,(258)893-7085,Alumni,2004,Low,Lake Colleen,IA,2025-05-23,49.21,Unrestricted
G204020,CA100669,Christopher,Stewart,christopher.stewart198@hotmail.com,5204357134,Friend,,High,Brianport,HI,2024-05-17,4841.07,Endowment
G204021,CA101223,Ronald,Tran,ronald.tran506@hotmail.com,,Alumni,1991,Medium,Port Christinaberg,DC,2025-11-13,320.3,Annual Fund
G204022,CA100113,Debra,Avila,debra.avila300@yahoo.com,440-619-3802x62067,Alumni,2020,High,North Kennethville,MA,09/05/2023,8791.86,Annual Fund
G204023,CA101589,Emily,Gibson,emily.gibson784@yahoo.com,+1-721-826-2643,Alumni,1988,Low,Davidsonview,LA,2023-02-08,46.89,Unrestricted
G204024,CA100917,Angela,Shields,angela.shields145@gmail.com,3234009156,Alumni,2009,Low,East Haleymouth,NJ,2024-05-31,112.22,Endowment
G204025,CA100214,Joseph,Quinn,joseph.quinn892@yahoo.com,421-366-7467x62120,Parent,,Low,Pruittfort,AS,2024-11-29,89.81,Endowment
G204026,CA101555,Amy,Vega,amy.vega797@yahoo.com,837.946.6144x77618,Alumni,2003,High,West Jennifershire,MT,"May 13, 2023",5560.55,Scholarship Fund
G204027,CA100260,Matthew,White,matthew.white408@yahoo.com,465.556.4729,Parent,,Low,Lake Josephbury,OH,01/23/2025,43.24,Athletics
G204028,CA101697,Stephanie,Aguilar,stephanie.aguilar968@gmail.com,(252)390-5092x600,Friend,,Low,Lake Kelliton,CO,2024-10-20,63.27,Scholarship Fund
G204029,CA100112,John,Williams,john.williams233@hotmail.com,230.416.5712,Organization,,Medium,Delgadofort,NJ,"August 04, 2023",225.77,Annual Fund
G204030,CA101491,Robert,Rogers,robert.rogers578@yahoo.com,350-620-4502,Alumni,1998,Low,West Jeremy,CA,2026-01-07,72.45,Endowment
G204031,CA101107,Robert,Smith,robertsmith779@hotmailcom,+1-682-323-0958x62973,Alumni,2011,Medium,East Dale,AL,"September 19, 2023",414.91,Unrestricted
G204032,CA101521,Michael,Meyers,michael.meyers405@hotmail.com,001-561-269-4963x78811,Parent,,Low,Morenoburgh,UT,2024-08-07,134.56,Endowment
G204033,CA101616,Audrey,Ingram,audreyingram383@hotmailcom,(310)721-4012x833,Alumni,1987,Medium,Williamshire,VT,2024-07-12,357.78,Capital Campaign
G204034,CA100968,Becky,Kline,becky.kline443@gmail.com,284-746-1777x32643,Parent,,Medium,Michelleshire,AS,26-Aug-2022,451.74,Capital Campaign
G204035,CA100554,Melissa,Jordan,melissa.jordan776@hotmail.com,001-363-939-9129x71024,Friend,,Low,South Leeport,GA,2023-07-03,109.35,Annual Fund
G204036,CA101617,Timothy,Lane,timothy.lane660_at_gmail.com,997-217-7170x30568,Alumni,1971,Low,Charlesview,PW,2023-12-02,86.16,Unrestricted
G204037,CA101160,Kyle,Davis,kyle.davis269@yahoo.com,644.373.5352x478,Parent,,High,Wilsonshire,ME,2023-06-02,1610.49,Capital Campaign
G204038,CA100802,David,Mitchell,david.mitchell808@gmail.com,698.563.2106x133,Parent,,Low,Michaelton,SD,"September 11, 2023",74.8,Unrestricted
G204039,CA101651,James,Blanchard,james.blanchard530@hotmail.com,001-769-404-5392,Alumni,2015,High,Grantbury,MA,2025-10-01,1080.22,Scholarship Fund
G204040,CA100336,Jeffrey,Campbell,jeffrey.campbell225@gmail.com,3093109391,Alumni,2011,Medium,South Diana,MH,2024-01-04,204.81,Unrestricted
G204041,CA100495,Ryan,Thompson,,001-223-472-8179x323,Alumni,2010,Low,West Tonya,VI,"November 30, 2025",104.64,Athletics
G204042,CA100224,Natalie,Henderson,natalie.henderson931@gmail.com,610.562.0034x24420,Parent,,Principal,West Lisaville,RI,"April 26, 2024",30150.21,Scholarship Fund
G204043,CA101348,Theodore,Williams,theodore.williams526@gmail.com,803.263.0944x238,Alumni,2018,Low,North Laura,MA,2024-03-01,103.76,Annual Fund
G204044,CA101524,Robert,Ponce,robert.ponce399@gmail.com,+1-399-981-2743x92255,Friend,,High,Chadburgh,MD,2022-11-27,4675.18,Unrestricted
G204045,CA101328,Jason,Rivera,jason.rivera655@gmail.com,+1-833-259-7487,Friend,,Medium,Gloriaton,WI,2025-10-15,514.15,Athletics
G204046,CA100067,David,Brown,david.brown179@hotmail.com,,Parent,,Medium,Elizabethchester,MI,2022-09-06,147.09,Scholarship Fund
G204047,CA101703,Alexis,Sanchez,alexis.sanchez342_at_gmail.com,001-819-932-5282,Parent,,High,East Oscarbury,NH,2024-09-21,1318.81,Unrestricted
G204048,CA101786,Lynn,COX,lynn.cox60@gmail.com,(812)544-0293,Organization,,High,Dawntown,OK,06-Oct-2024,900.38,Capital Campaign
G204049,CA100381,Joshua,REEVES,joshua.reeves740@hotmail.com,001-646-457-9678,Faculty/Staff,,Medium,Rodriguezview,NM,2023-02-22,570.49,Capital Campaign
G204050,CA100711,Jason,Shaw,jason.shaw851@yahoo.com,813-925-7970,Organization,,Low,West Valerie,OR,04-Oct-2025,100.12,Unrestricted
G204051,CA100298,Kathy,Smith,kathy.smith111@yahoo.com,(233)831-2797x57366,Faculty/Staff,,Medium,Phillipshire,PA,2022-11-22,229.23,Athletics
G204052,CA100799,William,Roberts,william.roberts708@gmail.com,,Alumni,1976,Low,Pierceton,ID,2023-05-28,49.59,Athletics
G204053,CA101721,Tonya,Hill,tonya.hill387@hotmail.com,9303458809,Alumni,2018,Low,Jonesport,GU,2023-10-26,99.3,Annual Fund
G204054,CA100481,  Nicholas ,Allen,nicholas.allen725@gmail.com,4604053131,Parent,,Medium,South Williammouth,MD,2025-02-21,425.44,Capital Campaign
G204055,CA101706,Mary,Stewart,mary.stewart225@yahoo.com,+1-306-427-8790x259,Parent,,Low,Lake Jessicafurt,IA,2025-06-04,103.66,Endowment
G204056,CA100045,  Denise ,Moon,denise.moon827@gmail.com,001-367-417-5655,Alumni,1995,Medium,Robertfort,LA,2022-10-13,391.32,Scholarship Fund
G204057,CA100746,Sara,Young,sara.young588@hotmail.com,(712)353-8921x878,Organization,,Low,Lake Michael,UT,2022-07-12,59.18,Unrestricted
G204058,CA100926,Angela,Jacobs,angela.jacobs357@hotmail.com,001-771-384-2859x6932,Friend,,Medium,Andrewhaven,FM,09/16/2023,615.52,Athletics
G204059,CA101695,  Cathy ,Wilson,cathy.wilson507_at_hotmail.com,562-750-6989,Alumni,1996,Principal,Phillipfurt,IL,2026-05-04,45432.02,Endowment
G204060,CA101790,David,Tate,david.tate126@gmail.com,3296138130,Alumni,2000,Medium,Annburgh,RI,2024-10-31,445.04,Scholarship Fund
G204061,CA101558,Carlos,Liu,carlos.liu445@hotmail.com,(960)747-4733x8914,Organization,,High,West Spencer,VI,2025-05-12,1802.15,Athletics
G204062,CA101634,Raymond,Moreno,raymond.moreno655@hotmail.com,(210)346-6275,Friend,,Low,Georgeshire,NV,2024-10-30,100.19,Endowment
G204063,CA101036,Jessica,Adams,jessica.adams516@gmail.com,485-245-7056,Alumni,2010,High,East Megan,MN,2025-12-31,3459.82,Capital Campaign
G204064,CA100550,Isaiah,Reese,isaiah.reese995@hotmail.com,+1-617-375-6620x563,Faculty/Staff,,Low,North Michaelmouth,AK,2025-03-18,128.4,Athletics
G204065,CA101632,Laurie,Shaffer,laurie.shaffer957@hotmail.com,(262)591-7964x416,Parent,,High,Port Ian,OH,2023-07-03,675.77,Scholarship Fund
G204066,CA100713,Kathryn,GREEN,kathryn.green236@hotmail.com,702-715-5732x5737,Faculty/Staff,,Low,Lake Teresa,KS,2024-09-11,64.69,Unrestricted
G204067,CA101160,Kyle,Davis,kyle.davis269@yahoo.com,644.373.5352x478,Parent,,High,Wilsonshire,ME,2022-12-22,7566.07,Capital Campaign
G204068,CA101598,Brittany,Le,brittany.le112@hotmail.com,541.985.5950,Faculty/Staff,,Low,Nathanfurt,AZ,2023-06-21,136.68,Athletics
G204069,CA101799,Adam,Lane,adam.lane394@gmail.com,,Friend,,Low,New Melissa,MD,2026-07-17,59.04,Endowment
G204070,CA100662,Elizabeth,Murphy,elizabeth.murphy725@hotmail.com,,Alumni,2002,Low,East Annfurt,WI,2026-09-01,204.89,Capital Campaign
G204071,CA101048,Jamie,White,jamie.white187@gmail.com,+1-508-355-1074x091,Organization,,Medium,North Stevenhaven,MS,2026-06-23,104.67,Athletics
G204072,CA100747,Deanna,Spencer,deanna.spencer754@gmail.com,249.907.9779x612,Alumni,2004,Low,West Thomasberg,CA,2025-05-07,174.35,Annual Fund
G204073,CA101510,Ann,Savage,annsavage180@gmailcom,+1-389-651-2370x8511,Alumni,1992,Medium,Michaelstad,MT,2025-12-21,1193.65,Unrestricted
G204074,CA100776,Ashley,Blackwell,ashley.blackwell456@gmail.com,(312)729-4621x354,Parent,,Low,Smithshire,MT,2022-11-03,186.29,Scholarship Fund
G204075,CA101452,Anna,Wood,annawood298@yahoocom,790-213-2495x193,Parent,,Medium,North Danielmouth,LA,02/13/2024,587.03,
G204076,CA101392,Phillip,Cortez,phillip.cortez550@hotmail.com,753.589.6298,Parent,,Low,West James,PW,2024-11-03,69.98,Scholarship Fund
G204077,CA101564,Mitchell,Ford,mitchell.ford136@gmail.com,001-609-812-1852x73411,Faculty/Staff,,Low,East Johnmouth,FM,2026-04-23,63.23,Endowment
G204078,CA101209,Joseph,Ortiz,joseph.ortiz863@gmail.com,328-438-2710,Organization,,Medium,East Ashley,SC,2026-03-30,623.16,Endowment
G204079,CA100527,John,Hoover,john.hoover965@gmail.com,618.592.3923x1260,Parent,,Low,South Andres,ID,2022-09-03,85.3,Unrestricted
G204080,CA101492,Donald,Marshall,donald.marshall445@yahoo.com,001-233-679-5311x12359,Alumni,2016,High,South Michael,FM,2023-10-25,3205.24,Annual Fund
G204081,CA101507,Gerald,Williams,gerald.williams732@yahoo.com,433-446-0184,Alumni,1982,Low,North Jimmyside,GA,2026-04-07,45.04,Scholarship Fund
G204082,CA100159,  Sean ,Smith,sean.smith675@yahoo.com,362-771-3611,Alumni,2011,Medium,Nicoleberg,MS,2024-06-13,70.23,Endowment
G204083,CA100533,Laura,Benson,laura.benson960@hotmail.com,(678)581-2786x8669,Friend,,Low,North Ernest,IL,"January 18, 2026",133.93,Scholarship Fund
G204084,CA101640,Megan,Pham,megan.pham697@hotmail.com,414.692.0757x414,Friend,,Medium,Serranoshire,MT,11-Apr-2026,325.13,Capital Campaign
G204085,CA101320,Katherine,Carroll,katherine.carroll493@hotmail.com,+1-253-419-2600x986,Alumni,2004,Medium,Baileyfort,LA,2025-08-02,569.58,Scholarship Fund
G204086,CA100709,Caitlin,Butler,caitlin.butler614@hotmail.com,634-874-5245x557,Parent,,Low,Farmertown,WV,2026-05-07,81.2,Unrestricted
G204087,CA100174,Lori,Thompson,lori.thompson745@yahoo.com,488.531.7121x003,Friend,,Medium,Watsonland,OR,2025-11-04,368.37,Annual Fund
G204088,CA101494,Katherine,Davila,katherine.davila280@hotmail.com,,Alumni,2009,Medium,New Jesseville,CO,2025-05-25,367.42,Annual Fund
G204089,CA101417,Lucas,Chan,lucas.chan667@yahoo.com,(728)992-0641,Alumni,1996,Medium,New Katherinehaven,IA,11/26/2024,284.08,Athletics
G204090,CA101396,Timothy,SPENCER,timothy.spencer239@hotmail.com,,Organization,,Medium,New Paulafurt,VA,2023-12-14,353.84,Capital Campaign
G204091,CA100767,Deanna,Campbell,deannacampbell929@hotmailcom,(573)479-4577x2785,Alumni,2000,High,Danaburgh,MS,2025-10-31,1456.69,Annual Fund
G204092,CA101576,Wanda,Matthews,wanda.matthews490@yahoo.com,001-238-729-4419x1479,Alumni,2006,Medium,West Scott,OH,2023-06-13,665.92,Annual Fund
G204093,CA101320,Katherine,Carroll,katherine.carroll493@hotmail.com,+1-253-419-2600x986,Alumni,2004,Medium,Baileyfort,LA,2026-01-16,321.31,Endowment
G204094,CA101413,Michael,Green,michael.green513@gmail.com,600.214.4130x6862,Alumni,,Medium,Stricklandville,FM,01/13/2025,501.2,Athletics
G204095,CA101716,Kristen,Salazar,kristen.salazar753@hotmail.com,340.833.0454x4106,Alumni,1994,Medium,Bakermouth,AL,2024-01-08,640.64,Unrestricted
G204096,CA100775,Melanie,Wright,melanie.wright885@gmail.com,+1-927-410-2676x72095,Alumni,2009,Low,Shannonfort,TN,2025-10-19,87.56,Unrestricted
G204097,CA100728,Timothy,Mathews,timothy.mathews821@gmail.com,+1-796-773-7948x7148,Faculty/Staff,,Low,West Matthew,VI,2026-08-06,106.11,Unrestricted
G204098,CA101038,Michelle,Braun,michelle.braun690@hotmail.com,,Alumni,2006,Low,New Cheryl,FM,2023-09-04,117.86,Unrestricted
G204099,CA100442,Lucas,Tran,lucas.tran670@gmail.com,806.930.4891x3824,Alumni,2007,Medium,Port Cynthiaborough,WY,2026-04-05,250.29,Unrestricted
G204100,CA101587,Sara,Phelps,sara.phelps109@yahoo.com,+1-791-219-2856x728,Alumni,2007,High,North Natasha,MI,2024-09-10,2824.2,Endowment
G204101,CA101459,Erin,Ryan,erin.ryan490@yahoo.com,(968)479-3030x28532,Alumni,1969,Low,Molinachester,OR,2024-10-07,42.0,Capital Campaign
G204102,CA100237,Amanda,Baker,amanda.baker158@hotmail.com,510-280-9969,Alumni,1999,Low,Amyside,NJ,2026-01-25,182.88,Athletics
G204103,CA100551,John,Martin,john.martin536@gmail.com,539-604-3830,Faculty/Staff,,Medium,New Annetteshire,WY,2025-04-25,337.39,Scholarship Fund
G204104,CA100482,Anna,Lopez,anna.lopez530@gmail.com,+1-466-213-3155,Friend,,Low,Valdeztown,MS,2024-05-14,101.24,Endowment
G204105,CA100418,Christopher,Carrillo,christopher.carrillo410@gmail.com,560.612.2777x0793,Alumni,1973,Low,Williamstown,CT,23-Sep-2023,189.58,Unrestricted
G204106,CA100145,Deborah,Williams,deborah.williams680@hotmail.com,+1-565-961-0143x88899,Alumni,1990,Medium,Petershire,UT,2022-09-06,325.55,Capital Campaign
G204107,CA100292,Sara,Smith,sara.smith409@gmail.com,245.676.2055x54384,Alumni,1972,High,Zamoratown,OH,2022-09-06,10498.6,Athletics
G204108,CA100993,Javier,Mitchell,javier.mitchell217@gmail.com,679.343.3256x2389,Parent,,High,Romanland,VT,2022-08-10,4051.31,Athletics
G204109,CA101666,Abigail,George,abigail.george780@hotmail.com,001-851-945-4983,Alumni,2003,Principal,West Paulview,OK,2026-03-11,62038.74,Unrestricted
G204110,CA100157,Becky,Knight,becky.knight655@yahoo.com,600-417-0127x70632,Parent,,High,Clarencestad,KS,2025-12-24,1140.92,Annual Fund
G204111,CA100467,Hayden,Hall,hayden.hall604@hotmail.com,551-348-8814,Alumni,2017,High,North Michaelside,ID,2026-07-27,772.75,Annual Fund
G204112,CA100102,Mitchell,Hoffman,mitchell.hoffman851@yahoo.com,671.847.3210,Alumni,2012,Low,Wrightburgh,GU,2025-10-16,92.41,Athletics
G204113,CA101266,Benjamin,Ross,benjamin.ross348@yahoo.com,760-276-2643,Alumni,2008,High,New Markmouth,HI,2023-01-08,3776.92,Athletics
G204114,CA100912,Emma,Morgan,emma.morgan38@hotmail.com,,Alumni,1971,Medium,West James,VI,2024-07-28,185.23,Scholarship Fund
G204115,CA101265,James,Harvey,james.harvey888@gmail.com,(247)811-9360,Friend,,High,New Douglasfort,TN,"February 20, 2024",6382.07,Unrestricted
G204116,CA100782,Jasmin,Harrison,jasmin.harrison10@hotmail.com,+1-590-372-8012x34289,Parent,,Low,East Jacobmouth,WV,2026-01-20,67.26,Athletics
G204117,CA100701,Melissa,Edwards,melissa.edwards670@yahoo.com,(572)587-2760x1534,Alumni,1998,Low,West Charlotte,VA,10/17/2022,63.17,Athletics
G204118,CA100864,David,Newman,david.newman627@hotmail.com,+1-594-737-0526,Alumni,2015,Low,North Anthonyview,MS,2023-12-04,137.72,Endowment
G204119,CA100412,James,Griffin,james.griffin710_at_yahoo.com,249.796.1659x2661,Friend,,Low,Rhodesberg,NM,2024-02-16,57.46,Annual Fund
G204120,CA101514,Linda,Butler,linda.butler528@gmail.com,+1-542-815-2483x19686,Alumni,1981,Low,Timothyview,MS,2026-06-21,36.54,Endowment
G204121,CA100227,Joseph,Martin,joseph.martin625@yahoo.com,6579202590,Alumni,1972,Principal,Charlesmouth,NC,2023-01-21,51761.9,Unrestricted
G204122,CA101373,Brittany,Roth,brittany.roth551@gmail.com,001-577-240-2928x643,Alumni,2015,Low,South Suzanne,SC,2023-06-03,43.3,Annual Fund
G204123,CA101300,Thomas,Diaz,thomas.diaz180_at_hotmail.com,7799661869,Parent,,Medium,Port Kathy,PW,2022-08-25,489.07,Annual Fund
G204124,CA101109,Matthew,Mcbride,matthew.mcbride19@gmail.com,001-520-230-0449x64612,Alumni,1990,Low,East Phyllisstad,CT,23-Apr-2026,139.04,Annual Fund
G204125,CA101624,Arthur,Saunders,arthur.saunders809@yahoo.com,877.595.7039x962,Parent,,Low,Mcdonaldburgh,FM,2024-07-02,65.66,Athletics
G204126,CA101240,Rodney,Brown,rodney.brown895@yahoo.com,,Alumni,1984,Medium,New Nicole,MN,2025-01-10,491.47,Unrestricted
G204127,CA101158,Joseph,Day,joseph.day403@hotmail.com,495.685.5852,Alumni,2018,Medium,Lake Meagan,DC,2026-03-20,516.74,Unrestricted
G204128,CA100294,Amber,Mcbride,amber.mcbride924@gmail.com,782-462-9251x8812,Alumni,2007,Low,Port Lucaschester,MT,2022-07-21,122.02,Unrestricted
G204129,CA101274,Alexandra,Hill,alexandrahill787@yahoocom,8669187564,Alumni,2011,Low,Lake Natalie,WV,2024-08-09,171.42,Unrestricted
G204130,CA101309,Andrew,Clark,,(220)438-5886x4078,Friend,,Low,Morrismouth,CO,2023-10-07,50.88,Unrestricted
G204131,CA100655,Michele,Haney,michele.haney566_at_gmail.com,461-562-0281,Faculty/Staff,,Low,Kaneville,AZ,2026-05-18,52.91,Capital Campaign
G204132,CA101442,Carol,Sims,carol.sims488@yahoo.com,(793)327-8417x8376,Alumni,1980,Low,Paulahaven,DC,09-Jul-2023,75.15,Annual Fund
G204133,CA101299,Matthew,Hall,matthew.hall566@hotmail.com,266.791.9489x6298,Alumni,2001,Principal,Fergusontown,CO,2024-03-26,51608.72,
G204134,CA100750,Mary,Johnson,mary.johnson381@yahoo.com,001-415-311-6966x6725,Faculty/Staff,,Medium,Michaelchester,FM,2023-07-22,1576.46,Scholarship Fund
G204135,CA100934,Nicole,BARBER,nicole.barber595@yahoo.com,+1-329-625-0817x76029,Faculty/Staff,,High,South Sharonside,KS,2023-11-27,1750.9,Endowment
G204136,CA100493,Mckenzie,Smith,mckenzie.smith476@gmail.com,+1-866-691-8362x6448,Alumni,2011,Medium,Goodwinland,CT,"June 26, 2023",436.33,Athletics
G204137,CA101310,Tara,Reyes,tara.reyes254@hotmail.com,,Parent,,Low,Fletcherborough,VI,2023-05-04,87.97,Unrestricted
G204138,CA101674,Mark,Powell,,(823)902-3405,Alumni,1978,High,Castanedaville,HI,2023-02-20,5395.16,Scholarship Fund
G204139,CA101011,Kristina,Baker,kristina.baker343@gmail.com,556-557-7580x9745,Parent,,Medium,South Davidstad,KS,2026-03-03,646.29,Scholarship Fund
G204140,CA100324,Brandi,Carr,brandi.carr238@hotmail.com,(524)805-8008x5140,Alumni,1992,High,Garrettfurt,MO,25-Jun-2025,2121.13,Scholarship Fund
G204141,CA100585,Gina,Lynn,gina.lynn743@hotmail.com,+1-912-771-1307x2407,Alumni,2005,Medium,Davidside,CO,03/12/2024,367.32,Endowment
G204142,CA101275,Jesus,Tran,jesus.tran630@gmail.com,(941)485-8990x027,Parent,,Medium,North Kimberlyport,MA,2023-06-16,851.03,Endowment
G204143,CA101194,Karina,Thomas,karina.thomas775@hotmail.com,+1-709-744-7726x90326,Alumni,2002,High,East Sandrafort,MT,12/01/2022,8940.05,Capital Campaign
G204144,CA100899,Amanda,Ho,amanda.ho70@hotmail.com,,Alumni,1996,Medium,Port Heatherton,IN,2025-08-11,367.71,Scholarship Fund
G204145,CA100598,Jose,Turner,jose.turner47@yahoo.com,(896)559-2342,Alumni,2011,Medium,Kevinport,OK,2024-03-30,619.91,Capital Campaign
G204146,CA101359,Brandy,Flores,brandy.flores819@hotmail.com,8895458962,Alumni,1971,Low,Andreamouth,MT,2024-04-19,66.61,Capital Campaign
G204147,CA100107,Francisco,Ewing,francisco.ewing250@hotmail.com,395-888-8794x7055,Alumni,2011,Low,Lauratown,PA,2024-10-24,72.11,Athletics
G204148,CA100641,Daniel,Mccarthy,daniel.mccarthy397@gmail.com,767.441.2415x131,Parent,,High,Joshuahaven,TX,"October 23, 2024",8987.32,Annual Fund
G204149,CA100537,Lindsey,Mullins,lindsey.mullins505@gmail.com,536.952.7172x722,Alumni,1976,Low,Lake Julian,ME,2022-10-03,68.8,Unrestricted
G204150,CA101410,Martin,Jenkins,martin.jenkins438@hotmail.com,(326)216-8455x25274,Parent,,Low,Lake Michael,NM,2026-01-07,52.07,Unrestricted
G204151,CA100375,Brian,Wilson,brian.wilson751@yahoo.com,5144011939,Alumni,1994,Principal,Anthonyberg,PR,2024-11-02,36549.45,Capital Campaign
G204152,CA101289,Alex,Francis,alex.francis771@hotmail.com,+1-724-525-3690x91237,Parent,,Low,East Andreaview,OK,2023-07-05,101.78,Annual Fund
G204153,CA100459,Michael,Jones,michael.jones926@gmail.com,+1-212-547-3950,Alumni,2013,Medium,West Grant,FM,2026-07-17,435.36,Endowment
G204154,CA101799,Adam,Lane,adam.lane394@gmail.com,,Friend,,Low,New Melissa,MD,2024-02-22,77.11,Athletics
G204155,CA100187,Ashley,Larsen,ashley.larsen503@gmail.com,3502614973,Parent,,Low,East Danielle,CO,2024-05-04,75.51,Unrestricted
G204156,CA101118,Darlene,Clark,darlene.clark705_at_gmail.com,,Friend,,Medium,East Jessica,OH,2026-01-05,403.7,Endowment
G204157,CA100887,Brian,Ellis,brian.ellis306@yahoo.com,261.942.4426,Alumni,1997,Low,New Shawnport,SD,2026-02-11,99.46,Endowment
G204158,CA101465,James,Neal,james.neal595@gmail.com,791-643-9070,Alumni,2016,Low,Powerschester,AR,07/15/2022,83.85,Annual Fund
G204159,CA101366,Elijah,Perez,elijah.perez443@hotmail.com,903-968-7156x89109,Alumni,2016,Low,Medinaberg,IN,2022-11-07,60.35,Athletics
G204160,CA100429,Joshua,Rose,joshua.rose65@gmail.com,001-367-238-9975x634,Faculty/Staff,,Principal,Peterberg,NC,10-Jul-2026,32612.51,Annual Fund
G204161,CA101377,Thomas,Chavez,thomas.chavez655@gmail.com,324-946-1440x92335,Friend,,Low,Melissastad,NE,2026-03-02,162.75,Endowment
G204162,CA101734,Tony,Carter,tony.carter331@hotmail.com,309-935-5557x02006,Parent,,Low,Charleschester,ME,2025-05-30,142.42,Endowment
G204163,CA101506,Deborah,Williams,deborah.williams694@gmail.com,+1-334-267-5418x236,Alumni,2005,High,East Mariaberg,NV,2023-05-30,2208.74,Unrestricted
G204164,CA101794,John,Harris,john.harris56@gmail.com,3346495607,Faculty/Staff,,Low,Carrillostad,AR,2024-10-11,92.37,Unrestricted
G204165,CA100907,Jessica,Tran,jessica.tran770@gmail.com,+1-270-463-3699x8795,Alumni,2000,Low,North Bruce,AS,2024-03-28,59.35,Annual Fund
G204166,CA100937,Elizabeth,Phillips,elizabeth.phillips353@yahoo.com,001-202-395-0264,Alumni,2007,Medium,Hillton,IA,2022-07-05,316.43,Capital Campaign
G204167,CA100776,Ashley,Blackwell,ashley.blackwell456@gmail.com,(312)729-4621x354,Parent,,Low,Smithshire,MT,"October 01, 2024",103.45,Endowment
G204168,CA100747,Deanna,Spencer,deanna.spencer754@gmail.com,249.907.9779x612,Alumni,2004,Low,West Thomasberg,CA,2025-08-13,124.91,Unrestricted
G204169,CA100737,Robert,Huff,robert.huff987@yahoo.com,801-673-9739,Parent,,Low,Port Margaretfort,OH,2025-03-19,101.37,Annual Fund
G204170,CA101733,Sarah,Vega,sarah.vega943@yahoo.com,232-573-5514x97249,Alumni,1983,Low,East John,NJ,2026-03-06,62.42,Athletics
G204171,CA100515,  Deborah ,Dixon,deborah.dixon822@gmail.com,(825)366-0931x41818,Alumni,1990,Medium,Daniellestad,PW,07-Jun-2025,482.31,Capital Campaign
G204172,CA100347,Eric,Hobbs,eric.hobbs987@gmail.com,5024194672,Friend,,Medium,Alexandrachester,IA,"April 08, 2023",565.26,Unrestricted
G204173,CA101200,Andrew,Dunn,andrew.dunn583@yahoo.com,246.373.9190,Organization,,Low,West Davidtown,AK,2025-02-16,120.32,Athletics
G204174,CA101151,Michael,Joyce,michael.joyce843@gmail.com,7278500030,Friend,,Low,Garciastad,SD,2023-08-23,62.71,Unrestricted
G204175,CA100550,Isaiah,Reese,isaiah.reese995@hotmail.com,+1-617-375-6620x563,Faculty/Staff,,Low,North Michaelmouth,AK,2026-08-15,98.15,Endowment
G204176,CA100231,Gina,Johnson,gina.johnson679@hotmail.com,901-810-2481x93466,Friend,,Low,Stewartfurt,TX,2026-05-11,95.35,Endowment
G204177,CA100478,Jared,Williams,jared.williams782@gmail.com,676-356-3600,Alumni,2010,High,West Ellen,NH,2023-05-24,7426.57,Annual Fund
G204178,CA100166,Victor,Bradley,victor.bradley967@yahoo.com,(241)591-3800,Friend,,Principal,South Michaelberg,HI,2023-01-18,49941.41,Unrestricted
G204179,CA100491,Eric,Lopez,eric.lopez71@gmail.com,357.866.6567x49160,Alumni,1974,Medium,East Kathryn,KS,"December 14, 2025",236.49,Unrestricted
G204180,CA100352,Paul,Taylor,paul.taylor355@hotmail.com,654.435.2090,Organization,,Low,Port Stevenchester,GA,2024-03-17,90.69,Athletics
G204181,CA101764,Joe,Smith,joe.smith75@hotmail.com,,Parent,,Low,Lake Shari,UT,2025-08-24,60.71,Athletics
G204182,CA101644,Robert,Williams,robert.williams360@gmail.com,001-409-640-9165x7376,Alumni,1987,Medium,South Patrick,WI,03/31/2026,1541.5,Unrestricted
G204183,CA101601,Natasha,Pope,natasha.pope247@hotmail.com,596.507.0722x88341,Parent,,Medium,Loriborough,RI,2023-03-30,640.66,Annual Fund
G204184,CA101104,Emily,Simmons,emily.simmons497@gmail.com,859-748-9895,Organization,,High,Robertchester,IA,2023-10-01,8451.81,Annual Fund
G204185,CA100564,Ross,Thompson,ross.thompson454@hotmail.com,(386)364-6491,Alumni,2016,Medium,Lake Allenchester,CT,2023-06-15,1538.68,Endowment
G204186,CA100503,Barbara,Smith,barbara.smith463@gmail.com,001-583-366-5528,Faculty/Staff,,Medium,Smithmouth,MD,2025-04-21,997.67,Scholarship Fund
G204187,CA100685,Benjamin,Lynch,benjamin.lynch499@hotmail.com,+1-816-381-5466x0241,Alumni,2018,High,New Jose,ME,03/23/2025,9021.11,Unrestricted
G204188,CA100359,Alisha,Martinez,alisha.martinez696@hotmail.com,+1-384-379-5137,Alumni,1994,Low,Hurstport,CA,01/19/2026,50.18,Scholarship Fund
G204189,CA100216,Alexandra,Haynes,alexandra.haynes661@gmail.com,(437)356-2890x02877,Parent,,Medium,Floresmouth,KY,2026-03-06,635.69,Athletics
G204190,CA101367,Danielle,TURNER,danielle.turner734@hotmail.com,856-884-4679x403,Alumni,2011,Low,Lisaland,NE,2023-03-19,140.5,Endowment
G204191,CA100089,Jon,Smith,jon.smith336@gmail.com,(931)495-2058x527,Alumni,2015,Principal,North Jennifer,NH,2023-12-07,44484.01,Capital Campaign
G204192,CA101680,Brenda,Martinez,brenda.martinez282@yahoo.com,693-996-0610,Alumni,2004,High,Port Walterville,MP,2025-08-27,3290.19,Unrestricted
G204193,CA101215,Brian,Barber,brian.barber889@hotmail.com,001-668-421-2156x49525,Alumni,1980,Low,South Donnaview,AS,2025-10-08,67.58,Unrestricted
G204194,CA100954,Kyle,Nguyen,kyle.nguyen297@yahoo.com,555-831-3259,Friend,,Medium,Lunahaven,CT,2024-02-12,1133.88,Athletics
G204195,CA100917,Angela,Shields,angela.shields145@gmail.com,3234009156,Alumni,2009,Low,East Haleymouth,NJ,2026-09-21,147.09,Capital Campaign
G204196,CA100616,Anthony,Morgan,anthony.morgan820@yahoo.com,950.323.8503,Faculty/Staff,,High,West Tinachester,PA,2025-03-20,1807.36,Annual Fund
G204197,CA100327,Adrian,Jimenez,adrian.jimenez10@hotmail.com,984.768.9500,Friend,,Medium,New Timothyland,FL,2025-05-12,213.87,Capital Campaign
G204198,CA100035,Robert,Henry,robert.henry272@yahoo.com,(672)762-8498x776,Parent,,Low,Port Sarah,KY,2023-11-25,210.0,Annual Fund
G204199,CA100317,Amanda,Beltran,amanda.beltran839@yahoo.com,,Alumni,2008,Low,North Lisa,PW,2023-12-16,141.88,Unrestricted
G204200,CA100271,Stanley,Chavez,stanley.chavez588@hotmail.com,+1-673-450-2080x214,Alumni,2009,Medium,Acostabury,CO,2023-06-02,298.37,Annual Fund
G204201,CA101387,Nicholas,Pena,nicholas.pena46@gmail.com,+1-590-411-3484x33913,Alumni,1997,Medium,Hunterfurt,DE,2025-02-27,118.23,Scholarship Fund
G204202,CA100299,Amanda,Davidson,amanda.davidson584@hotmail.com,8812770388,Alumni,2009,High,Blackton,ID,2025-03-16,1366.13,Capital Campaign
G204203,CA101752,Holly,Wong,holly.wong578@yahoo.com,(710)251-1090x07017,Alumni,2021,Medium,North Nathan,FL,2025-11-19,370.04,Endowment
G204204,CA100933,Crystal,Gonzalez,crystal.gonzalez507@hotmail.com,662.805.3440x777,Organization,,Low,North Jennifer,NV,2026-02-01,123.54,Athletics
G204205,CA101608,Sophia,Green,sophia.green350@hotmail.com,933.454.0112,Alumni,1998,Low,South Alexander,AL,2024-07-26,36.88,Endowment
G204206,CA101567,Eric,Butler,eric.butler159@hotmail.com,391-206-1669,Alumni,2015,Low,Port Pamelahaven,SC,24-Jun-2026,91.98,Unrestricted
G204207,CA101232,  Brandon ,Powers,brandon.powers426@hotmail.com,923.960.2446x546,Alumni,1987,Principal,North Michael,NV,2026-06-25,44434.29,Athletics
G204208,CA100843,Kelly,Garrison,kelly.garrison890@yahoo.com,(236)442-8131,Faculty/Staff,,High,Amychester,MH,2026-09-04,2063.85,Athletics
G204209,CA100400,Maria,Hines,mariahines136@hotmailcom,+1-765-477-2429x54316,Parent,,Medium,Waltershire,IN,2023-01-19,193.01,Capital Campaign
G204210,CA100103,Mark,Lane,mark.lane584@yahoo.com,327.887.7470,Friend,,Medium,Levyborough,OR,2024-01-19,507.58,Endowment
G204211,CA100065,Joshua,Schultz,joshua.schultz128@hotmail.com,001-556-898-4789x611,Friend,,Principal,Beasleychester,MA,2026-08-25,132894.8,Capital Campaign
G204212,CA100453,Brian,Bishop,brian.bishop548@yahoo.com,810-580-4661,Alumni,2009,Low,South Patrickchester,FM,2025-05-22,36880.0,Endowment
G204213,CA100626,Amy,Morgan,amy.morgan770@yahoo.com,,Alumni,2004,Low,New Joshuaview,TN,2026-08-17,58.94,Capital Campaign
G204214,CA100342,James,Spencer,james.spencer94@yahoo.com,+1-534-961-5717x32030,Parent,,High,Brownside,SD,10/17/2025,1951.9,Unrestricted
G204215,CA100621,Diane,Douglas,diane.douglas890@gmail.com,683-775-3745x843,Alumni,,Low,North Michaelchester,VT,11-Mar-2026,181.13,Scholarship Fund
G204216,CA101276,Blake,Gibson,blake.gibson102@hotmail.com,(604)835-6605x0337,Faculty/Staff,,High,East Anthony,NJ,05-Dec-2022,2525.14,Unrestricted
G204217,CA101585,Linda,Sawyer,linda.sawyer432@gmail.com,703-834-8015x373,Faculty/Staff,,Low,Hatfieldfort,CT,"February 04, 2023",100.56,Athletics
G204218,CA100218,Aaron,Davis,aaron.davis698@hotmail.com,+1-948-783-7550x375,Alumni,2002,Low,Wilsonbury,AL,2023-04-21,77.05,Capital Campaign
G204219,CA100258,Joshua,White,joshua.white139_at_hotmail.com,763-892-0867x808,Alumni,2005,High,South Tiffany,UT,"February 20, 2025",1727.07,Annual Fund
G204220,CA100790,Shirley,Barker,shirley.barker320@yahoo.com,+1-574-585-9532x5939,Parent,,Low,Elliotttown,MD,2025-02-27,35.43,Scholarship Fund
G204221,CA100923,Stephanie,Saunders,stephanie.saunders477@yahoo.com,450-568-8269x17768,Alumni,1996,High,Kellyton,DE,2022-10-06,3059.86,Annual Fund
G204222,CA101097,Lisa,Smith,lisa.smith298@gmail.com,(520)819-7121x24139,Parent,,Medium,Fordshire,SD,26-Feb-2025,223.17,Athletics
G204223,CA101220,Kenneth,Zuniga,kenneth.zuniga135@gmail.com,317.819.7860,Alumni,1988,High,Port Vanessa,MI,2022-12-25,4310.21,Capital Campaign
G204224,CA100743,James,Davis,james.davis694@hotmail.com,+1-364-725-8562x61499,Alumni,1999,Low,South Margaret,IA,2026-04-16,125.93,Scholarship Fund
G204225,CA101738,Sheila,Carpenter,sheilacarpenter432@gmailcom,(663)556-0777,Alumni,2002,Low,Lake Derrick,MT,2026-06-11,156.22,Capital Campaign
G204226,CA100885,Aaron,Clark,,001-806-815-3722x155,Alumni,2007,Principal,Scottborough,PR,2025-10-31,44308.13,Annual Fund
G204227,CA100727,Brittany,Black,brittany.black717@yahoo.com,001-225-565-2906x03202,Friend,,Medium,South Marcus,OK,2024-12-20,649.57,Athletics
G204228,CA100786,Eric,Rojas,eric.rojas829@yahoo.com,(502)356-2650x62292,Organization,,Low,South Thomasview,MA,2026-05-30,114.52,Annual Fund
G204229,CA101204,Eileen,PETERS,,001-345-782-9420x340,Alumni,1986,Low,West Kathryn,KY,2023-04-19,170.52,Scholarship Fund
G204230,CA101600,Larry,Frazier,larry.frazier775@yahoo.com,001-721-559-3896x763,Faculty/Staff,,Medium,Tuckerbury,MN,2022-10-16,242.12,Scholarship Fund
G204231,CA101341,Renee,Velasquez,renee.velasquez384@hotmail.com,001-447-442-2567x871,Parent,,Low,South Alicia,ND,2025-05-13,107.49,Scholarship Fund
G204232,CA100251,Christopher,Thomas,christopher.thomas927@hotmail.com,(211)443-5190x66984,Alumni,2006,Principal,Gonzalesborough,PR,09/02/2025,9379.98,Scholarship Fund
G204233,CA101519,Tracy,Rodriguez,tracy.rodriguez112@hotmail.com,(556)758-1898x10617,Friend,,Medium,Hensleyville,MT,2023-01-08,149.08,Endowment
G204234,CA101309,Andrew,Clark,,(220)438-5886x4078,Friend,,Low,Morrismouth,CO,2025-06-09,26.42,Unrestricted
G204235,CA100493,Mckenzie,Smith,mckenzie.smith476@gmail.com,+1-866-691-8362x6448,Alumni,2011,Medium,Goodwinland,CT,2024-06-21,223.54,Endowment
G204236,CA100534,Brittany,Smith,brittany.smith328@hotmail.com,288.544.3448x123,Parent,,Medium,Benjaminberg,FM,2025-12-07,243.76,Unrestricted
G204237,CA100532,Andrea,King,andrea.king326@hotmail.com,(657)416-1768x802,Parent,,Medium,Brandonshire,AR,2022-10-27,1313.49,Athletics
G204238,CA101632,Laurie,Shaffer,laurie.shaffer957@hotmail.com,(262)591-7964x416,Parent,,High,Port Ian,OH,2025-04-09,2848.54,Unrestricted
G204239,CA100927,Kyle,Montgomery,kyle.montgomery816@gmail.com,(231)823-4266,Faculty/Staff,,Medium,New Thomasfurt,SC,2025-03-12,430.3,Athletics
G204240,CA100219,Matthew,Gallegos,matthew.gallegos885@yahoo.com,+1-385-610-2726,Organization,,Medium,East David,PR,2023-12-18,447.6,Annual Fund
G204241,CA100455,John,Robles,john.robles699@gmail.com,(449)468-5498,Alumni,2005,Low,Parkermouth,LA,2024-10-23,262.62,Endowment
G204242,CA101215,Brian,Barber,brian.barber889@hotmail.com,001-668-421-2156x49525,Alumni,1980,Low,South Donnaview,AS,2023-02-02,57.59,Annual Fund
G204243,CA101275,Jesus,Tran,jesus.tran630@gmail.com,(941)485-8990x027,Parent,,Medium,North Kimberlyport,MA,2024-08-28,855.39,Annual Fund
G204244,CA100995,Zachary,Weiss,zachary.weiss754@hotmail.com,(311)560-2041,Faculty/Staff,,Low,Gabrielleshire,NY,06-Jul-2023,78.61,Endowment
G204245,CA101400,Robert,Mayo,robert.mayo811@gmail.com,,Alumni,1991,Medium,Flemingside,IN,2024-10-12,466.13,Annual Fund
G204246,CA101454,Paul,Hicks,paul.hicks319_at_gmail.com,+1-235-538-1483x74755,Parent,,Low,New Danielleville,MO,2026-03-09,564.07,Capital Campaign
G204247,CA100029,Chris,Mitchell,chris.mitchell195@yahoo.com,958-812-2362x31665,Alumni,1991,Principal,East Marissafurt,MH,2026-06-22,17975.51,Endowment
G204248,CA100081,David,Warner,david.warner155@hotmail.com,,Friend,,Low,Lake Ellenhaven,MN,2023-11-21,57.57,Capital Campaign
G204249,CA101083,Crystal,Howard,crystal.howard122@gmail.com,481.405.5800x027,Alumni,2011,High,West Jacobmouth,TN,04-Aug-2025,545.27,Endowment
G204250,CA101304,James,Dennis,james.dennis865@yahoo.com,847-448-9047x6078,Alumni,1987,Low,West Valerie,FM,2023-04-20,50.43,Unrestricted
G204251,CA100096,David,Harris,david.harris78@gmail.com,470.358.9578,Friend,,Low,West Raymondfort,NC,2024-12-23,72.23,
G204252,CA100112,John,Williams,john.williams233@hotmail.com,230.416.5712,Organization,,Medium,Delgadofort,NJ,2026-04-14,227.39,Capital Campaign
G204253,CA101114,Joseph,Chaney,joseph.chaney292@yahoo.com,450.623.8502,Alumni,1999,High,Myersburgh,NV,2025-01-15,3128.76,Capital Campaign
G204254,CA100012,Lindsey,Chase,lindsey.chase937@gmail.com,5808132677,Alumni,1998,Medium,East Nicholasfurt,KS,12/09/2025,647.21,Annual Fund
G204255,CA101704,Brandy,Jacobs,brandy.jacobs750@hotmail.com,001-652-625-2964,Parent,,Medium,Kathleenbury,AS,08/06/2023,424.48,Endowment
G204256,CA100782,Jasmin,Harrison,jasmin.harrison10@hotmail.com,+1-590-372-8012x34289,Parent,,Low,East Jacobmouth,WV,03/03/2025,169.51,Annual Fund
G204257,CA101257,Heather,King,heather.king121@gmail.com,(418)283-4581,Friend,,Low,Kelseyfort,NM,2024-11-18,75.02,Scholarship Fund
G204258,CA100743,James,Davis,james.davis694@hotmail.com,+1-364-725-8562x61499,Alumni,1999,Low,South Margaret,IA,"October 21, 2025",52.58,Unrestricted
G204259,CA100913,Rhonda,Johnson,rhonda.johnson609@gmail.com,764.564.4898x8031,Alumni,1980,Low,Port Toni,MA,2024-09-07,66.48,Annual Fund
G204260,CA101513,Jessica,Robinson,,001-546-214-4662x763,Faculty/Staff,,Low,Stephanieville,CA,2026-03-20,31.91,Scholarship Fund
G204261,CA100539,Maria,Michael,maria.michael975@gmail.com,714.329.0018,Alumni,2011,Low,East Timothy,OK,2024-06-07,101.83,
G204262,CA100602,Jennifer,Miles,jennifer.miles262@hotmail.com,,Alumni,2021,High,New Joy,NM,04-Nov-2024,1677.1,Athletics
G204263,CA100948,Miguel,Dominguez,miguel.dominguez985@gmail.com,+1-456-769-5790x01248,Alumni,2009,Low,Josephburgh,NC,"March 13, 2023",105.19,Scholarship Fund
G204264,CA100820,Gloria,Schmitt,gloria.schmitt412@gmail.com,677.430.6260,Alumni,2015,Medium,West Michelle,OR,2023-03-24,237.07,Annual Fund
G204265,CA100871,Diane,Powers,diane.powers586@yahoo.com,(363)325-1448,Alumni,2008,Medium,Port David,AL,2023-06-30,381.42,Capital Campaign
G204266,CA100399,Michael,Guzman,,001-357-300-2720x6345,Faculty/Staff,,Low,East Zachary,WI,2024-03-04,99.8,Scholarship Fund
G204267,CA100791,William,Davis,william.davis33@gmail.com,,Friend,,High,Christopherfort,NH,12/11/2024,1414.55,Capital Campaign
G204268,CA101622,Philip,Ibarra,philip.ibarra118@yahoo.com,556-657-2897x2269,Alumni,2014,High,Josephtown,WV,2024-03-30,15718.3,Unrestricted
G204269,CA100085,Shannon,Palmer,shannon.palmer753@yahoo.com,737-550-6068,Parent,,Low,Vangstad,IN,2024-10-27,43.35,Unrestricted
G204270,CA101700,Troy,Small,troy.small151@yahoo.com,,Alumni,1986,Low,Lake Victoria,PR,06/04/2024,275.85,Endowment
G204271,CA101669,Kaylee,Warner,kaylee.warner410@yahoo.com,403.816.7871,Parent,,High,West Justinfort,TX,12/04/2023,7144.7,Unrestricted
G204272,CA101725,Erin,Jones,erin.jones113@hotmail.com,998.499.3074x61139,Alumni,1991,Medium,Garciamouth,UT,2023-06-21,384.96,Capital Campaign
G204273,CA101548,Daniel,Jones,daniel.jones516@gmail.com,535.376.1707,Alumni,1981,Medium,Turnerstad,NH,2024-03-16,774.9,Athletics
G204274,CA100701,Melissa,Edwards,melissa.edwards670@yahoo.com,(572)587-2760x1534,Alumni,1998,Low,West Charlotte,VA,2026-08-03,122.93,Annual Fund
G204275,CA100614,Christian,Patton,christian.patton900@yahoo.com,517-630-9850,Faculty/Staff,,High,Peterstad,CA,2025-08-27,1724.41,Scholarship Fund
G204276,CA100440,Logan,Scott,logan.scott587@gmail.com,682-842-2412,Organization,,High,North Christina,MD,2024-05-12,1667.03,Scholarship Fund
G204277,CA101656,Cody,Johnson,cody.johnson650@hotmail.com,255-658-7094,Alumni,1994,Medium,East Paula,GU,2025-11-08,270.11,Capital Campaign
G204278,CA101373,Brittany,Roth,brittany.roth551@gmail.com,001-577-240-2928x643,Alumni,2015,Low,South Suzanne,SC,2026-03-22,67.68,Scholarship Fund
G204279,CA100001,Anna,Baldwin,,,Alumni,2002,Low,Robinsonshire,KY,2026-01-29,58.4,Unrestricted
G204280,CA100935,Carlos,Lee,carlos.lee400@gmail.com,331.925.5235x617,Alumni,2016,Medium,East Melissaburgh,TX,2022-12-30,395.89,Annual Fund
G204281,CA100221,Sandra,Norman,sandra.norman318@gmail.com,001-592-621-6995x866,Organization,,Low,Stuartport,NV,06/24/2024,185.42,Athletics
G204282,CA100733,Charles,Erickson,charles.erickson35@hotmail.com,439-891-0622x7236,Parent,,Low,Vargasbury,MP,2024-05-22,122.98,Annual Fund
G204283,CA100918,Dana,Jimenez,dana.jimenez319@hotmail.com,391-660-9365x9520,Parent,,High,Port Davidhaven,SC,2024-12-16,6116.51,Unrestricted
G204284,CA100247,Bradley,Moreno,,865.699.1624x7314,Alumni,1998,Medium,North Jenna,WY,2025-11-18,741.0,Annual Fund
G204285,CA101750,Mary,Conner,mary.conner488@gmail.com,001-991-298-4808,Alumni,1994,Low,South Aaronhaven,WI,2025-01-26,69.48,Scholarship Fund
G204286,CA100687,Andrew,Perry,andrew.perry374@gmail.com,647-995-1330x531,Alumni,2001,Medium,Waltersmouth,ND,2024-10-23,347.52,
G204287,CA100354,Monique,Wright,monique.wright104@yahoo.com,001-939-229-0600,Friend,,Low,Schmidtfort,AS,2024-09-14,79.4,Capital Campaign
G204288,CA100205,Patricia,Hatfield,patricia.hatfield774@gmail.com,421-975-2500x74329,Friend,,Low,East Christinachester,MO,2025-01-25,56.3,Unrestricted
G204289,CA101763,Sean,Bender,sean.bender945_at_yahoo.com,+1-688-797-9887x754,Alumni,2008,Principal,Nicoleport,CA,2023-07-16,35026.88,Athletics
G204290,CA101626,Amber,Santana,amber.santana463@gmail.com,632-833-3023x9934,Alumni,2018,Principal,Port Richardtown,MP,2023-08-12,21193.3,Scholarship Fund
G204291,CA101786,Lynn,COX,lynn.cox60@gmail.com,(812)544-0293,Organization,,High,Dawntown,OK,2026-07-23,4930.75,Unrestricted
G204292,CA100636,David,Camacho,david.camacho201@yahoo.com,(252)368-3415x59991,Friend,,Low,Stephaniechester,SC,02/26/2025,147.73,Unrestricted
G204293,CA101796,Tasha,Finley,,+1-663-806-6700x599,Alumni,2009,Medium,Sandersbury,VI,2025-03-18,176.07,Scholarship Fund
G204294,CA101243,Jason,Cuevas,jason.cuevas203@yahoo.com,570.450.0493,Alumni,1991,High,Conleyburgh,KS,2025-07-17,2657.19,Athletics
G204295,CA100054,Elizabeth,Nolan,elizabeth.nolan417@yahoo.com,882-917-5946x4743,Friend,,Medium,East Patrickstad,OK,2023-02-28,134.89,Capital Campaign
G204296,CA100572,Alejandro,White,alejandro.white694@hotmail.com,+1-690-315-5799x8028,Alumni,1987,Low,New Anthony,AK,2022-09-03,69.87,Capital Campaign
G204297,CA100787,James,Crawford,james.crawford464@gmail.com,,Alumni,2017,Low,Mariaside,KY,2023-10-29,83.78,Scholarship Fund
G204298,CA100017,Elizabeth,Spencer,elizabeth.spencer550@hotmail.com,524-711-8244,Alumni,1995,Medium,Lake Cynthia,KS,2023-08-05,1307.19,Endowment
G204299,CA100819,Sean,Shaw,sean.shaw591@yahoo.com,696-480-4918x727,Parent,,Principal,West Carolynchester,DE,2026-03-30,59041.3,Annual Fund
G204300,CA100637,Shannon,Davenport,shannon.davenport111@yahoo.com,001-772-929-8120x99576,Alumni,1991,Low,New Jennifer,KY,2022-09-04,59.06,Annual Fund
G204301,CA100911,Jason,Collins,jason.collins147@yahoo.com,670-264-6255,Alumni,2003,Principal,South Kristina,VA,2024-07-17,24313.02,Capital Campaign
G204302,CA101153,Robert,Day,robert.day833@gmail.com,6136651034,Alumni,2009,High,Davidton,MO,2024-11-25,3572.4,Athletics
G204303,CA101121,Brian,Olsen,brian.olsen587@hotmail.com,(648)271-7754x61992,Faculty/Staff,,Low,Wardside,IN,2024-04-23,86.61,Unrestricted
G204304,CA101370,Andrea,Sims,andrea.sims468@yahoo.com,+1-639-866-0734,Alumni,2011,Low,Fletcherfurt,HI,2024-06-16,92.56,Athletics
G204305,CA100356,Julie,Johnson,julie.johnson516@yahoo.com,626.825.7016x580,Alumni,1986,Low,Helenside,OK,2023-09-10,75.75,Athletics
G204306,CA101752,Holly,Wong,holly.wong578@yahoo.com,(710)251-1090x07017,Alumni,2021,Medium,North Nathan,FL,2025-07-30,148.39,Unrestricted
G204307,CA101143,Tara,Barnes,tara.barnes261@hotmail.com,+1-838-445-7202x6656,Parent,,Low,Baileyville,DC,2024-05-07,52.88,Scholarship Fund
G204308,CA100280,Jennifer,Smith,jennifer.smith421@gmail.com,+1-271-370-5865x0948,Alumni,1995,Low,Christianborough,NC,2025-10-27,43.61,Endowment
G204309,CA100642,Kimberly,Mann,kimberly.mann710@yahoo.com,5614853800,Alumni,2007,Medium,Wigginsbury,TX,"December 09, 2022",420.99,Unrestricted
G204310,CA100171,Ryan,Brandt,ryan.brandt932@gmail.com,,Alumni,2019,Medium,Josemouth,AS,2025-07-14,202.94,Annual Fund
G204311,CA100256,Emily,Nicholson,emily.nicholson673@gmail.com,+1-527-955-3942,Friend,,Low,East Jill,VI,11/15/2023,154.55,Capital Campaign
G204312,CA100756,Jacqueline,Boyd,jacqueline.boyd375@hotmail.com,+1-934-252-7346x6661,Friend,,High,Garciaside,NJ,2023-04-23,5650.39,Annual Fund
G204313,CA100191,Rodney,Mcneil,rodney.mcneil234@yahoo.com,829.745.1168,Alumni,2014,Low,Apriltown,WY,2025-12-22,267.18,Capital Campaign
G204314,CA101046,Joshua,Gardner,joshua.gardner381@gmail.com,001-667-439-8344x8838,Alumni,1991,Low,Laurenfurt,PW,2023-08-12,68.96,Capital Campaign
G204315,CA101668,John,Christensen,john.christensen668@hotmail.com,7738920025,Alumni,2018,Low,Katherineborough,IA,2025-03-27,390.44,Athletics
G204316,CA100860,Tonya,Richardson,tonya.richardson326_at_hotmail.com,001-259-210-2451x091,Friend,,High,Port George,MO,"January 22, 2023",13839.71,Annual Fund
G204317,CA100358,Ann,Ayala,ann.ayala227@gmail.com,238-317-9335x54864,Parent,,Low,Michaelfort,NY,2023-11-09,137.69,Scholarship Fund
G204318,CA100723,Benjamin,Carlson,benjamin.carlson371@gmail.com,001-345-496-2622x8225,Alumni,1996,Low,South Jamesfurt,SC,2022-10-23,84.47,Annual Fund
G204319,CA100689,Jared,Mercer,jared.mercer899@yahoo.com,845-877-0299x2959,Alumni,2016,Medium,Port Teresaside,WA,2025-09-21,326.28,
G204320,CA101457,Manuel,Johnson,manuel.johnson512@hotmail.com,853.745.8195,Alumni,1979,Medium,Thorntonside,MN,2024-06-08,154.98,Endowment
G204321,CA100521,Jeffrey,Jones,jeffrey.jones715@gmail.com,650.967.6251x53814,Alumni,2000,Principal,Josephtown,WA,2023-12-14,35023.05,Endowment
G204322,CA101715,Natalie,Bowman,natalie.bowman516@gmail.com,853.891.6928x091,Friend,,Low,North Robert,MH,2025-05-20,55.84,Athletics
G204323,CA100102,Mitchell,Hoffman,mitchell.hoffman851@yahoo.com,671.847.3210,Alumni,2012,Low,Wrightburgh,GU,2025-05-17,103.82,Capital Campaign
G204324,CA101129,Robert,Blackwell,robert.blackwell884@yahoo.com,+1-412-692-0592,Alumni,2022,Low,North Marcuschester,IL,14-Jan-2026,59.53,Capital Campaign
G204325,CA101213,Sarah,Logan,sarah.logan426@gmail.com,(641)697-6878,Friend,,Low,Mcdonaldland,TN,2023-02-02,97.84,Unrestricted
G204326,CA100197,William,Reid,william.reid111@gmail.com,+1-603-357-9727x98552,Organization,,Medium,Anthonyton,GA,2022-07-17,381.5,Annual Fund
G204327,CA100900,Jillian,Ferguson,jillian.ferguson703@gmail.com,+1-576-492-0828,Faculty/Staff,,High,North William,PA,2024-10-20,4121.96,Unrestricted
G204328,CA101405,Tammie,Walter,tammie.walter852@hotmail.com,6346213485,Alumni,2018,Low,North Jason,ID,"October 04, 2024",91.86,Athletics
G204329,CA101001,Amy,Le,amy.le379@hotmail.com,,Alumni,1993,Low,Johnsonmouth,NY,29-Jan-2025,65.16,Unrestricted
G204330,CA100281,Colton,Hardy,colton.hardy697@hotmail.com,(933)883-9288x6195,Alumni,1998,Low,East Lauraside,MO,"November 20, 2024",217.86,Athletics
G204331,CA101007,Collin,Miller,collin.miller543@yahoo.com,(581)835-9266x48698,Alumni,2002,High,Collinshaven,MS,2025-05-28,2574.45,Athletics
G204332,CA101282,Gloria,Bowman,gloria.bowman554@hotmail.com,8144599670,Friend,,Medium,New Matthewside,NV,2023-02-10,553.89,Capital Campaign
G204333,CA101095,Diane,Hughes,diane.hughes722@yahoo.com,001-847-605-5491x2151,Parent,,High,North Ashleemouth,MA,08/20/2026,4427.45,Scholarship Fund
G204334,CA100683,Jessica,Schmidt,jessica.schmidt186@yahoo.com,621.781.2276,Alumni,1988,Medium,Barkerbury,PW,2025-10-26,283.92,Endowment
G204335,CA100913,Rhonda,Johnson,rhonda.johnson609@gmail.com,764.564.4898x8031,Alumni,1980,Low,Port Toni,MA,06-Apr-2024,46.18,Athletics
G204336,CA101735,Joseph,Mahoney,josephmahoney313@yahoocom,001-547-361-2189,Alumni,2007,Low,South Erica,WV,2024-05-06,104.9,Unrestricted
G204337,CA100964,Angela,Cooper,angela.cooper409@hotmail.com,(976)981-7225,Faculty/Staff,,Low,Jorgestad,OH,"October 27, 2022",73.92,Annual Fund
G204338,CA101564,Mitchell,Ford,mitchell.ford136@gmail.com,001-609-812-1852x73411,Faculty/Staff,,Low,East Johnmouth,FM,2026-03-19,112.88,Endowment
G204339,CA100878,Theresa,Cox,theresa.cox332@yahoo.com,346-700-4521x2899,Alumni,1985,Principal,North Theresamouth,MD,2023-12-28,50689.39,Capital Campaign
G204340,CA100338,Bryan,Price,bryan.price254@gmail.com,442-871-7396x271,Alumni,1997,Low,New Dawn,PW,2026-05-26,75.13,Endowment
G204341,CA100178,Luis,Robinson,luis.robinson218@yahoo.com,5786593213,Alumni,1989,Low,Port Wendybury,OK,2023-04-04,47.25,Endowment
G204342,CA100912,Emma,Morgan,emma.morgan38@hotmail.com,,Alumni,1971,Medium,West James,VI,2023-05-18,354.0,Annual Fund
G204343,CA101293,Lisa,Faulkner,lisa.faulkner32@hotmail.com,(420)842-9862,Alumni,1998,High,North Patrick,MO,2023-09-12,1467.37,Capital Campaign
G204344,CA100524,Michael,Mcclain,michael.mcclain340@hotmail.com,517-672-2560x531,Faculty/Staff,,Principal,East Ralphmouth,MH,2026-05-01,27282.3,Scholarship Fund
G204345,CA101534,Elizabeth,Duarte,elizabeth.duarte677@hotmail.com,(629)353-3861,Alumni,,Medium,Lake Mackenzieborough,PA,2026-06-13,553.0,Annual Fund
G204346,CA100563,Teresa,Ray,teresa.ray864@gmail.com,(750)844-8177x665,Alumni,1991,High,Danielburgh,NH,2026-08-16,1328.62,Capital Campaign
G204347,CA100276,Amanda,Rodriguez,amanda.rodriguez727_at_yahoo.com,458.657.3065,Parent,,Low,South Jasmineside,LA,"September 16, 2024",43.03,Capital Campaign
G204348,CA101027,Ryan,Wilson,ryan.wilson721@gmail.com,698.276.1081x43561,Friend,,Principal,New Keith,MD,2025-04-16,112343.82,Endowment
G204349,CA101048,Jamie,White,jamie.white187@gmail.com,+1-508-355-1074x091,Organization,,Medium,North Stevenhaven,MS,2026-06-12,873.44,Unrestricted
G204350,CA101434,Cassandra,Miller,cassandra.miller986@gmail.com,4004295616,Alumni,2009,Medium,Nicholasview,UT,2025-11-08,441.92,Unrestricted
G204351,CA101325,Nicholas,Gonzalez,nicholas.gonzalez350@gmail.com,273-716-7156,Parent,,Medium,Armstrongstad,DC,05-Oct-2023,260.0,Unrestricted
G204352,CA101103,Michael,Hudson,michael.hudson660@yahoo.com,753.705.9702,Alumni,2012,Low,East Allisonmouth,MT,2023-03-30,185.55,Endowment
G204353,CA101065,Derek,Dougherty,derek.dougherty655@gmail.com,714-547-4328x116,Alumni,,Medium,Lake Davidtown,DC,23-Nov-2025,899.22,Athletics
G204354,CA100383,Charles,Walton,charles.walton635@yahoo.com,234.877.8485x880,Faculty/Staff,,Low,South Shannonfurt,NV,2024-04-09,60.07,Athletics
G204355,CA100344,Tracy,Smith,,4323020417,Alumni,1994,Medium,North Tylerbury,CA,01/11/2023,172.21,Scholarship Fund
G204356,CA101152,James,Pruitt,james.pruitt941@yahoo.com,(241)984-9378x4679,Alumni,2010,High,Lake Davidfort,GA,2023-11-22,1963.62,Endowment
G204357,CA101411,Jennifer,Brown,jennifer.brown157@hotmail.com,698.599.4885x669,Friend,,Low,North Mikeshire,SC,22-Oct-2025,117.08,Athletics
G204358,CA100868,Courtney,Conner,courtney.conner776@yahoo.com,(679)893-5937x44039,Faculty/Staff,,Principal,Adambury,AZ,09/05/2025,40035.45,Capital Campaign
G204359,CA101303,Tyler,Arellano,,361.592.0259,Parent,,Low,Leemouth,AZ,"January 26, 2024",69.92,Annual Fund
G204360,CA101362,David,Gibson,,572.598.2689,Alumni,2021,Medium,Rebeccahaven,TN,2024-03-14,1271.73,Endowment
G204361,CA101773,Thomas,Rice,thomas.rice842@hotmail.com,(203)820-8778x3471,Alumni,,Medium,Lake Amanda,GU,2022-10-06,770.59,Annual Fund
G204362,CA101387,Nicholas,Pena,nicholas.pena46@gmail.com,+1-590-411-3484x33913,Alumni,1997,Medium,Hunterfurt,DE,"July 11, 2023",378.41,Capital Campaign
G204363,CA100418,Christopher,Carrillo,christopher.carrillo410@gmail.com,560.612.2777x0793,Alumni,1973,Low,Williamstown,CT,2024-02-19,56.23,Capital Campaign
G204364,CA100987,James,Williams,james.williams874@yahoo.com,730-673-5104,Parent,,Low,Evansfurt,HI,2025-03-10,152.15,Capital Campaign
G204365,CA101668,John,Christensen,john.christensen668@hotmail.com,7738920025,Alumni,2018,Low,Katherineborough,IA,2023-01-29,104.37,Capital Campaign
G204366,CA100273,Maria,Martinez,maria.martinez267@hotmail.com,567.930.3718,Alumni,2002,Low,Maldonadoport,MD,2025-03-10,52.18,Annual Fund
G204367,CA101162,Christopher,Cobb,christopher.cobb792@hotmail.com,438.392.6087,Parent,,Low,Laurafort,ND,2026-05-08,83.69,Endowment
G204368,CA101672,Eric,Parker,eric.parker205@gmail.com,,Alumni,2017,Medium,South Heatherview,CT,2025-03-12,250.1,Athletics
G204369,CA100648,Katie,Brown,katie.brown597@gmail.com,535.583.2863x42556,Parent,,Medium,North Meganhaven,CT,2025-05-05,1028.19,Scholarship Fund
G204370,CA101537,Sherry,Duffy,sherry.duffy666@hotmail.com,750-674-3509x52889,Alumni,2003,Low,Bridgestown,IA,2025-02-03,85.73,Annual Fund
G204371,CA100399,Michael,Guzman,,001-357-300-2720x6345,Faculty/Staff,,Low,East Zachary,WI,24-Dec-2022,217.61,Endowment
G204372,CA101766,Kristin,Mendoza,kristin.mendoza293@gmail.com,(256)811-5686x22307,Alumni,2013,Medium,Christinahaven,AK,2023-03-18,670.67,Capital Campaign
G204373,CA100329,Jessica,Fisher,jessica.fisher167@yahoo.com,,Alumni,2014,Low,Garyport,VA,2025-05-01,120.59,Athletics
G204374,CA100021,Robert,White,robert.white852@yahoo.com,(534)221-6073x37543,Alumni,1981,Principal,South Mark,VI,2022-09-20,15575.91,Athletics
G204375,CA101706,Mary,Stewart,mary.stewart225@yahoo.com,+1-306-427-8790x259,Parent,,Low,Lake Jessicafurt,IA,2025-07-11,110.99,Endowment
G204376,CA101230,Clarence,Nguyen,clarence.nguyen161@gmail.com,001-747-764-2789x61573,Alumni,1986,High,East Amyland,MH,2026-06-24,4244.89,
G204377,CA100289,Katherine,Farrell,katherine.farrell980@gmail.com,001-703-592-4051x4770,Alumni,1999,Medium,East Amy,WV,2025-04-22,187.36,Endowment
G204378,CA100762,Amanda,Jackson,amanda.jackson645@hotmail.com,364-984-4941x163,Faculty/Staff,,High,East April,AZ,2024-05-02,2931.07,Endowment
G204379,CA100439,Janice,Clay,janice.clay469@yahoo.com,789-856-9070,Alumni,2003,High,South Andrew,NC,2025-04-30,4967.3,Scholarship Fund
G204380,CA100943,Jessica,Mills,jessica.mills17@gmail.com,692-559-6790,Alumni,2016,Medium,Hansonside,LA,2024-11-10,337.1,Scholarship Fund
G204381,CA101557,Jesse,Blair,jesse.blair828@hotmail.com,001-827-464-0547x398,Alumni,2012,Low,North Jon,MI,2026-02-09,156.43,Annual Fund
G204382,CA101350,Megan,Nicholson,megan.nicholson282@hotmail.com,224.652.8413x5694,Alumni,1989,Low,Robinmouth,IL,2026-03-08,177.4,Capital Campaign
G204383,CA101137,Haley,Jackson,haley.jackson987@gmail.com,8055328538,Alumni,2015,Medium,North Marcton,MD,"March 12, 2025",131.64,Annual Fund
G204384,CA101076,Michelle,Osborne,michelle.osborne894@yahoo.com,001-594-875-7694x535,Friend,,High,Anneview,MO,2024-11-24,9438.62,Endowment
G204385,CA101224,Patricia,Rhodes,patricia.rhodes163@hotmail.com,+1-864-377-1837x5307,Alumni,1985,High,East Laurenside,AL,2023-11-13,3650.03,Endowment
G204386,CA101568,David,Beck,david.beck558@gmail.com,001-416-882-6822x1756,Alumni,2022,High,Blevinstown,NC,"June 14, 2025",1449.47,Capital Campaign
G204387,CA101473,Jeffrey,Ramos,jeffrey.ramos886@yahoo.com,436-462-8081,Alumni,1998,Low,Meyerstad,PR,"May 03, 2023",153.24,Annual Fund
G204388,CA101782,Diana,Henry,diana.henry311@hotmail.com,001-971-756-5969x57945,Parent,,Low,Cherylstad,MN,2022-09-15,54.33,Endowment
G204389,CA101260,Nicole,Cook,nicole.cook147@hotmail.com,(288)638-2567x262,Friend,,High,Olsonshire,WI,2026-08-09,1487.21,Scholarship Fund
G204390,CA100051,Jennifer,Ortiz,jennifer.ortiz153@hotmail.com,(817)745-9615,Friend,,Principal,Brennanton,RI,"November 04, 2025",25607.55,Endowment
G204391,CA100592,Stephen,Carey,stephen.carey341@yahoo.com,,Parent,,Low,Patriciafort,DE,2024-09-16,215.37,Endowment
G204392,CA100888,Jeffrey,Harris,jeffrey.harris677@yahoo.com,464.327.3720x3763,Alumni,2015,Low,Jenniferhaven,KS,2024-10-05,66.94,Endowment
G204393,CA101102,Richard,Gomez,richard.gomez435@hotmail.com,473.909.6496,Alumni,2008,Low,Millershire,SD,12/02/2022,108.84,Annual Fund
G204394,CA101335,Steven,Harris,steven.harris964@gmail.com,(580)866-4707x03850,Friend,,Medium,West Christinaburgh,RI,2025-09-18,448.86,Scholarship Fund
G204395,CA101417,Lucas,Chan,lucas.chan667@yahoo.com,(728)992-0641,Alumni,1996,Medium,New Katherinehaven,IA,12/07/2023,397.36,Annual Fund
G204396,CA100310,Timothy,Wells,timothy.wells429@gmail.com,+1-727-227-8576x0849,Alumni,2014,Medium,New Gina,AS,07/20/2023,242.03,Annual Fund
G204397,CA101240,Rodney,Brown,rodney.brown895@yahoo.com,,Alumni,1984,Medium,New Nicole,MN,13-Sep-2024,170.06,Scholarship Fund
G204398,CA100487,  Andrew ,Bradford,andrew.bradford46@yahoo.com,333-980-3396x85270,Friend,,Medium,East Brettberg,IL,2025-11-09,218.48,Capital Campaign
G204399,CA101352,  Dylan ,Wiggins,dylan.wiggins594@gmail.com,215.989.2584,Alumni,2008,Low,Port Larry,AZ,2023-04-13,115.92,Endowment
G204400,CA101458,John,Crane,john.crane36@gmail.com,001-398-924-2662,Alumni,1987,Medium,Rogerston,CA,2022-07-17,614.81,Unrestricted
G204401,CA100878,Theresa,Cox,theresa.cox332@yahoo.com,346-700-4521x2899,Alumni,1985,Principal,North Theresamouth,MD,2023-05-26,27159.11,Athletics
G204402,CA100641,Daniel,Mccarthy,daniel.mccarthy397@gmail.com,767.441.2415x131,Parent,,High,Joshuahaven,TX,2025-04-26,1460.79,Endowment
G204403,CA100998,Megan,Wilkinson,megan.wilkinson824@yahoo.com,001-914-696-1128,Alumni,1990,Medium,New Ellen,OH,2024-04-19,341.53,Capital Campaign
G204404,CA100802,David,Mitchell,david.mitchell808@gmail.com,698.563.2106x133,Parent,,Low,Michaelton,SD,2024-12-27,89.52,Scholarship Fund
G204405,CA100629,Jeremy,Thompson,,+1-203-610-2879x5083,Parent,,Low,Allenstad,ND,04/24/2024,150.1,Scholarship Fund
G204406,CA101017,Jessica,Delacruz,jessica.delacruz208@hotmail.com,6784525482,Alumni,1999,Medium,Lake Angelabury,NY,2022-10-31,158.81,Capital Campaign
G204407,CA101252,Sean,Cook,sean.cook798@hotmail.com,(359)999-2012x3763,Alumni,2004,Low,Parkerstad,KY,2025-08-27,71.01,Unrestricted
G204408,CA100221,Sandra,Norman,sandra.norman318@gmail.com,001-592-621-6995x866,Organization,,Low,Stuartport,NV,2026-02-19,68.04,Annual Fund
G204409,CA101787,John,THOMPSON,john.thompson550@hotmail.com,280-252-5795,Alumni,1993,Low,Sarafort,PA,2022-10-20,174.02,Unrestricted
G204410,CA101400,Robert,Mayo,robert.mayo811@gmail.com,,Alumni,1991,Medium,Flemingside,IN,2024-06-09,208.17,Scholarship Fund
G204411,CA100321,Kristen,Graham,kristen.graham424@yahoo.com,+1-932-719-7199,Faculty/Staff,,Low,Port Seanport,MO,2023-07-10,65.05,Scholarship Fund
G204412,CA101097,Lisa,Smith,lisa.smith298@gmail.com,(520)819-7121x24139,Parent,,Medium,Fordshire,SD,2023-07-24,831.73,Unrestricted
G204413,CA100915,Jessica,Roman,jessica.roman198@gmail.com,519-578-7180,Alumni,1984,Low,Lake Erikafort,IL,2022-10-15,72.97,Annual Fund
G204414,CA101202,Jimmy,Jennings,jimmy.jennings602@gmail.com,398.897.9060x854,Alumni,1985,Low,Cookefurt,IA,2026-03-12,178.04,Capital Campaign
G204415,CA100026,Susan,Fitzgerald,susanfitzgerald8@hotmailcom,548-495-1343,Alumni,2002,Medium,North Johnfort,RI,2025-03-19,476.17,Endowment
G204416,CA100130,Ashley,Sanchez,ashley.sanchez419@hotmail.com,+1-254-277-7252x2872,Alumni,1976,Medium,Port Elizabethtown,MT,2024-08-08,380.2,Unrestricted
G204417,CA100141,  Todd ,Jones,todd.jones520@yahoo.com,279.893.7124,Parent,,Medium,Meaganfurt,AS,2025-05-29,309.06,Unrestricted
G204418,CA101034,Adam,Acevedo,adam.acevedo343@hotmail.com,(621)375-5851x777,Parent,,High,South Kenneth,PA,04-Feb-2026,13441.74,Athletics
G204419,CA101029,Marilyn,Tyler,,7308762054,Alumni,2009,Low,Flowersmouth,AK,08/20/2025,75.36,Endowment
G204420,CA101336,Wesley,Torres,wesley.torres904@hotmail.com,410-874-0274x0675,Alumni,1995,Low,Fisherstad,OK,2024-06-24,80.92,Unrestricted
G204421,CA101255,Adam,Watkins,adam.watkins451@hotmail.com,001-784-752-4032x1153,Alumni,2004,High,West Clintonborough,VA,2023-11-08,6509.74,Capital Campaign
G204422,CA100142,Michelle,Alexander,michelle.alexander594@yahoo.com,+1-992-545-9375x2654,Parent,,Medium,Nicholasfurt,MN,2022-10-14,470.91,Athletics
G204423,CA101084,Melanie,Lee,melanie.lee81@yahoo.com,,Alumni,2016,Low,New Kevinshire,UT,2023-10-04,86.81,Endowment
G204424,CA100013,Sara,Glover,sara.glover552@yahoo.com,(987)423-4309x80500,Faculty/Staff,,Medium,New Christopherburgh,CA,2022-07-22,274.46,Scholarship Fund
G204425,CA101377,Thomas,Chavez,thomas.chavez655@gmail.com,324-946-1440x92335,Friend,,Low,Melissastad,NE,2024-11-01,122.35,Athletics
G204426,CA100113,Debra,Avila,debra.avila300@yahoo.com,440-619-3802x62067,Alumni,2020,High,North Kennethville,MA,2025-05-13,1250.71,Endowment
G204427,CA100675,Tara,PARKER,tara.parker18@gmail.com,(476)527-0232x441,Friend,,High,South Christopher,IA,2025-03-02,2517.34,Scholarship Fund
G204428,CA100631,Justin,Johnson,justin.johnson688@hotmail.com,(456)257-4902x504,Friend,,High,New Jasonmouth,NY,2025-09-04,2923.78,Annual Fund
G204429,CA100312,Michaela,Mckinney,michaela.mckinney386@yahoo.com,(517)335-7438x42150,Alumni,1969,Low,Hunterfort,MH,2022-08-07,217.73,Annual Fund
G204430,CA101600,Larry,Frazier,larry.frazier775@yahoo.com,001-721-559-3896x763,Faculty/Staff,,Medium,Tuckerbury,MN,2024-03-23,313.34,Endowment
G204431,CA100206,Roy,Woods,roy.woods608@gmail.com,2835505830,Friend,,Medium,Lake Natalie,ME,2024-12-11,122.5,Endowment
G204432,CA100393,Lance,Washington,lance.washington706@yahoo.com,,Parent,,Principal,Lucaston,ID,2023-11-23,18266.89,Unrestricted
G204433,CA100757,Chelsea,Torres,chelsea.torres462@yahoo.com,001-208-203-1499x82508,Alumni,2009,Principal,Paulstad,ND,24-Mar-2024,44418.9,Scholarship Fund
G204434,CA100907,Jessica,Tran,jessica.tran770@gmail.com,+1-270-463-3699x8795,Alumni,2000,Low,North Bruce,AS,2024-04-16,70.89,Unrestricted
G204435,CA100069,Jeremy,Patterson,jeremy.patterson524@hotmail.com,001-499-480-9402x44550,Alumni,2006,Low,Jonestown,CO,2026-03-08,49.21,Endowment
G204436,CA100670,  Joshua ,Cunningham,joshua.cunningham792@yahoo.com,334.932.4474,Organization,,Principal,Bethstad,WI,2023-01-06,33943.89,Athletics
G204437,CA101409,Christina,Rodriguez,christina.rodriguez779@yahoo.com,294-323-2154,Parent,,Low,North Samantha,IL,2025-03-11,86.13,Endowment
G204438,CA101482,Allen,Thomas,allen.thomas576@gmail.com,2119250186,Friend,,High,Georgetown,MO,"February 19, 2023",10909.19,Athletics
G204439,CA101221,Gabriela,Jensen,gabriela.jensen369@gmail.com,001-584-919-4785x5011,Alumni,1979,Medium,Jeffreyhaven,GA,2023-01-07,516.23,Capital Campaign
G204440,CA100289,Katherine,Farrell,katherine.farrell980@gmail.com,001-703-592-4051x4770,Alumni,1999,Medium,East Amy,WV,11-Jul-2024,807.57,Athletics
G204441,CA101789,Tiffany,Green,tiffany.green322@hotmail.com,001-857-313-3996x276,Friend,,Low,South John,GU,2025-04-12,108.96,Athletics
G204442,CA101266,Benjamin,Ross,benjamin.ross348@yahoo.com,760-276-2643,Alumni,2008,High,New Markmouth,HI,2024-01-28,3441.87,Scholarship Fund
G204443,CA100209,Virginia,Stanley,virginia.stanley721@hotmail.com,9014676184,Alumni,2015,Medium,Lake Gina,AL,03-Jan-2024,614.44,Athletics
G204444,CA101327,Heather,Archer,heather.archer466@yahoo.com,001-805-871-9189,Parent,,Low,Melaniefurt,OR,2025-07-28,78.68,Capital Campaign
G204445,CA100122,Emily,Stephens,emily.stephens807@hotmail.com,(533)575-2431x0690,Alumni,1996,Low,North Brittneymouth,PA,2026-03-10,156.08,Endowment
G204446,CA100403,Dustin,Roberts,dustin.roberts174@yahoo.com,,Alumni,2003,Low,New Shannon,IA,"December 26, 2024",77.52,Scholarship Fund
G204447,CA100384,Steve,Johnson,steve.johnson579@hotmail.com,+1-942-976-2467x19788,Alumni,2009,Low,New Brian,KS,2023-07-28,65.36,Endowment
G204448,CA101651,James,Blanchard,james.blanchard530@hotmail.com,001-769-404-5392,Alumni,2015,High,Grantbury,MA,2025-12-01,5290.83,Capital Campaign
G204449,CA100709,Caitlin,Butler,caitlin.butler614@hotmail.com,634-874-5245x557,Parent,,Low,Farmertown,WV,2024-01-11,92.66,Annual Fund
G204450,CA100643,James,Harrison,james.harrison464@yahoo.com,(874)323-1830,Faculty/Staff,,Low,Grantborough,VT,2025-06-15,152.52,Capital Campaign
G204451,CA100399,Michael,Guzman,,001-357-300-2720x6345,Faculty/Staff,,Low,East Zachary,WI,2023-01-30,100.61,Athletics
G204452,CA101207,Vincent,JONES,,001-952-273-5364x235,Alumni,1990,Principal,West Christopherville,WI,"May 03, 2025",69582.16,Endowment
G204453,CA100254,Sarah,Andrews,sarah.andrews21@yahoo.com,(368)618-1845,Parent,,Low,Heatherfurt,OK,18-Mar-2026,71.05,Annual Fund
G204454,CA100884,David,Lopez,david.lopez623@hotmail.com,001-813-420-3301,Alumni,2004,Medium,West Susan,OK,"November 19, 2024",221.84,Annual Fund
G204455,CA101703,Alexis,Sanchez,alexis.sanchez342_at_gmail.com,001-819-932-5282,Parent,,High,East Oscarbury,NH,26-Feb-2023,3987.79,Athletics
G204456,CA101411,Jennifer,Brown,jennifer.brown157@hotmail.com,698.599.4885x669,Friend,,Low,North Mikeshire,SC,2026-04-09,80.42,Endowment
G204457,CA100718,Jeffrey,Simmons,jeffrey.simmons715@yahoo.com,495.587.3959,Friend,,High,East Kyle,CT,2025-05-26,5392.27,Endowment
G204458,CA100146,Vincent,Cooper,vincent.cooper340@gmail.com,914.761.1254x5738,Alumni,2016,Medium,Davismouth,MD,2022-07-12,528.4,Unrestricted
G204459,CA101345,Stephanie,Rivera,stephanie.rivera87@hotmail.com,265.255.7512x47640,Parent,,Low,Millsmouth,NC,2025-10-05,39.68,Endowment
G204460,CA100387,Christopher,Watts,christopher.watts661@yahoo.com,,Alumni,2018,Principal,West Geoffreyside,MD,2022-09-13,54750.96,Capital Campaign
G204461,CA101487,Elizabeth,Brennan,elizabeth.brennan221@hotmail.com,948.535.8626,Alumni,2016,Medium,Irwinport,NC,2025-05-28,216.12,Capital Campaign
G204462,CA100286,Brent,Dennis,brent.dennis607@yahoo.com,399.981.3646x225,Alumni,2018,Low,New Raymondland,MO,2026-02-25,262.61,Unrestricted
G204463,CA100035,Robert,Henry,robert.henry272@yahoo.com,(672)762-8498x776,Parent,,Low,Port Sarah,KY,"November 26, 2023",219.69,Scholarship Fund
G204464,CA101375,Ryan,Miller,ryanmiller378@gmailcom,263-342-0222x34998,Friend,,Low,Lake Samuel,NE,2026-04-11,46.33,Annual Fund
G204465,CA100981,Mark,Richardson,mark.richardson796@yahoo.com,001-423-904-1202x70615,Friend,,Low,New Troy,AR,2026-07-03,41.89,Capital Campaign
G204466,CA101016,Jose,Martin,jose.martin625@yahoo.com,921-720-3843,Alumni,2006,Low,South Michael,OR,2022-10-30,59.38,Scholarship Fund
G204467,CA100091,Diana,Nelson,diana.nelson975@yahoo.com,(867)465-2775x84161,Alumni,1993,High,Manuelland,MD,2024-06-30,2411.5,Scholarship Fund
G204468,CA101345,Stephanie,Rivera,stephanie.rivera87@hotmail.com,265.255.7512x47640,Parent,,Low,Millsmouth,NC,04-Jun-2024,144.95,Unrestricted
G204469,CA100625,Daniel,Hughes,,+1-248-676-9984x26732,Parent,,Low,Christopherbury,WI,2024-12-06,113.58,Capital Campaign
G204470,CA100126,Linda,Melendez,linda.melendez41@hotmail.com,,Parent,,Low,Faulknerside,NC,2025-01-24,144.46,Athletics
G204471,CA100183,Michael,Flores,michael.flores54@hotmail.com,,Friend,,Low,Port Jennamouth,NV,2024-08-31,45.19,Annual Fund
G204472,CA101436,Courtney,Owens,courtney.owens999@hotmail.com,001-714-556-4743x70194,Alumni,2008,Low,North Elizabethfort,NE,2022-10-10,59.95,Scholarship Fund
G204473,CA101692,Nancy,Sherman,nancy.sherman917@yahoo.com,+1-999-526-6536x197,Friend,,Medium,South Jayshire,VI,2026-03-11,331.87,Scholarship Fund
G204474,CA101742,Aaron,Rogers,aaron.rogers494@gmail.com,912.626.0082x2837,Alumni,2018,Medium,South Kimberly,MD,2026-02-13,258.59,Unrestricted
G204475,CA101151,Michael,Joyce,michael.joyce843@gmail.com,7278500030,Friend,,Low,Garciastad,SD,2025-03-15,96.18,Capital Campaign
G204476,CA101275,Jesus,Tran,jesus.tran630@gmail.com,(941)485-8990x027,Parent,,Medium,North Kimberlyport,MA,2023-01-26,369.63,Unrestricted
G204477,CA100682,Brendan,Greene,brendan.greene928@yahoo.com,965-740-8424x560,Parent,,Low,Cynthiaville,MI,"January 15, 2025",53.25,Annual Fund
G204478,CA100261,Ryan,James,ryan.james196@gmail.com,001-627-202-6728x8574,Parent,,Low,Garciaburgh,AR,06/03/2026,104.05,Capital Campaign
G204479,CA101591,Hailey,Evans,hailey.evans62@yahoo.com,+1-725-931-6498x283,Friend,,Medium,Scottchester,MI,2024-02-09,518.71,Scholarship Fund
G204480,CA101384,Alice,Henderson,alice.henderson316@gmail.com,470-568-0269x33154,Faculty/Staff,,Low,South Arthurburgh,ID,11-Feb-2024,128.19,Unrestricted
G204481,CA100870,Kimberly,Wyatt,kimberly.wyatt415@yahoo.com,+1-552-983-0615,Faculty/Staff,,Low,North Davidview,GA,2024-02-07,95.67,Unrestricted
G204482,CA101411,Jennifer,Brown,jennifer.brown157@hotmail.com,698.599.4885x669,Friend,,Low,North Mikeshire,SC,2022-11-09,37.3,Capital Campaign
G204483,CA101617,Timothy,Lane,timothy.lane660_at_gmail.com,997-217-7170x30568,Alumni,1971,Low,Charlesview,PW,2023-05-07,169.15,Athletics
G204484,CA100974,Monica,Duncan,monica.duncan673@gmail.com,5299295014,Alumni,1987,Low,Desireehaven,ID,22-Jul-2025,135.64,Annual Fund
G204485,CA100041,Glenda,Hernandez,glenda.hernandez958@hotmail.com,913-618-6999x3867,Alumni,2001,Principal,Torreston,RI,2024-07-14,52819.12,Annual Fund
G204486,CA101048,Jamie,White,jamie.white187@gmail.com,+1-508-355-1074x091,Organization,,Medium,North Stevenhaven,MS,2023-12-14,284.12,Scholarship Fund
G204487,CA100472,Amanda,Lopez,amanda.lopez911@gmail.com,597-341-2182x09702,Parent,,Low,Campbellbury,LA,2023-03-19,108.5,Athletics
G204488,CA100217,Brent,Walker,brentwalker672@hotmailcom,(963)217-7971x7751,Alumni,2000,Medium,South Robertside,OH,2025-12-17,338.63,Unrestricted
G204489,CA101024,Beth,Anderson,beth.anderson404@yahoo.com,847-624-6301,Alumni,2004,High,West David,IL,2026-04-21,14594.45,Athletics
G204490,CA100365,Paula,Montes,paula.montes620@hotmail.com,+1-529-975-1702x81406,Faculty/Staff,,Low,Christopherton,PA,2023-06-24,81.9,Capital Campaign
G204491,CA100550,Isaiah,Reese,isaiah.reese995@hotmail.com,+1-617-375-6620x563,Faculty/Staff,,Low,North Michaelmouth,AK,2026-07-08,71.56,Endowment
G204492,CA100071,Jennifer,Frank,jennifer.frank975@hotmail.com,+1-910-822-9014x767,Parent,,High,Jasonhaven,DE,2023-08-15,2554.69,Annual Fund
G204493,CA100281,Colton,Hardy,colton.hardy697@hotmail.com,(933)883-9288x6195,Alumni,1998,Low,East Lauraside,MO,2023-05-28,99.05,Annual Fund
G204494,CA100675,Tara,PARKER,tara.parker18@gmail.com,(476)527-0232x441,Friend,,High,South Christopher,IA,2023-10-20,2733.8,Unrestricted
G204495,CA101042,Michael,Arroyo,michael.arroyo955@yahoo.com,7922300716,Friend,,High,South Jonathanland,FM,2022-07-26,3427.04,Unrestricted
G204496,CA100802,David,Mitchell,david.mitchell808@gmail.com,698.563.2106x133,Parent,,Low,Michaelton,SD,"June 09, 2025",104.75,Unrestricted
G204497,CA101285,Crystal,Williams,crystal.williams860@gmail.com,808.480.8172,Friend,,Low,New Sonya,OH,27-Apr-2026,102.87,Capital Campaign
G204498,CA101350,Megan,Nicholson,megan.nicholson282@hotmail.com,224.652.8413x5694,Alumni,1989,Low,Robinmouth,IL,2024-04-30,53.04,Capital Campaign
G204499,CA100927,Kyle,Montgomery,kyle.montgomery816@gmail.com,(231)823-4266,Faculty/Staff,,Medium,New Thomasfurt,SC,2025-02-24,277.49,Unrestricted
G204500,CA100822,Thomas,Ramirez,thomas.ramirez441@hotmail.com,001-361-211-4576x832,Alumni,2009,High,North Ashley,TN,06/26/2025,2454.04,Unrestricted
G204501,CA100142,Michelle,Alexander,michelle.alexander594@yahoo.com,+1-992-545-9375x2654,Parent,,Medium,Nicholasfurt,MN,2022-12-20,549.74,Unrestricted
G204502,CA101611,Emily,Hughes,emily.hughes817@yahoo.com,+1-256-749-6741x9916,Alumni,2011,Low,New Erin,MS,2024-02-15,105.97,
G204503,CA101014,Sue,Ferguson,sue.ferguson113@hotmail.com,+1-460-508-0179x8677,Alumni,1983,Low,East Beckystad,NV,2024-10-26,105.79,Endowment
G204504,CA100677,David,Hines,david.hines89@gmail.com,(454)569-6815x7903,Alumni,1991,Low,Michaelhaven,GU,2024-05-10,100.04,Athletics
G204505,CA100385,Troy,Arellano,troy.arellano83@hotmail.com,,Friend,,Medium,Katieport,MD,2023-06-08,155.7,Scholarship Fund
G204506,CA101122,Amanda,Knapp,amanda.knapp509@gmail.com,+1-872-658-1225x90956,Faculty/Staff,,Low,Robinberg,IA,2022-07-11,81.49,Unrestricted
G204507,CA100558,Kayla,Gonzalez,kayla.gonzalez425@yahoo.com,955-297-3714,Alumni,2003,Medium,South Dustin,IL,2026-08-01,135.18,Unrestricted
G204508,CA101634,Raymond,Moreno,raymond.moreno655@hotmail.com,(210)346-6275,Friend,,Low,Georgeshire,NV,2024-06-14,68.15,Annual Fund
G204509,CA100981,Mark,Richardson,mark.richardson796@yahoo.com,001-423-904-1202x70615,Friend,,Low,New Troy,AR,"May 10, 2026",132.85,Scholarship Fund
G204510,CA100374,Julie,Wilson,julie.wilson702@gmail.com,001-923-842-3216x110,Alumni,2004,Low,East Danielhaven,OR,2024-04-16,55.77,Endowment
G204511,CA101767,Michelle,Faulkner,michelle.faulkner809@gmail.com,(302)827-4330x3727,Faculty/Staff,,Medium,West Kenneth,VI,07/22/2026,244.17,Athletics
G204512,CA100171,Ryan,Brandt,ryan.brandt932@gmail.com,,Alumni,2019,Medium,Josemouth,AS,2024-07-22,342.53,Unrestricted
G204513,CA101648,Gary,Reynolds,gary.reynolds326@gmail.com,001-247-236-5003x2990,Friend,,High,Turnermouth,MT,"January 02, 2026",7273.33,Capital Campaign
G204514,CA101164,Roger,Mendoza,roger.mendoza765@yahoo.com,667-517-7629x691,Parent,,Low,Port Randy,OR,2023-05-09,33.83,Capital Campaign
G204515,CA100326,Douglas,Dyer,douglas.dyer191@hotmail.com,(921)826-7969x27868,Friend,,Low,Jeremiahchester,PA,2026-09-13,151.02,Unrestricted
G204516,CA101445,Keith,Richardson,keith.richardson119@gmail.com,8467250692,Alumni,2015,Medium,Fergusonmouth,PR,01/24/2023,166.75,Endowment
G204517,CA100960,Danielle,Willis,danielle.willis352@gmail.com,732-715-5130,Friend,,Low,Johnsonborough,SC,10/21/2022,75.74,Athletics
G204518,CA101225,Emily,Moran,emily.moran346@yahoo.com,(478)400-2443x236,Faculty/Staff,,Low,South Brendafurt,PA,2026-02-15,85.83,Capital Campaign
G204519,CA100368,Alicia,Rogers,alicia.rogers491@hotmail.com,001-861-606-4628x79232,Organization,,High,Williamsport,MP,2023-04-10,4457.8,Annual Fund
G204520,CA100050,Patrick,Chase,patrick.chase438@yahoo.com,7573662702,Parent,,Low,Garciamouth,AL,2023-11-27,126.03,Annual Fund
G204521,CA100143,Daniel,Elliott,daniel.elliott557@hotmail.com,+1-828-907-3741,Alumni,2010,Low,Lake Kevin,KS,2025-04-26,158.23,Athletics
G204522,CA101417,Lucas,Chan,lucas.chan667@yahoo.com,(728)992-0641,Alumni,1996,Medium,New Katherinehaven,IA,"August 09, 2023",317.89,Athletics
G204523,CA101707,Taylor,Wilson,taylor.wilson904@gmail.com,001-466-703-2358x4180,Alumni,2003,Low,Dianeshire,OK,2025-09-07,127.9,Annual Fund
G204524,CA100701,Melissa,Edwards,melissa.edwards670@yahoo.com,(572)587-2760x1534,Alumni,1998,Low,West Charlotte,VA,03/18/2024,73.28,Endowment
G204525,CA100617,Jodi,Noble,jodi.noble744_at_hotmail.com,524.201.0783x5674,Friend,,Low,North Kimborough,ND,2023-04-04,74.88,Athletics
G204526,CA101047,Tina,Velez,tina.velez467@yahoo.com,(928)705-5077x4065,Friend,,High,Christopherfurt,GA,2025-11-01,5996.4,Unrestricted
G204527,CA101220,Kenneth,Zuniga,kenneth.zuniga135@gmail.com,317.819.7860,Alumni,1988,High,Port Vanessa,MI,2024-04-06,5708.91,Endowment
G204528,CA101370,Andrea,Sims,andrea.sims468@yahoo.com,+1-639-866-0734,Alumni,2011,Low,Fletcherfurt,HI,2024-02-11,112.49,Scholarship Fund
G204529,CA101511,Catherine,Thomas,catherine.thomas383@yahoo.com,(956)319-2767x137,Alumni,2007,Principal,Bradychester,IA,23-Mar-2024,48307.67,Capital Campaign
G204530,CA100926,Angela,Jacobs,angela.jacobs357@hotmail.com,001-771-384-2859x6932,Friend,,Medium,Andrewhaven,FM,2023-07-24,357.78,Unrestricted
G204531,CA100033,Anthony,Wright,anthony.wright949@gmail.com,+1-323-427-1937x452,Alumni,1988,Medium,Danieltown,ME,08-Jan-2026,496.13,Capital Campaign
G204532,CA100312,Michaela,Mckinney,michaela.mckinney386@yahoo.com,(517)335-7438x42150,Alumni,1969,Low,Hunterfort,MH,2023-12-18,114.8,Athletics
G204533,CA101043,William,Glover,william.glover299@hotmail.com,001-554-832-9876x989,Faculty/Staff,,Low,Davidview,KY,2024-12-04,155.44,Athletics
G204534,CA100380,Brooke,Ewing,,,Organization,,Medium,Port Roger,NM,10-Jul-2022,317.19,Annual Fund
G204535,CA100271,Stanley,Chavez,stanley.chavez588@hotmail.com,+1-673-450-2080x214,Alumni,2009,Medium,Acostabury,CO,2026-07-12,382.22,Scholarship Fund
G204536,CA100002,Lisa,Smith,lisa.smith559@gmail.com,001-765-642-3511x615,Alumni,2014,Low,Lake Stephenville,MS,08/27/2024,118.68,Unrestricted
G204537,CA101106,Jonathan,Jones,,+1-916-699-9393x449,Alumni,2020,High,New Nicole,FM,2024-11-12,2304.93,Capital Campaign
G204538,CA101115,Karen,Blair,karen.blair358@gmail.com,232.482.9302,Faculty/Staff,,High,Richardville,IL,2023-05-19,1127.16,Capital Campaign
G204539,CA100146,Vincent,Cooper,vincent.cooper340@gmail.com,914.761.1254x5738,Alumni,2016,Medium,Davismouth,MD,2024-08-17,324.67,Endowment
G204540,CA101271,Tyler,Robinson,tyler.robinson909@yahoo.com,(753)586-9479x02548,Friend,,Medium,Wilkinsonberg,MT,2025-01-11,642.24,Annual Fund
G204541,CA101631,Charles,CASTILLO,charles.castillo761@gmail.com,+1-958-466-3992x879,Alumni,1973,High,Harrisland,KS,2022-10-21,6648.08,Scholarship Fund
G204542,CA100988,Danny,Gonzalez,danny.gonzalez664@gmail.com,001-862-658-8576,Faculty/Staff,,Low,Johnsonville,OH,2026-08-13,274.92,Scholarship Fund
G204543,CA100050,Patrick,Chase,patrick.chase438@yahoo.com,7573662702,Parent,,Low,Garciamouth,AL,2025-06-16,202.79,Athletics
G204544,CA101438,Paula,Barnes,paula.barnes126@gmail.com,8923815780,Friend,,Medium,East Davidland,TX,2022-09-11,647.14,Scholarship Fund
G204545,CA100496,Riley,Sims,riley.sims756@hotmail.com,721-241-6141,Faculty/Staff,,Low,South Todd,WV,09/23/2025,70.35,Endowment
G204546,CA100245,Candace,Jones,candace.jones837@yahoo.com,,Friend,,Low,Andersontown,ID,2025-07-13,137.76,Capital Campaign
G204547,CA100958,Kendra,Hunter,kendra.hunter115@yahoo.com,+1-774-642-2758,Parent,,Medium,Jessicachester,MN,2023-05-17,329.87,Annual Fund
G204548,CA100373,Laura,Hansen,laura.hansen303@hotmail.com,488.916.7112x07545,Alumni,2001,Low,Geraldport,AK,2024-05-04,269.88,Athletics
G204549,CA100771,Ashley,Jackson,ashleyjackson768@hotmailcom,,Friend,,Medium,Lake Richard,WY,"October 03, 2024",321.33,Annual Fund
G204550,CA101384,Alice,Henderson,alice.henderson316@gmail.com,470-568-0269x33154,Faculty/Staff,,Low,South Arthurburgh,ID,2025-09-02,237.78,Annual Fund
G204551,CA100289,Katherine,Farrell,katherine.farrell980@gmail.com,001-703-592-4051x4770,Alumni,1999,Medium,East Amy,WV,07/10/2022,409.65,Scholarship Fund
G204552,CA100245,Candace,Jones,candace.jones837@yahoo.com,,Friend,,Low,Andersontown,ID,2022-12-02,104.68,Endowment
G204553,CA100399,Michael,Guzman,,001-357-300-2720x6345,Faculty/Staff,,Low,East Zachary,WI,2025-01-16,-48.42,Athletics
G204554,CA101777,Molly,Stevens,molly.stevens206@hotmail.com,(456)490-4484x6733,Organization,,Low,Lake Frankside,PA,2024-12-20,70.43,Unrestricted
G204555,CA101331,Sarah,Huang,sarah.huang45@yahoo.com,(799)424-2773x9238,Alumni,2001,Medium,East Johnburgh,AK,2023-02-14,970.96,Capital Campaign
G204556,CA100436,Aaron,Kelley,,9674949756,Faculty/Staff,,Medium,New Dana,WV,2026-08-26,624.76,Athletics
G204557,CA101340,Brenda,Michael,brenda.michael67@hotmail.com,+1-411-959-4853x4001,Faculty/Staff,,Low,Figueroaburgh,DC,2023-01-29,106.65,Annual Fund
G204558,CA100988,Danny,Gonzalez,danny.gonzalez664@gmail.com,001-862-658-8576,Faculty/Staff,,Low,Johnsonville,OH,2025-03-01,116.46,Scholarship Fund
G204559,CA100685,Benjamin,Lynch,benjamin.lynch499@hotmail.com,+1-816-381-5466x0241,Alumni,2018,High,New Jose,ME,2024-07-07,3422.55,Unrestricted
G204560,CA101643,Richard,Dawson,richard.dawson431@yahoo.com,280.629.9034,Alumni,2021,Low,West Thomas,VI,2023-02-28,82.63,Athletics
G204561,CA101024,Beth,Anderson,beth.anderson404@yahoo.com,847-624-6301,Alumni,2004,High,West David,IL,2023-06-15,1773.72,Unrestricted
G204562,CA101589,Emily,Gibson,emily.gibson784@yahoo.com,+1-721-826-2643,Alumni,1988,Low,Davidsonview,LA,2026-04-11,99.4,Endowment
G204563,CA100752,Adam,Cruz,adam.cruz56@gmail.com,,Organization,,High,Micheleburgh,ID,"October 17, 2022",4295.88,Capital Campaign
G204564,CA101526,Kendra,King,,,Alumni,2010,Medium,West Peterton,PA,2025-10-25,120.31,Unrestricted
G204565,CA100199,Tammy,Day,tammy.day629@yahoo.com,(757)643-7489x6910,Parent,,High,Gabriellefort,CA,2024-05-20,4028.87,Annual Fund
G204566,CA100809,Anna,Vincent,anna.vincent991@hotmail.com,001-473-704-5195x778,Parent,,Low,Jessicaside,FL,2025-10-07,44.38,Unrestricted
G204567,CA100562,Michelle,Wilson,michelle.wilson764@hotmail.com,(448)807-2791x03368,Alumni,2010,Medium,West Jason,ID,2025-01-27,882.8,Unrestricted
G204568,CA101728,  Brenda ,Gilbert,brenda.gilbert55@hotmail.com,001-444-857-4441x0769,Alumni,2012,Principal,South Danielle,MA,12/25/2024,81581.3,Athletics
G204569,CA101675,Michael,Hopkins,michael.hopkins673@hotmail.com,,Alumni,2009,Low,Port Josehaven,PR,2022-07-04,199.44,Unrestricted
G204570,CA100337,Deborah,Pratt,deborah.pratt383@gmail.com,724-647-1746,Parent,,Low,Port Charles,WI,2026-05-28,145.89,Unrestricted
G204571,CA101752,Holly,Wong,holly.wong578@yahoo.com,(710)251-1090x07017,Alumni,2021,Medium,North Nathan,FL,2025-06-25,594.51,Athletics
G204572,CA100845,George,Nelson,george.nelson748@gmail.com,680.962.2072x23959,Alumni,2012,Low,South Gregory,DE,2022-08-02,50.95,Annual Fund
G204573,CA101474,Tracey,Juarez,tracey.juarez12@yahoo.com,001-274-870-5311x05833,Friend,,Low,Spearsmouth,RI,2022-07-15,116.2,Annual Fund
G204574,CA100177,Christopher,Reyes,christopher.reyes368_at_yahoo.com,983.780.6578,Faculty/Staff,,Low,Paulburgh,AK,2026-08-11,30.78,Capital Campaign
G204575,CA101381,Jessica,Dominguez,jessica.dominguez760@yahoo.com,+1-974-793-2511x49788,Alumni,2015,Low,North Dennis,UT,2025-06-06,92.0,Annual Fund
G204576,CA101175,Jamie,Todd,jamie.todd512@gmail.com,213.258.9693x353,Friend,,Low,Amychester,CO,2023-12-04,80.92,Annual Fund
G204577,CA101742,Aaron,Rogers,aaron.rogers494@gmail.com,912.626.0082x2837,Alumni,2018,Medium,South Kimberly,MD,"December 17, 2022",962.95,Unrestricted
G204578,CA100826,Kathleen,Woods,kathleen.woods524@gmail.com,,Alumni,1989,Low,East Courtney,MT,2024-10-13,32.55,Endowment
G204579,CA100603,Derek,Jacobson,derek.jacobson50@hotmail.com,(244)407-9311,Alumni,2017,Medium,New Collinborough,CT,2023-08-01,982.36,Unrestricted
G204580,CA101431,Veronica,Smith,veronicasmith301@gmailcom,,Friend,,High,Port Michael,AZ,2024-08-08,5590.21,Capital Campaign
G204581,CA101625,Julie,Blake,julie.blake277@yahoo.com,810-473-5128,Alumni,1978,Low,Lake Laura,MT,2024-06-08,69.14,Athletics
G204582,CA101341,Renee,Velasquez,renee.velasquez384@hotmail.com,001-447-442-2567x871,Parent,,Low,South Alicia,ND,2026-05-21,83.75,Scholarship Fund
G204583,CA100709,Caitlin,Butler,caitlin.butler614@hotmail.com,634-874-5245x557,Parent,,Low,Farmertown,WV,2026-04-24,30.96,Capital Campaign
G204584,CA100686,Christina,Ryan,christina.ryan199@gmail.com,001-805-497-3642x480,Alumni,2011,Low,Josephchester,IL,2022-12-18,75.78,Scholarship Fund
G204585,CA100214,Joseph,Quinn,joseph.quinn892@yahoo.com,421-366-7467x62120,Parent,,Low,Pruittfort,AS,2026-01-03,95.18,Unrestricted
G204586,CA100865,Jacob,Jimenez,jacob.jimenez82@hotmail.com,(357)925-6592x0246,Alumni,,Low,Eddieberg,IA,10/16/2024,88.25,Endowment
G204587,CA100942,Douglas,Hopkins,douglas.hopkins369@gmail.com,(735)952-1650,Alumni,2002,High,Lake Josephshire,FL,2023-10-30,2576.61,Unrestricted
G204588,CA100528,Christopher,Williams,christopher.williams448@yahoo.com,743.635.6708x60414,Alumni,1975,Low,Jenniferbury,MD,2025-04-28,108.96,Endowment
G204589,CA100391,Zachary,Powers,zachary.powers307@hotmail.com,(808)229-7374,Alumni,1989,Principal,West Steven,IA,2023-04-24,245455.23,Unrestricted
G204590,CA101106,Jonathan,Jones,,+1-916-699-9393x449,Alumni,2020,High,New Nicole,FM,16-May-2026,2503.48,Annual Fund
G204591,CA101193,Kirk,Russell,kirk.russell377@gmail.com,244.422.5216,Alumni,2009,Low,Herbertshire,KY,2022-07-29,111.95,Annual Fund
G204592,CA101791,Alicia,Guzman,alicia.guzman723@hotmail.com,+1-581-396-6452,Parent,,Medium,Lake Barbarashire,AZ,2026-03-06,335.68,Annual Fund
G204593,CA101793,Nichole,Mooney,nichole.mooney251@yahoo.com,903-689-1918,Friend,,Medium,West Lisatown,DE,2024-06-20,-314.77,Capital Campaign
G204594,CA101640,Megan,Pham,megan.pham697@hotmail.com,414.692.0757x414,Friend,,Medium,Serranoshire,MT,2023-04-19,522.46,Capital Campaign
G204595,CA100555,Carlos,Ray,carlos.ray81@yahoo.com,312-974-7472,Alumni,2014,Low,West Michelefurt,MT,31-Oct-2025,77.12,Annual Fund
G204596,CA101068,Brian,Espinoza,brian.espinoza855@hotmail.com,577.475.6919,Alumni,2012,Medium,Lake Andrewburgh,PA,2023-07-20,360.56,Capital Campaign
G204597,CA100162,Paul,Allen,paul.allen774@hotmail.com,+1-418-905-5269x658,Parent,,Principal,North Brendatown,KS,2026-04-06,31316.88,Annual Fund
G204598,CA100651,Joseph,Douglas,joseph.douglas294@yahoo.com,(846)213-6847x4883,Organization,,Low,Lunastad,WV,2025-09-11,56.91,Endowment
G204599,CA101275,Jesus,Tran,jesus.tran630@gmail.com,(941)485-8990x027,Parent,,Medium,North Kimberlyport,MA,10-Jul-2025,721.04,Annual Fund
G204600,CA101413,Michael,Green,michael.green513@gmail.com,600.214.4130x6862,Alumni,,Medium,Stricklandville,FM,2024-12-27,231.83,Capital Campaign
G204601,CA101092,Jennifer,Smith,jennifer.smith725@gmail.com,001-894-442-5892x22560,Alumni,2014,Low,Jasonton,MH,2022-09-22,147.72,Scholarship Fund
G204602,CA101094,Kelsey,Delgado,kelsey.delgado322@yahoo.com,(601)836-2608,Friend,,Medium,New Maria,NJ,2025-07-04,1351.8,Capital Campaign
G204603,CA101465,James,Neal,james.neal595@gmail.com,791-643-9070,Alumni,2016,Low,Powerschester,AR,2025-09-18,80.15,Unrestricted
G204604,CA100897,Gabrielle,Orozco,gabrielle.orozco477@gmail.com,423-612-6163,Faculty/Staff,,Low,Oliviaburgh,MP,2022-12-01,143.56,
G204605,CA100638,Shirley,Davis,shirley.davis469@yahoo.com,450.498.8986x4565,Alumni,2017,Medium,Port Sierraborough,NE,2024-07-02,385.22,Scholarship Fund
G204606,CA100986,Jerry,Cole,jerry.cole411_at_yahoo.com,001-417-226-8080x81571,Alumni,2009,Low,West Janetmouth,CO,"September 11, 2025",143.26,Athletics
G204607,CA100812,Daniel,Mason,daniel.mason585@gmail.com,819.804.8235x71558,Alumni,2005,Low,New Michael,MT,2023-07-01,108.4,Endowment
G204608,CA101216,Justin,Cardenas,justin.cardenas324@gmail.com,997-538-8182,Friend,,Low,Port Elizabethbury,ME,2026-07-10,76.2,Annual Fund
G204609,CA100006,Katelyn,Callahan,katelyn.callahan592@gmail.com,+1-326-691-6697x8480,Alumni,1999,High,Danielchester,GA,2025-09-12,3277.18,Endowment
G204610,CA101025,Marie,Wong,mariewong247@hotmailcom,828.433.9121x870,Parent,,Low,East Zachary,NY,08-Feb-2025,156.95,Unrestricted
G204611,CA100081,David,Warner,david.warner155@hotmail.com,,Friend,,Low,Lake Ellenhaven,MN,2022-10-25,54.2,Endowment
G204612,CA101078,Kathleen,Carlson,kathleen.carlson382@yahoo.com,(496)564-7213x074,Alumni,2023,Medium,Kimberlyshire,DE,"October 22, 2025",165.13,Athletics
G204613,CA100112,John,Williams,john.williams233@hotmail.com,230.416.5712,Organization,,Medium,Delgadofort,NJ,2024-11-20,595.08,Capital Campaign
G204614,CA100766,Andre,Le,andre.le149@hotmail.com,550-221-3060x90691,Alumni,2011,High,North Deborahfort,OK,2023-07-19,2961.26,Annual Fund
G204615,CA100366,Danielle,Silva,danielle.silva742@gmail.com,001-243-701-8718x63759,Faculty/Staff,,Medium,Hernandezchester,MN,2022-08-14,859.63,Capital Campaign
G204616,CA101314,Jacob,Wilson,jacob.wilson802@hotmail.com,+1-960-947-2205x3970,Faculty/Staff,,Low,Michaelview,LA,24-Mar-2026,87.28,Annual Fund
G204617,CA101498,Antonio,Rivera,antonio.rivera545@hotmail.com,001-582-626-7312,Alumni,1994,Low,Port Kimberly,PW,2025-02-08,27.8,Capital Campaign
G204618,CA100974,Monica,Duncan,monica.duncan673@gmail.com,5299295014,Alumni,1987,Low,Desireehaven,ID,2025-07-21,102.62,Scholarship Fund
G204619,CA100601,Kathryn,Holmes,kathryn.holmes23@gmail.com,904-715-9149,Friend,,High,North Joyhaven,WA,2025-08-24,3003.74,Unrestricted
G204620,CA100903,Matthew,Johnson,matthew.johnson918@gmail.com,001-700-201-5291x13717,Friend,,Medium,Lake Edwardstad,MD,2024-12-12,134.11,Unrestricted
G204621,CA101124,Angela,Aguirre,angela.aguirre220@hotmail.com,+1-301-670-7403x925,Faculty/Staff,,Low,Gregorymouth,WA,2026-05-25,48.58,Athletics
G204622,CA100543,Diana,Flores,diana.flores677@yahoo.com,871.719.6421x522,Faculty/Staff,,High,Troyfort,UT,2025-12-15,1939.09,Athletics
G204623,CA100375,Brian,Wilson,brian.wilson751@yahoo.com,5144011939,Alumni,1994,Principal,Anthonyberg,PR,2024-04-29,56950.73,Unrestricted
G204624,CA100492,  Kelsey ,Walton,kelsey.walton89@yahoo.com,975.406.6337x05024,Faculty/Staff,,High,Johnshire,TN,2025-08-20,1374.52,Endowment
G204625,CA100834,Andrea,Long,andrea.long590@gmail.com,847.578.9489,Alumni,1976,Low,Brentchester,SC,2022-12-06,159.58,Annual Fund
G204626,CA100898,Wendy,Patel,wendy.patel342@hotmail.com,576.229.7454,Alumni,1968,Medium,South Kenneth,WI,2022-10-21,390.6,Endowment
G204627,CA101371,Jessica,Reed,jessica.reed426@hotmail.com,001-858-341-7491,Alumni,1989,High,Smithtown,GA,2026-08-04,1946.41,Annual Fund
G204628,CA101361,Natalie,Payne,natalie.payne655@gmail.com,001-288-861-8207,Alumni,2010,Medium,Espinozaton,VI,2024-02-27,657.43,Scholarship Fund
G204629,CA100536,  Lisa ,Holloway,lisa.holloway806@gmail.com,001-942-540-8916x4983,Alumni,1996,Medium,Josephshire,SC,10/06/2024,612.52,Annual Fund
G204630,CA100130,Ashley,Sanchez,ashley.sanchez419@hotmail.com,+1-254-277-7252x2872,Alumni,1976,Medium,Port Elizabethtown,MT,2026-06-28,320.71,Endowment
G204631,CA100991,Joel,Tate,joel.tate812@hotmail.com,494-290-5315,Alumni,2013,Low,Cherylhaven,AZ,"November 27, 2024",112.87,Capital Campaign
G204632,CA101308,Thomas,Williams,thomas.williams338@gmail.com,001-230-545-4184,Alumni,1982,Low,East Christopher,ND,"January 26, 2023",24.38,Endowment
G204633,CA100849,Katherine,Taylor,katherine.taylor237@yahoo.com,(932)403-7476x7753,Alumni,1986,Low,Moyerbury,FL,05/09/2026,86.88,Endowment
G204634,CA100631,Justin,Johnson,justin.johnson688@hotmail.com,(456)257-4902x504,Friend,,High,New Jasonmouth,NY,2026-08-15,2492.87,Endowment
G204635,CA101625,Julie,Blake,julie.blake277@yahoo.com,810-473-5128,Alumni,1978,Low,Lake Laura,MT,2022-07-12,69.92,Scholarship Fund
G204636,CA101467,Michael,Armstrong,michael.armstrong767@gmail.com,+1-747-959-7833x54883,Alumni,2016,Low,New Jacobport,OK,2022-10-11,59.73,Annual Fund
G204637,CA100105,Keith,Hughes,,001-584-899-1216x55852,Alumni,2000,High,North Benjaminmouth,AS,2024-05-12,3204.67,Endowment
G204638,CA101321,Dorothy,Scott,dorothy.scott447@yahoo.com,+1-392-305-4894x4538,Alumni,2019,Medium,Lake Annside,PA,2025-11-23,207.77,Scholarship Fund
G204639,CA100135,Joseph,Glass,joseph.glass716@hotmail.com,689-402-5039x261,Parent,,Medium,New Mary,MS,2024-09-07,539.2,Endowment
G204640,CA100509,Cynthia,Wallace,cynthia.wallace940@gmail.com,911-617-8309,Faculty/Staff,,Low,Port Brittanyfurt,NJ,2024-01-08,70.14,Unrestricted
G204641,CA100283,Susan,Smith,susan.smith157@gmail.com,490-382-4043x3504,Alumni,2020,Medium,South Michaelberg,KS,2025-05-11,581.66,Athletics
G204642,CA101326,Harold,Turner,harold.turner580@gmail.com,695.747.9406,Alumni,1996,Low,North Erin,MD,2025-08-28,71.04,Unrestricted
G204643,CA100777,Victoria,Diaz,victoria.diaz468@yahoo.com,584.680.7520,Friend,,Low,Shanechester,MA,"February 12, 2025",56.66,Annual Fund
G204644,CA101729,Justin,Hall,justin.hall52@yahoo.com,(791)260-4359x839,Friend,,Low,Burnettshire,NE,2025-04-24,80.87,Unrestricted
G204645,CA100548,Lisa,Hernandez,lisa.hernandez457_at_gmail.com,228.447.6570x4120,Parent,,Low,North Randy,NE,"November 09, 2023",67.72,Endowment
G204646,CA100286,Brent,Dennis,brent.dennis607@yahoo.com,399.981.3646x225,Alumni,2018,Low,New Raymondland,MO,2025-01-25,106.47,Scholarship Fund
G204647,CA101206,Allen,Taylor,allen.taylor998@hotmail.com,282-423-8794,Faculty/Staff,,Principal,Taylorhaven,MI,"September 16, 2022",38885.61,Annual Fund
G204648,CA100283,Susan,Smith,susan.smith157@gmail.com,490-382-4043x3504,Alumni,2020,Medium,South Michaelberg,KS,2024-08-23,546.83,Annual Fund
G204649,CA101464,Kenneth,Lawson,kenneth.lawson290@hotmail.com,+1-468-833-4400x95224,Alumni,2019,Low,Jamesmouth,RI,2025-03-27,77.93,Unrestricted
G204650,CA100975,Brian,Morrow,brian.morrow302@gmail.com,001-367-413-9719,Alumni,2017,Medium,Williamsberg,VA,2023-08-26,286.48,Endowment
G204651,CA100587,Tristan,Hamilton,tristan.hamilton431@hotmail.com,5313310094,Parent,,Medium,West Jeremyfurt,MO,2023-11-04,665.03,Capital Campaign
G204652,CA100634,Kristie,Hall,kristie.hall649@gmail.com,+1-736-392-9445,Alumni,2024,High,South Robertberg,OK,2023-09-01,659.72,Scholarship Fund
G204653,CA100724,Nathaniel,Skinner,nathaniel.skinner627@hotmail.com,400-450-7026x08698,Alumni,2003,High,North Michaelbury,CO,2025-03-12,4881.3,Endowment
G204654,CA100356,Julie,Johnson,julie.johnson516@yahoo.com,626.825.7016x580,Alumni,1986,Low,Helenside,OK,"May 29, 2024",48.02,Unrestricted
G204655,CA100555,Carlos,Ray,carlos.ray81@yahoo.com,312-974-7472,Alumni,2014,Low,West Michelefurt,MT,18-Jul-2024,324.17,Unrestricted
G204656,CA101263,Brianna,King,brianna.king801@gmail.com,+1-201-222-3414x9929,Friend,,High,Fostermouth,AZ,2023-03-02,1805.29,Scholarship Fund
G204657,CA100957,Lisa,Pacheco,lisa.pacheco259@yahoo.com,,Parent,,Medium,Brownmouth,VI,2025-01-22,174.2,Unrestricted
G204658,CA101473,Jeffrey,Ramos,jeffrey.ramos886@yahoo.com,436-462-8081,Alumni,1998,Low,Meyerstad,PR,2024-03-06,130.29,Endowment
G204659,CA101691,Elizabeth,Stone,elizabeth.stone130@hotmail.com,001-265-552-3917,Alumni,2016,Low,West John,AL,2024-12-14,159.49,Scholarship Fund
G204660,CA101545,Christopher,Duran,christopher.duran814@yahoo.com,+1-696-795-1930,Alumni,2020,High,Port Rebecca,NM,23-Mar-2025,4434.1,Endowment
G204661,CA100792,Carrie,Macdonald,carrie.macdonald795@hotmail.com,217-763-4250x733,Organization,,Low,Malloryfort,OH,2024-11-26,131.94,Unrestricted
G204662,CA101082,Erica,Holt,erica.holt912@yahoo.com,923-277-7296x65633,Alumni,2009,Low,West Rhondaton,WV,2022-07-26,61.8,Annual Fund
G204663,CA101391,Mitchell,Sanchez,mitchell.sanchez421@hotmail.com,709.466.4147x53369,Faculty/Staff,,Medium,Natalieview,WV,2023-07-25,231.8,Endowment
G204664,CA101717,Anthony,Payne,anthony.payne309@yahoo.com,001-458-201-5176x4296,Alumni,2006,Low,West Cody,MI,2024-09-04,43.27,Annual Fund
G204665,CA101125,Nina,Duran,nina.duran232@yahoo.com,922-427-6433,Parent,,High,North Michael,LA,2022-09-02,8655.22,Capital Campaign
G204666,CA101590,Kaitlyn,SMITH,kaitlyn.smith346@hotmail.com,+1-907-751-9919x817,Alumni,2011,High,Caseyshire,TX,2022-09-24,4320.99,Unrestricted
G204667,CA101270,William,Alexander,,999.693.2420x2483,Alumni,1998,Medium,Kelseyland,WI,2026-01-12,548.95,Scholarship Fund
G204668,CA100490,Melissa,Blake,melissa.blake123@yahoo.com,+1-982-382-4674x746,Parent,,Low,Derrickfort,ID,2022-08-24,77.11,Annual Fund
G204669,CA101041,Helen,Rush,helen.rush534@gmail.com,795-409-2711,Friend,,High,Millerton,WA,2022-09-21,2673.61,Scholarship Fund
G204670,CA100735,  Courtney ,Ruiz,courtney.ruiz601@hotmail.com,641.389.7215x406,Alumni,2009,Low,Simmonsburgh,FM,2025-10-14,36.39,Endowment
G204671,CA100100,Rachel,Morgan,rachel.morgan849@hotmail.com,2019094396,Parent,,Low,Dawnport,NJ,2024-08-23,94.92,Capital Campaign
G204672,CA101770,Elizabeth,Bush,elizabeth.bush585@yahoo.com,(490)659-4699x84288,Alumni,2004,Low,Stephensonmouth,FL,2023-12-22,46.51,Athletics
G204673,CA100204,Michelle,Silva,michelle.silva454@hotmail.com,273-481-6846,Alumni,2020,High,East Matthew,OK,2025-05-20,2461.16,Endowment
G204674,CA100879,Pamela,White,pamela.white461@gmail.com,001-613-604-4881,Alumni,2017,Low,South Karenton,ME,2023-08-08,120.62,Annual Fund
G204675,CA100108,Thomas,Coffey,thomas.coffey436@hotmail.com,001-430-597-2896,Organization,,Low,New Stacyville,ID,2022-08-01,58.7,Scholarship Fund
G204676,CA101710,Jared,Hogan,jared.hogan313@hotmail.com,6564308292,Faculty/Staff,,Low,Walkerburgh,AS,2024-01-15,116.41,Endowment
G204677,CA101666,Abigail,George,abigail.george780@hotmail.com,001-851-945-4983,Alumni,2003,Principal,West Paulview,OK,2024-11-30,8710.57,Capital Campaign
G204678,CA100812,Daniel,Mason,daniel.mason585@gmail.com,819.804.8235x71558,Alumni,2005,Low,New Michael,MT,03-Mar-2023,117.56,Endowment
G204679,CA100010,Carlos,Johnson,carlos.johnson702@yahoo.com,983-547-3829,Alumni,1998,Medium,Aguirreborough,CT,2024-12-25,595.57,Capital Campaign
G204680,CA100199,Tammy,Day,tammy.day629@yahoo.com,(757)643-7489x6910,Parent,,High,Gabriellefort,CA,2023-07-01,988.69,Scholarship Fund
G204681,CA101357,Shannon,Shaw,shannon.shaw231@hotmail.com,7226379006,Alumni,1998,Medium,Brownside,KY,2024-11-22,745.65,Scholarship Fund
G204682,CA100428,Linda,Acevedo,linda.acevedo5@gmail.com,856-626-0602x90846,Alumni,2006,Medium,Reginatown,GU,2024-06-01,550.35,Capital Campaign
G204683,CA101103,Michael,Hudson,michael.hudson660@yahoo.com,753.705.9702,Alumni,2012,Low,East Allisonmouth,MT,2022-09-12,85.09,Athletics
G204684,CA100251,Christopher,Thomas,christopher.thomas927@hotmail.com,(211)443-5190x66984,Alumni,2006,Principal,Gonzalesborough,PR,2024-01-01,38785.74,Scholarship Fund
G204685,CA100422,Jennifer,Moyer,jennifer.moyer357@hotmail.com,+1-957-329-3417x2232,Alumni,1988,Medium,Hahnfort,ME,2024-02-05,1050.08,Capital Campaign
G204686,CA100796,Gregory,Austin,gregory.austin645@gmail.com,+1-445-399-0802x7112,Alumni,2011,Low,Lake Jimmy,WV,"January 18, 2026",53.41,Unrestricted
G204687,CA100984,Calvin,Ramos,calvin.ramos447@hotmail.com,,Organization,,High,Nathanchester,MP,2023-01-18,1505.91,Scholarship Fund
G204688,CA100457,Mary,Trevino,mary.trevino982@yahoo.com,(733)631-5377x959,Friend,,Low,Murphyville,NH,01-Apr-2025,141.21,Endowment
G204689,CA100794,Jose,Thomas,jose.thomas255@gmail.com,4619572768,Faculty/Staff,,Medium,Danielview,NH,2026-03-29,446.93,Unrestricted
G204690,CA101464,Kenneth,Lawson,kenneth.lawson290@hotmail.com,+1-468-833-4400x95224,Alumni,2019,Low,Jamesmouth,RI,2025-12-13,176.07,Capital Campaign
G204691,CA100928,David,Gallagher,david.gallagher473@gmail.com,+1-572-434-8389x3595,Parent,,Low,Port Loriport,GU,"January 05, 2025",43.17,Capital Campaign
G204692,CA100864,David,Newman,david.newman627@hotmail.com,+1-594-737-0526,Alumni,2015,Low,North Anthonyview,MS,2026-07-23,73.79,Capital Campaign
G204693,CA100477,Nicole,Moore,nicolemoore318@hotmailcom,+1-341-337-6815,Friend,,High,Robertburgh,KS,2025-03-11,1517.05,Capital Campaign
G204694,CA101224,Patricia,Rhodes,patricia.rhodes163@hotmail.com,+1-864-377-1837x5307,Alumni,1985,High,East Laurenside,AL,2026-05-24,-4139.23,Annual Fund
G204695,CA100795,Joshua,Mccarthy,joshua.mccarthy97@yahoo.com,729-825-0105x8752,Alumni,2014,Medium,Lake Ryanmouth,MO,08/18/2026,168.12,Scholarship Fund
G204696,CA100178,Luis,Robinson,luis.robinson218@yahoo.com,5786593213,Alumni,1989,Low,Port Wendybury,OK,2025-08-25,67.93,Annual Fund
G204697,CA100405,Thomas,Gomez,thomas.gomez508@hotmail.com,+1-490-604-8964x65280,Parent,,Low,New Trevor,MA,2025-09-27,110.43,Scholarship Fund
G204698,CA101185,Jacob,Anderson,jacob.anderson332@gmail.com,(942)904-1231x905,Parent,,High,North Joseph,KY,2025-07-22,1250.37,Athletics
G204699,CA101635,Johnny,Jackson,johnny.jackson171@gmail.com,560.278.5483,Alumni,2007,Low,Williamfort,FL,2026-05-01,102.2,Annual Fund
G204700,CA101162,Christopher,Cobb,christopher.cobb792@hotmail.com,438.392.6087,Parent,,Low,Laurafort,ND,"June 02, 2024",197.53,Scholarship Fund
G204701,CA101706,Mary,Stewart,mary.stewart225@yahoo.com,+1-306-427-8790x259,Parent,,Low,Lake Jessicafurt,IA,2025-08-04,78.49,Athletics
G204702,CA100503,Barbara,Smith,barbara.smith463@gmail.com,001-583-366-5528,Faculty/Staff,,Medium,Smithmouth,MD,2022-09-19,282.42,Athletics
G204703,CA101141,Eric,Mccullough,eric.mccullough827@hotmail.com,+1-921-788-3527x918,Alumni,2013,Principal,South Stephaniefort,NM,2025-11-27,76809.59,Scholarship Fund
G204704,CA100927,Kyle,Montgomery,kyle.montgomery816@gmail.com,(231)823-4266,Faculty/Staff,,Medium,New Thomasfurt,SC,"April 13, 2025",306.95,Endowment
G204705,CA101027,Ryan,Wilson,ryan.wilson721@gmail.com,698.276.1081x43561,Friend,,Principal,New Keith,MD,"February 25, 2025",9857.39,Capital Campaign
G204706,CA100013,Sara,Glover,sara.glover552@yahoo.com,(987)423-4309x80500,Faculty/Staff,,Medium,New Christopherburgh,CA,2024-04-15,795.77,Athletics
G204707,CA100135,Joseph,Glass,joseph.glass716@hotmail.com,689-402-5039x261,Parent,,Medium,New Mary,MS,"November 05, 2022",405700.0,Annual Fund
G204708,CA100489,Barbara,Faulkner,barbara.faulkner427@gmail.com,871-456-6277x689,Alumni,2007,Low,Smithfurt,NE,07/26/2025,137.76,Athletics
G204709,CA101488,Lawrence,Moore,lawrence.moore132@hotmail.com,575.687.0894x326,Organization,,Low,Johnchester,PA,2026-02-05,129.77,Annual Fund
G204710,CA101770,Elizabeth,Bush,elizabeth.bush585@yahoo.com,(490)659-4699x84288,Alumni,2004,Low,Stephensonmouth,FL,2025-04-03,111.14,Athletics
G204711,CA101455,Zachary,Stewart,zachary.stewart696@yahoo.com,317.878.4019x027,Alumni,2010,Medium,South Jacqueline,NE,2025-05-26,359.57,Endowment
G204712,CA101148,Danielle,Drake,danielle.drake984@gmail.com,,Alumni,,Low,Tammieville,MP,2026-01-22,96.53,Scholarship Fund
G204713,CA100672,Anthony,Wilson,anthony.wilson760@hotmail.com,+1-327-727-9559x6905,Friend,,High,East Robertmouth,MA,"September 30, 2022",3870.01,Endowment
G204714,CA101055,Shelia,Smith,shelia.smith929@gmail.com,(996)680-1867x7403,Parent,,High,Lake Pamela,IL,2022-07-31,1699.49,Scholarship Fund
G204715,CA100268,Kaitlyn,Wiley,kaitlyn.wiley688@yahoo.com,684.257.8317x45642,Alumni,1991,High,New Lisaberg,MI,2025-09-03,5765.28,Endowment
G204716,CA101112,Sarah,Yang,sarah.yang113@gmail.com,334.274.2463,Friend,,Low,Jessemouth,VT,2024-08-27,69.24,Unrestricted
G204717,CA101492,Donald,Marshall,donald.marshall445@yahoo.com,001-233-679-5311x12359,Alumni,2016,High,South Michael,FM,2022-08-24,4820.57,Unrestricted
G204718,CA101607,Matthew,Brown,matthew.brown736@hotmail.com,+1-381-693-7684x1847,Alumni,1997,Medium,Lambertburgh,AK,2024-02-28,319.57,Endowment
G204719,CA100921,Robert,Davis,robert.davis731@gmail.com,001-842-888-6050x537,Alumni,2011,Low,Burchton,NC,2025-02-05,31.06,Capital Campaign
G204720,CA101650,John,Mclaughlin,john.mclaughlin955@yahoo.com,940-742-3169x79206,Friend,,Medium,Sophiabury,RI,"April 12, 2024",460.56,Capital Campaign
G204721,CA101497,Sarah,Coleman,sarah.coleman50@gmail.com,396-830-3995,Alumni,2012,Principal,Everettport,MA,10/02/2023,18803.09,Athletics
G204722,CA100191,Rodney,Mcneil,rodney.mcneil234@yahoo.com,829.745.1168,Alumni,2014,Low,Apriltown,WY,2024-05-22,79.09,Capital Campaign
G204723,CA100753,Dana,Jimenez,dana.jimenez356@hotmail.com,451.429.5927,Organization,,Medium,Johnsonton,ND,2024-07-06,267.49,Capital Campaign
G204724,CA100277,Amy,Henry,amy.henry729@hotmail.com,(385)457-4982,Friend,,Medium,Phillipsview,ND,05/18/2025,228.1,Endowment
G204725,CA101287,Sharon,Jennings,sharon.jennings570@hotmail.com,+1-461-227-6620x808,Alumni,2017,Low,New David,AR,2026-07-02,95.61,Scholarship Fund
G204726,CA100683,Jessica,Schmidt,jessica.schmidt186@yahoo.com,621.781.2276,Alumni,1988,Medium,Barkerbury,PW,2025-05-14,403.35,Scholarship Fund
G204727,CA100898,Wendy,Patel,wendy.patel342@hotmail.com,576.229.7454,Alumni,1968,Medium,South Kenneth,WI,05/24/2026,514.15,
G204728,CA101402,Michael,Ayala,michael.ayala821@gmail.com,563-599-4901,Alumni,1982,Medium,West Teresa,IL,2023-10-04,484.02,Athletics
G204729,CA101007,Collin,Miller,collin.miller543@yahoo.com,(581)835-9266x48698,Alumni,2002,High,Collinshaven,MS,2025-07-23,652330.0,Athletics
G204730,CA100254,Sarah,Andrews,sarah.andrews21@yahoo.com,(368)618-1845,Parent,,Low,Heatherfurt,OK,2024-02-21,49.68,Endowment
G204731,CA100490,Melissa,Blake,melissa.blake123@yahoo.com,+1-982-382-4674x746,Parent,,Low,Derrickfort,ID,2026-07-23,62.66,Unrestricted
G204732,CA100289,Katherine,Farrell,katherine.farrell980@gmail.com,001-703-592-4051x4770,Alumni,1999,Medium,East Amy,WV,2025-01-18,743.8,Annual Fund
G204733,CA101146,Andrew,Smith,andrew.smith56@hotmail.com,547.648.5994x641,Alumni,1994,Principal,South Stevenport,MP,2023-11-18,46151.92,Annual Fund
G204734,CA100868,Courtney,Conner,courtney.conner776@yahoo.com,(679)893-5937x44039,Faculty/Staff,,Principal,Adambury,AZ,2022-12-04,33692.71,Annual Fund
G204735,CA101609,William,Johns,william.johns730@yahoo.com,877-409-0676x1837,Alumni,1980,High,Aaronchester,SD,22-May-2023,1785.6,Annual Fund
G204736,CA101056,Eileen,Hudson,eileen.hudson120@yahoo.com,295-530-0677x6255,Alumni,2020,Low,Lake Michael,AL,2022-08-15,181.08,Annual Fund
G204737,CA101193,Kirk,Russell,kirk.russell377@gmail.com,244.422.5216,Alumni,2009,Low,Herbertshire,KY,31-Mar-2024,102.62,Endowment
G204738,CA100184,Alexander,Clark,alexander.clark460@hotmail.com,454-810-0676,Faculty/Staff,,Low,Maciasstad,ND,2022-12-28,186.12,Athletics
G204739,CA101651,James,Blanchard,james.blanchard530@hotmail.com,001-769-404-5392,Alumni,2015,High,Grantbury,MA,2024-03-09,1873.45,Annual Fund
G204740,CA100396,Scott,King,scott.king443@hotmail.com,5786515867,Alumni,2009,High,West Thomas,MN,2025-05-08,1422.95,Annual Fund
G204741,CA100536,  Lisa ,Holloway,lisa.holloway806@gmail.com,001-942-540-8916x4983,Alumni,1996,Medium,Josephshire,SC,10/01/2026,279.99,Annual Fund
G204742,CA100531,Blake,Donaldson,blake.donaldson401@hotmail.com,937.511.8954,Parent,,Low,North David,MT,2025-12-08,75.7,Endowment
G204743,CA101038,Michelle,Braun,michelle.braun690@hotmail.com,,Alumni,2006,Low,New Cheryl,FM,2022-11-10,164.61,Athletics
G204744,CA100564,Ross,Thompson,ross.thompson454@hotmail.com,(386)364-6491,Alumni,2016,Medium,Lake Allenchester,CT,2022-11-10,439.82,Athletics
G204745,CA101168,Karen,Martinez,karen.martinez710@hotmail.com,001-419-602-2179x7891,Alumni,2016,High,Lake Charlene,VI,2024-08-14,1030.03,Unrestricted
G204746,CA101304,James,Dennis,james.dennis865@yahoo.com,847-448-9047x6078,Alumni,1987,Low,West Valerie,FM,"August 23, 2023",123.05,Capital Campaign
G204747,CA101266,Benjamin,Ross,benjamin.ross348@yahoo.com,760-276-2643,Alumni,2008,High,New Markmouth,HI,"January 25, 2024",3671.39,Scholarship Fund
G204748,CA100966,Scott,Martinez,scott.martinez950@yahoo.com,(417)233-7399,Alumni,,Low,Hunterberg,OK,22-Sep-2025,177.44,
G204749,CA101240,Rodney,Brown,rodney.brown895@yahoo.com,,Alumni,1984,Medium,New Nicole,MN,2025-09-03,205.25,Scholarship Fund
G204750,CA101639,Shannon,Smith,shannon.smith610@yahoo.com,001-737-795-8291,Alumni,2007,Medium,Lisaland,NE,2023-04-01,342.26,Capital Campaign
G204751,CA100245,Candace,Jones,candace.jones837@yahoo.com,,Friend,,Low,Andersontown,ID,2025-09-18,137.59,Scholarship Fund
G204752,CA101582,Kaitlin,Wilson,kaitlin.wilson3@hotmail.com,+1-776-845-3496x551,Friend,,Low,Oliviafurt,NV,"February 16, 2023",55.63,Endowment
G204753,CA100237,Amanda,Baker,amanda.baker158@hotmail.com,510-280-9969,Alumni,1999,Low,Amyside,NJ,09/27/2024,75.88,Endowment
G204754,CA101270,William,Alexander,,999.693.2420x2483,Alumni,1998,Medium,Kelseyland,WI,"May 02, 2023",573.78,Endowment
G204755,CA101498,Antonio,Rivera,antonio.rivera545@hotmail.com,001-582-626-7312,Alumni,1994,Low,Port Kimberly,PW,2023-11-19,65.77,Scholarship Fund
G204756,CA100942,Douglas,Hopkins,douglas.hopkins369@gmail.com,(735)952-1650,Alumni,2002,High,Lake Josephshire,FL,2026-05-30,7601.03,Annual Fund
G204757,CA101417,Lucas,Chan,lucas.chan667@yahoo.com,(728)992-0641,Alumni,1996,Medium,New Katherinehaven,IA,2024-11-25,261.35,Unrestricted
G204758,CA100158,Christopher,Beck,christopher.beck110@hotmail.com,(506)943-6110,Alumni,1968,Medium,East Brittneyhaven,TX,2025-07-26,421.03,Annual Fund
G204759,CA101224,Patricia,Rhodes,patricia.rhodes163@hotmail.com,+1-864-377-1837x5307,Alumni,1985,High,East Laurenside,AL,2026-02-05,2927.87,Endowment
G204760,CA101308,Thomas,Williams,thomas.williams338@gmail.com,001-230-545-4184,Alumni,1982,Low,East Christopher,ND,07-Jul-2026,243.98,Scholarship Fund
G204761,CA101753,Michael,Roberts,michael.roberts930@yahoo.com,(939)720-1029,Alumni,1998,High,Adamsmouth,TX,07/24/2026,2572.07,Unrestricted
G204762,CA100514,Andrea,Green,andreagreen63@hotmailcom,(367)614-6283,Alumni,2007,Low,Lake Nathan,TN,2025-06-02,53.71,Unrestricted
G204763,CA100015,Joseph,Anderson,joseph.anderson164@hotmail.com,675-410-7991x1838,Alumni,1986,Low,Nicolebury,MN,"December 23, 2024",62.99,Scholarship Fund
G204764,CA100704,Rebecca,Anderson,rebecca.anderson288@yahoo.com,2337399771,Alumni,2013,Low,East Timothymouth,CO,08/30/2024,85.53,Scholarship Fund
G204765,CA101185,Jacob,Anderson,jacob.anderson332@gmail.com,(942)904-1231x905,Parent,,High,North Joseph,KY,2024-01-02,2103.0,Scholarship Fund
G204766,CA101181,Tyler,Green,tyler.green358@hotmail.com,+1-709-722-8849x874,Alumni,1995,Low,Port Jasminemouth,ND,2025-07-31,166.08,Unrestricted
G204767,CA101657,Gloria,Evans,gloria.evans252@yahoo.com,(241)919-9255x1253,Alumni,2011,Low,New Christopherbury,GU,2023-03-05,71.2,Endowment
G204768,CA100867,Jason,Cook,jason.cook948@hotmail.com,001-684-986-8999x3607,Alumni,2007,Medium,West Marvinchester,OR,2023-03-13,220.94,Athletics
G204769,CA100577,Jesse,Jones,jesse.jones990@yahoo.com,+1-738-731-8491x966,Alumni,2023,Low,East Brandon,NM,2023-02-25,93.42,Unrestricted
G204770,CA101389,Joseph,Hunt,joseph.hunt332@yahoo.com,942.509.5367,Parent,,Low,Dorothyside,SC,2023-03-31,64.57,Unrestricted
G204771,CA100043,Michele,Jones,michele.jones76@gmail.com,493-661-8324x210,Alumni,1969,Low,Scottmouth,UT,"October 29, 2025",154.02,Scholarship Fund
G204772,CA101694,Jacqueline,Ritter,jacqueline.ritter572@gmail.com,793-317-9670x605,Alumni,2011,Medium,Salasmouth,NH,02/14/2026,253.79,Unrestricted
G204773,CA101300,Thomas,Diaz,thomas.diaz180_at_hotmail.com,7799661869,Parent,,Medium,Port Kathy,PW,2023-09-07,325.49,Scholarship Fund
G204774,CA100267,Courtney,Anderson,courtney.anderson891@gmail.com,9054577848,Friend,,Medium,New Carla,SC,2026-04-08,193.52,Scholarship Fund
G204775,CA101634,Raymond,Moreno,raymond.moreno655@hotmail.com,(210)346-6275,Friend,,Low,Georgeshire,NV,2025-09-11,55.23,Unrestricted
G204776,CA101415,Jerome,Arnold,jerome.arnold395@gmail.com,(482)540-8475,Alumni,2020,High,Zoeshire,PA,2023-06-11,9108.95,Annual Fund
G204777,CA100613,Michelle,Peterson,michelle.peterson663@hotmail.com,001-387-933-9785x5982,Alumni,2023,Low,Garrettland,OK,2023-10-21,114.72,Unrestricted
G204778,CA100710,Shelby,Brown,shelby.brown222@yahoo.com,(827)840-3344x505,Alumni,1989,Low,Angelaborough,AS,2024-02-22,48.26,Unrestricted
G204779,CA101630,Michael,Owen,michaelowen204@yahoocom,+1-268-587-8602,Alumni,2002,Low,East David,FM,2026-04-12,135.88,Athletics
G204780,CA101598,Brittany,Le,brittany.le112@hotmail.com,541.985.5950,Faculty/Staff,,Low,Nathanfurt,AZ,2024-08-23,42.13,Annual Fund
G204781,CA101471,Diana,Robinson,diana.robinson35@hotmail.com,001-530-310-0090x899,Friend,,Medium,Meyertown,AS,2023-02-10,349.48,Capital Campaign
G204782,CA100127,Dennis,Sanchez,dennis.sanchez235@gmail.com,517-551-8304x69901,Faculty/Staff,,Low,Clarkmouth,ME,2026-07-15,65.16,Capital Campaign
G204783,CA101378,Nicole,Taylor,nicole.taylor877@yahoo.com,3187637263,Faculty/Staff,,Low,Englishmouth,MI,25-Apr-2023,287.68,Unrestricted
G204784,CA101412,Jaclyn,Peterson,jaclynpeterson493@yahoocom,(463)855-8422x717,Alumni,2012,Low,Andersonstad,MO,2025-08-29,31.22,Endowment
G204785,CA100873,Christopher,Thompson,,+1-440-591-1225,Alumni,2013,Low,Ritterstad,AK,2026-03-07,101.42,Endowment
G204786,CA100695,Linda,Massey,linda.massey869@gmail.com,371.800.6876,Parent,,Low,Nicoleside,DE,2022-12-15,199.0,Athletics
G204787,CA101017,Jessica,Delacruz,jessica.delacruz208@hotmail.com,6784525482,Alumni,1999,Medium,Lake Angelabury,NY,2022-12-18,169.51,Endowment
G204788,CA100750,Mary,Johnson,mary.johnson381@yahoo.com,001-415-311-6966x6725,Faculty/Staff,,Medium,Michaelchester,FM,2024-06-15,236.14,Annual Fund
G204789,CA100413,Alison,Holland,alison.holland143@gmail.com,276-317-4224x3864,Parent,,Medium,New Danielchester,MT,2026-07-17,536.71,Endowment
G204790,CA101675,Michael,Hopkins,michael.hopkins673@hotmail.com,,Alumni,2009,Low,Port Josehaven,PR,24-Oct-2022,132.11,Annual Fund
G204791,CA100237,Amanda,Baker,amanda.baker158@hotmail.com,510-280-9969,Alumni,1999,Low,Amyside,NJ,2025-12-05,93.47,Endowment
G204792,CA101485,Dawn,Hill,dawn.hill321@yahoo.com,+1-795-567-4068x73544,Alumni,2016,High,Markland,KY,2023-02-26,4331.53,Scholarship Fund
G204793,CA100625,Daniel,Hughes,,+1-248-676-9984x26732,Parent,,Low,Christopherbury,WI,2025-01-08,95.39,Annual Fund
G204794,CA101433,Kimberly,Nicholson,kimberly.nicholson597@gmail.com,(520)561-9019,Alumni,,Low,West Christine,NM,"February 06, 2023",41.65,Capital Campaign
G204795,CA100560,Jennifer,Savage,jennifer.savage421@hotmail.com,542.701.6542,Parent,,Low,Olsonside,UT,2023-12-26,131.47,Unrestricted
G204796,CA101364,Alexander,Tucker,alexander.tucker881@gmail.com,001-412-331-5550x5705,Friend,,Low,Williamsonbury,NC,2026-02-04,92.92,Unrestricted
G204797,CA100667,Christina,Smith,christina.smith554@hotmail.com,329-458-0660x13824,Friend,,Medium,Williamsborough,UT,2024-02-04,178.72,Capital Campaign
G204798,CA100083,Kellie,Lamb,kellie.lamb969@gmail.com,001-670-965-3794x7383,Friend,,Low,West Erika,OK,"October 30, 2025",54.77,Athletics
G204799,CA100095,David,Farrell,david.farrell590@yahoo.com,(671)455-1884,Alumni,2001,High,Port Michael,IN,10/30/2024,3428.07,Capital Campaign
G204800,CA101097,Lisa,Smith,lisa.smith298@gmail.com,(520)819-7121x24139,Parent,,Medium,Fordshire,SD,2023-07-26,520.88,Capital Campaign
G204801,CA100797,Michael,Kelly,michael.kelly370@gmail.com,(951)476-8086x62813,Alumni,2005,Principal,Port Rhondaview,IN,"June 03, 2026",64656.15,Annual Fund
G204802,CA101154,Timothy,Ortega,timothy.ortega455@yahoo.com,+1-365-724-0622,Alumni,1998,Low,Cherylchester,VI,2024-11-28,169.21,Unrestricted
G204803,CA100225,Miranda,Stevenson,miranda.stevenson155@gmail.com,001-286-638-4066x6580,Friend,,Low,New Misty,VI,2024-04-28,106.54,Annual Fund
G204804,CA101483,Dorothy,Burke,dorothy.burke306@gmail.com,(223)836-9318,Friend,,Low,North Alexander,NM,2024-07-01,89.8,Scholarship Fund
G204805,CA100746,Sara,Young,sara.young588@hotmail.com,(712)353-8921x878,Organization,,Low,Lake Michael,UT,2025-08-30,63.58,Athletics
G204806,CA100217,Brent,Walker,brentwalker672@hotmailcom,(963)217-7971x7751,Alumni,2000,Medium,South Robertside,OH,2025-07-27,1488.59,
G204807,CA101632,Laurie,Shaffer,laurie.shaffer957@hotmail.com,(262)591-7964x416,Parent,,High,Port Ian,OH,2026-06-13,4245.89,Scholarship Fund
G204808,CA100950,Susan,Bradshaw,susan.bradshaw91@gmail.com,462-841-5285x72562,Friend,,Medium,Port Heather,MA,2023-11-24,423.47,Scholarship Fund
G204809,CA101114,Joseph,Chaney,joseph.chaney292@yahoo.com,450.623.8502,Alumni,1999,High,Myersburgh,NV,2025-12-25,802.26,Scholarship Fund
G204810,CA100201,Edward,Cannon,edward.cannon411_at_gmail.com,,Alumni,1986,High,Guerreroberg,VA,2023-12-27,3292.35,Athletics
G204811,CA101433,Kimberly,Nicholson,kimberly.nicholson597@gmail.com,(520)561-9019,Alumni,,Low,West Christine,NM,06-Jun-2024,48.53,Capital Campaign
G204812,CA100693,Dillon,Harvey,dillon.harvey794@gmail.com,+1-296-805-9329x715,Alumni,1968,Low,Port Robin,NH,2026-03-23,108.94,Athletics
G204813,CA100520,Erica,Randolph,erica.randolph398@gmail.com,578.281.6093x0685,Alumni,2001,Medium,Oconnellhaven,MH,14-Nov-2022,874.27,Endowment
G204814,CA101799,Adam,Lane,adam.lane394@gmail.com,,Friend,,Low,New Melissa,MD,2026-02-10,97.19,Unrestricted
G204815,CA100766,Andre,Le,andre.le149@hotmail.com,550-221-3060x90691,Alumni,2011,High,North Deborahfort,OK,2025-01-21,1991.27,Endowment
G204816,CA101625,Julie,Blake,julie.blake277@yahoo.com,810-473-5128,Alumni,1978,Low,Lake Laura,MT,2024-06-30,158.19,Athletics
G204817,CA101726,Phillip,Williams,phillip.williams154@gmail.com,887.388.5285,Parent,,Low,Kimberlyshire,NH,2022-07-19,139.78,Athletics
G204818,CA100268,Kaitlyn,Wiley,kaitlyn.wiley688@yahoo.com,684.257.8317x45642,Alumni,1991,High,New Lisaberg,MI,"December 13, 2024",992.01,Capital Campaign
G204819,CA101633,William,Ruiz,william.ruiz4@gmail.com,310-928-7451x20220,Alumni,2008,Principal,Kennethview,CA,2023-01-27,68988.77,Scholarship Fund
G204820,CA100856,Lisa,Hamilton,lisa.hamilton894@yahoo.com,584-976-0944x12833,Alumni,2003,Medium,North Heidi,NY,2026-02-13,361.38,Scholarship Fund
G204821,CA100944,Krista,Parrish,krista.parrish826@gmail.com,(605)609-3869,Alumni,2016,Medium,West Nicole,MA,2022-11-15,226.72,Scholarship Fund
G204822,CA100201,Edward,Cannon,edward.cannon411_at_gmail.com,,Alumni,1986,High,Guerreroberg,VA,2023-04-06,1010.81,Annual Fund
G204823,CA101723,Erin,Glover,erin.glover340@hotmail.com,+1-630-745-7627,Faculty/Staff,,Medium,North Wendytown,OH,2023-03-29,431.2,Annual Fund
G204824,CA101400,Robert,Mayo,robert.mayo811@gmail.com,,Alumni,1991,Medium,Flemingside,IN,2026-07-20,272.1,Endowment
G204825,CA100192,Isabella,Matthews,isabella.matthews321@yahoo.com,362-629-9911,Organization,,Medium,Natalieview,MS,2024-08-01,492.87,Annual Fund
G204826,CA100604,  Thomas ,Wall,thomas.wall712@yahoo.com,(301)846-7238x4979,Alumni,2005,Medium,Lake Andrew,FL,2023-06-29,523.24,Endowment
G204827,CA100395,Daniel,Navarro,,898.547.1391x55963,Alumni,2000,Low,North Gregory,KY,28-Oct-2023,184.2,Athletics
G204828,CA100307,Daniel,Blair,daniel.blair486@hotmail.com,917.994.6954x89952,Alumni,,Medium,Mortonbury,VT,2025-02-11,454.79,Capital Campaign
G204829,CA100428,Linda,Acevedo,linda.acevedo5@gmail.com,856-626-0602x90846,Alumni,2006,Medium,Reginatown,GU,2023-01-13,535.92,Unrestricted
G204830,CA100955,John,Simmons,john.simmons645@yahoo.com,7094421410,Alumni,1991,Medium,Reyeshaven,DE,2026-04-09,671.69,Scholarship Fund
G204831,CA100205,Patricia,Hatfield,patricia.hatfield774@gmail.com,421-975-2500x74329,Friend,,Low,East Christinachester,MO,"May 19, 2026",49.11,Annual Fund
G204832,CA101177,Dennis,Romero,dennis.romero504@gmail.com,572.670.2896x6605,Alumni,2015,Medium,New Christopher,AS,2026-05-29,691.87,Endowment
G204833,CA100894,Diane,Dominguez,diane.dominguez539@gmail.com,736.751.1893x9406,Organization,,Low,Hawkinsburgh,AK,2024-10-19,127.9,Annual Fund
G204834,CA100279,Cole,Hopkins,cole.hopkins565@gmail.com,(820)931-7310,Alumni,2009,Medium,Brandonbury,PA,2025-03-09,205.08,Annual Fund
G204835,CA100697,Latasha,Bowen,latasha.bowen991@yahoo.com,,Organization,,Medium,Douglasberg,PW,2022-07-12,1267.56,Scholarship Fund
G204836,CA100264,Fernando,Perez,fernando.perez274@yahoo.com,+1-444-296-4759x8762,Organization,,Low,Lake Jimmy,KS,2026-05-21,106.93,Annual Fund
G204837,CA100924,John,Kemp,john.kemp188@gmail.com,773.354.3788x26033,Alumni,2012,Low,North Elizabethmouth,UT,2022-11-18,102.47,Unrestricted
G204838,CA100017,Elizabeth,Spencer,elizabeth.spencer550@hotmail.com,524-711-8244,Alumni,1995,Medium,Lake Cynthia,KS,"November 10, 2024",1155.93,Capital Campaign
G204839,CA101299,Matthew,Hall,matthew.hall566@hotmail.com,266.791.9489x6298,Alumni,2001,Principal,Fergusontown,CO,2023-11-15,36039.6,Annual Fund
G204840,CA100063,Michelle,Anderson,michelle.anderson704@yahoo.com,395.302.4026,Alumni,2003,Low,Weststad,NY,2026-02-17,81.7,Athletics
G204841,CA100855,Taylor,Zavala,taylor.zavala156@hotmail.com,711.475.9574x9885,Alumni,2002,Low,Lindabury,IN,2022-08-12,94.62,Unrestricted
G204842,CA101296,Mark,Morrison,markmorrison197@hotmailcom,391.622.6000,Alumni,1997,Low,Brandonmouth,MO,2025-06-19,54.31,Unrestricted
G204843,CA100016,Justin,Kim,justin.kim480@hotmail.com,,Faculty/Staff,,Medium,Cherylhaven,AL,2022-08-15,257.77,Capital Campaign
G204844,CA100892,Robert,Ferrell,robert.ferrell645@gmail.com,287-623-3351,Alumni,2019,Low,New Robertview,SD,2024-03-30,71.31,Athletics
G204845,CA101134,Mark,Doyle,mark.doyle242@yahoo.com,+1-464-864-1962x3421,Alumni,2015,Low,East Charles,HI,2022-11-27,97.23,Endowment
G204846,CA100484,Sandra,Wise,sandra.wise537_at_gmail.com,,Alumni,2010,Medium,Gregorymouth,PR,2022-11-12,288.38,Capital Campaign
G204847,CA101390,Colleen,Thompson,colleen.thompson835@yahoo.com,756.315.2665,Alumni,2006,Low,Tonyfurt,GA,2025-08-16,160.21,Scholarship Fund
G204848,CA101390,Colleen,Thompson,colleen.thompson835@yahoo.com,756.315.2665,Alumni,2006,Low,Tonyfurt,GA,2025-01-15,56.83,Endowment
G204849,CA101075,Michael,Brown,michael.brown644@hotmail.com,733.943.0311,Alumni,2018,High,Johnsonview,MN,14-Aug-2026,1773.69,Athletics
G204850,CA100241,John,Kaufman,john.kaufman585@gmail.com,665.557.7908x27231,Parent,,Low,East Eric,PA,13-Oct-2025,110.69,Scholarship Fund
G204851,CA100131,Derrick,Mccoy,derrick.mccoy968@gmail.com,,Alumni,1996,High,North Jeffery,NH,2023-10-23,602.35,Scholarship Fund
G204852,CA101358,Lisa,Joyce,lisa.joyce24@hotmail.com,241-976-7553x98188,Alumni,2003,Medium,South Willie,MI,2026-08-10,64.7,Athletics
G204853,CA101305,Adam,Hood,adam.hood371@yahoo.com,,Parent,,Low,Charlesland,WY,2024-12-21,214.46,Annual Fund
G204854,CA100903,Matthew,Johnson,matthew.johnson918@gmail.com,001-700-201-5291x13717,Friend,,Medium,Lake Edwardstad,MD,12/22/2025,619.26,Capital Campaign
G204855,CA101252,Sean,Cook,sean.cook798@hotmail.com,(359)999-2012x3763,Alumni,2004,Low,Parkerstad,KY,2024-09-17,101.7,Endowment
G204856,CA100434,Teresa,Colon,teresa.colon499@gmail.com,727.372.8813x77028,Alumni,2001,Low,Rodriguezstad,OK,2026-03-12,120.98,Unrestricted
G204857,CA100323,Ashley,Gentry,ashley.gentry205@yahoo.com,,Alumni,1985,Low,Robbinsstad,CO,2025-05-10,94.27,Scholarship Fund
G204858,CA100026,Susan,Fitzgerald,susanfitzgerald8@hotmailcom,548-495-1343,Alumni,2002,Medium,North Johnfort,RI,01/28/2026,344.82,
G204859,CA101043,William,Glover,william.glover299@hotmail.com,001-554-832-9876x989,Faculty/Staff,,Low,Davidview,KY,24-Apr-2025,49.13,Endowment
G204860,CA101446,Daniel,Cardenas,daniel.cardenas967@gmail.com,(627)667-2935x09793,Parent,,Low,North David,DE,2023-10-15,300.53,Annual Fund
G204861,CA101785,Kenneth,Phillips,kenneth.phillips631@gmail.com,5302276947,Alumni,2017,Low,West Stephanie,ID,2022-12-18,36.74,Athletics
G204862,CA100416,Thomas,Holt,thomas.holt917@hotmail.com,001-597-349-9564x1220,Alumni,1991,Low,Lake Taratown,IL,09/09/2023,103.39,Athletics
G204863,CA101637,Brandon,Miller,brandon.miller889@yahoo.com,979-223-2671x48581,Alumni,1984,Low,West Bradleyville,OK,04/25/2025,124.03,Annual Fund
G204864,CA100109,Andrew,Edwards,andrew.edwards314@gmail.com,(836)789-7028x38578,Friend,,Low,South Rhonda,MA,2026-06-29,55.15,Unrestricted
G204865,CA100379,Melissa,Jacobson,melissa.jacobson62@yahoo.com,+1-352-407-1678x11266,Faculty/Staff,,Low,West Theresamouth,ID,2022-10-02,42.75,Endowment
G204866,CA101426,William,Wang,william.wang100_at_yahoo.com,372-741-5536,Alumni,2015,Medium,Leslieport,PR,10/15/2024,450.01,Annual Fund
G204867,CA100014,Brooke,Leonard,brooke.leonard225@gmail.com,(719)639-9091x6998,Friend,,Medium,Lake Jennifer,IA,2024-02-22,393.35,Capital Campaign
G204868,CA101224,Patricia,Rhodes,patricia.rhodes163@hotmail.com,+1-864-377-1837x5307,Alumni,1985,High,East Laurenside,AL,"January 02, 2023",2481.39,Athletics
G204869,CA100331,Michaela,Smith,michaela.smith847@gmail.com,,Parent,,Low,New Joanne,TN,12/01/2024,74.76,Capital Campaign
G204870,CA100126,Linda,Melendez,linda.melendez41@hotmail.com,,Parent,,Low,Faulknerside,NC,2024-03-03,75.69,Scholarship Fund
G204871,CA100359,Alisha,Martinez,alisha.martinez696@hotmail.com,+1-384-379-5137,Alumni,1994,Low,Hurstport,CA,2024-06-10,110.73,Scholarship Fund
G204872,CA101507,Gerald,Williams,gerald.williams732@yahoo.com,433-446-0184,Alumni,1982,Low,North Jimmyside,GA,2024-06-20,153.33,Scholarship Fund
G204873,CA100583,Christopher,Miranda,christopher.miranda654@hotmail.com,558-233-1170,Friend,,Low,South Lori,ID,2025-08-21,110.61,Unrestricted
G204874,CA101187,Joshua,Crane,joshua.crane464@gmail.com,001-487-426-4963,Friend,,Low,Christianfort,MP,2025-08-18,29.73,Endowment
G204875,CA101184,Julie,Nixon,julie.nixon697@gmail.com,001-233-364-7704x1309,Alumni,2021,Low,Jameschester,AK,2026-04-20,92.48,Endowment
G204876,CA100638,Shirley,Davis,shirley.davis469@yahoo.com,450.498.8986x4565,Alumni,2017,Medium,Port Sierraborough,NE,2023-01-28,263.86,Annual Fund
G204877,CA100478,Jared,Williams,jared.williams782@gmail.com,676-356-3600,Alumni,2010,High,West Ellen,NH,"April 13, 2025",3592.47,Endowment
G204878,CA101791,Alicia,Guzman,alicia.guzman723@hotmail.com,+1-581-396-6452,Parent,,Medium,Lake Barbarashire,AZ,2025-12-22,501.32,Annual Fund
G204879,CA101256,Kelsey,Garcia,kelsey.garcia497@hotmail.com,443-608-7797,Alumni,2015,Medium,Jacobsberg,MN,2022-12-18,323.33,Athletics
G204880,CA100712,Nicholas,Garcia,nicholas.garcia172@hotmail.com,648-557-4172x15622,Alumni,1999,Medium,South Johnshire,ND,2024-02-27,331.02,Capital Campaign
G204881,CA100631,Justin,Johnson,justin.johnson688@hotmail.com,(456)257-4902x504,Friend,,High,New Jasonmouth,NY,2023-12-16,1502.36,Unrestricted
G204882,CA101061,Caitlin,Smith,caitlin.smith360@yahoo.com,815-423-8023,Parent,,Low,Lake Lauraburgh,CA,2022-12-06,75.82,Capital Campaign
G204883,CA100274,Eric,Chandler,eric.chandler139@hotmail.com,+1-581-347-4350,Alumni,1968,Principal,Lake Ryan,AL,2026-01-15,250970.96,Annual Fund
G204884,CA101072,  Peter ,Gonzalez,peter.gonzalez525@yahoo.com,+1-533-496-5049x627,Friend,,Low,South Dennis,FM,2023-10-14,273.91,Unrestricted
G204885,CA100634,Kristie,Hall,kristie.hall649@gmail.com,+1-736-392-9445,Alumni,2024,High,South Robertberg,OK,2023-01-26,2704.8,Endowment
G204886,CA101571,Rachel,Shepherd,rachelshepherd366@yahoocom,+1-680-228-6060x48022,Alumni,2017,Low,Loganport,FM,2024-08-17,196.72,Capital Campaign
G204887,CA100495,Ryan,Thompson,,001-223-472-8179x323,Alumni,2010,Low,West Tonya,VI,2024-08-07,125.45,Capital Campaign
G204888,CA100421,Briana,Cohen,briana.cohen26@hotmail.com,,Faculty/Staff,,Medium,Andersonport,VA,2024-09-21,498.0,Endowment
G204889,CA100755,Angela,Morgan,angela.morgan192@yahoo.com,(337)336-0507,Alumni,2009,Medium,Rhondashire,OK,2024-03-28,465.71,Capital Campaign
G204890,CA100616,Anthony,Morgan,anthony.morgan820@yahoo.com,950.323.8503,Faculty/Staff,,High,West Tinachester,PA,2023-11-20,2941.36,Endowment
G204891,CA100020,  Kara ,Frost,kara.frost945@gmail.com,,Alumni,2015,High,Port Lisa,FM,"December 31, 2023",8911.27,Annual Fund
G204892,CA100183,Michael,Flores,michael.flores54@hotmail.com,,Friend,,Low,Port Jennamouth,NV,2023-12-11,46.69,Annual Fund
G204893,CA101164,Roger,Mendoza,roger.mendoza765@yahoo.com,667-517-7629x691,Parent,,Low,Port Randy,OR,04/21/2025,139.35,Endowment
G204894,CA101645,Tanya,Whitaker,tanya.whitaker8@gmail.com,(649)220-3693x091,Alumni,1995,Low,Lake Martinmouth,IA,2025-03-05,109.53,Unrestricted
G204895,CA100088,Douglas,Patterson,douglas.patterson578@hotmail.com,(239)862-1851x888,Alumni,2021,Low,Williamsfurt,MN,2024-07-13,103.01,Endowment
G204896,CA100335,Corey,Pena,corey.pena910@yahoo.com,239.838.5258x001,Friend,,Low,New Daltonmouth,MI,2025-01-31,75.38,Scholarship Fund
G204897,CA101288,Cynthia,Brock,cynthia.brock822@yahoo.com,644.743.5962,Faculty/Staff,,Low,Yoderland,HI,2024-10-08,42.42,Endowment
G204898,CA100990,Antonio,Whitney,antonio.whitney753@yahoo.com,(361)645-9011x07977,Friend,,Low,North Kaitlynview,OR,2023-03-27,119.79,Scholarship Fund
G204899,CA101071,Jesus,Long,jesus.long265@gmail.com,698-665-5049,Parent,,Low,Dianamouth,NE,31-Aug-2023,91.17,Athletics
G204900,CA100472,Amanda,Lopez,amanda.lopez911@gmail.com,597-341-2182x09702,Parent,,Low,Campbellbury,LA,2022-10-04,331.94,Unrestricted
G204901,CA100411,Michelle,Davis,michelle.davis745@gmail.com,(666)442-1476,Alumni,,Low,Elizabethstad,NY,03-Oct-2022,54.1,Unrestricted
G204902,CA100314,Steven,Williams,steven.williams981@hotmail.com,001-340-694-3533x44857,Alumni,2012,High,East Joshua,AL,2026-03-11,2768.43,Endowment
G204903,CA100606,Justin,Wilson,justin.wilson121@yahoo.com,9949097052,Parent,,Medium,Albertburgh,MI,2024-04-29,385.3,Scholarship Fund
G204904,CA100341,Lisa,Olson,lisa.olson875@hotmail.com,+1-755-346-0158,Friend,,Medium,Hodgesport,SD,2024-11-30,304.27,Unrestricted
G204905,CA100510,Zoe,Park,zoe.park927@yahoo.com,001-821-951-8260,Alumni,2006,Low,New Maryside,VT,2022-08-03,108.24,Endowment
G204906,CA100017,Elizabeth,Spencer,elizabeth.spencer550@hotmail.com,524-711-8244,Alumni,1995,Medium,Lake Cynthia,KS,2023-04-11,345.02,Capital Campaign
G204907,CA100009,Rodney,Lewis,rodney.lewis547@hotmail.com,001-534-565-7871x33150,Alumni,2019,Medium,North Jeanton,IN,2023-03-05,460.64,Unrestricted
G204908,CA100419,Crystal,Marquez,crystal.marquez765@yahoo.com,599.284.0767x8997,Alumni,2018,Low,South Barbaraside,CA,18-Sep-2023,130.59,Scholarship Fund
G204909,CA100340,Sean,Mosley,sean.mosley561@gmail.com,+1-800-864-2569x0877,Faculty/Staff,,Low,New Jeremiahfurt,UT,2023-12-31,89.51,Capital Campaign
G204910,CA101139,Lynn,Avila,lynn.avila742@gmail.com,928.838.9633,Alumni,2018,Medium,New Matthewville,FM,2025-07-17,433.75,Unrestricted
G204911,CA100341,Lisa,Olson,lisa.olson875@hotmail.com,+1-755-346-0158,Friend,,Medium,Hodgesport,SD,2026-07-29,511.07,Capital Campaign
G204912,CA100910,Ricardo,Gregory,ricardo.gregory927@hotmail.com,(889)446-4203,Alumni,2004,Low,Jenniferhaven,NE,2025-05-08,43.34,Scholarship Fund
G204913,CA100491,Eric,Lopez,eric.lopez71@gmail.com,357.866.6567x49160,Alumni,1974,Medium,East Kathryn,KS,"April 12, 2024",526.4,Endowment
G204914,CA100532,Andrea,King,andrea.king326@hotmail.com,(657)416-1768x802,Parent,,Medium,Brandonshire,AR,12/31/2024,314.63,Capital Campaign
G204915,CA100540,Patricia,Ochoa,patricia.ochoa96@yahoo.com,372-830-8481x00184,Alumni,2019,Medium,North Rhonda,AK,2023-12-22,1321.36,Scholarship Fund
G204916,CA101256,Kelsey,Garcia,kelsey.garcia497@hotmail.com,443-608-7797,Alumni,2015,Medium,Jacobsberg,MN,2025-04-02,568.97,Athletics
G204917,CA101604,Jessica,Pacheco,jessica.pacheco100@yahoo.com,001-512-488-6691x122,Alumni,1975,High,West Courtneyburgh,MD,2022-10-15,4850.59,Annual Fund
G204918,CA100504,Duane,Hahn,duane.hahn703@gmail.com,972.594.2095x4814,Faculty/Staff,,Medium,Carterfurt,AR,2024-08-20,303.33,Athletics
G204919,CA101062,Michael,Lozano,michael.lozano910@gmail.com,797.705.9161x18638,Faculty/Staff,,High,Lake Briannamouth,OK,"August 11, 2026",2601.4,Athletics
G204920,CA100476,Debbie,Ellison,debbieellison412@yahoocom,001-446-392-6329x676,Parent,,Principal,Haleton,IA,2025-10-20,27016.27,Scholarship Fund
G204921,CA101532,James,Ryan,james.ryan228@hotmail.com,337-205-4245,Alumni,1996,Low,South Michelle,TN,25-Jan-2025,73.57,Annual Fund
G204922,CA101512,Brenda,Morales,brenda.morales872@gmail.com,001-566-978-3055x7371,Parent,,Low,Madelineton,GA,2025-07-12,82.28,Unrestricted
G204923,CA100327,Adrian,Jimenez,adrian.jimenez10@hotmail.com,984.768.9500,Friend,,Medium,New Timothyland,FL,2024-11-20,304.21,Capital Campaign
G204924,CA100914,Jessica,Anderson,jessica.anderson785@hotmail.com,001-505-604-0433x335,Parent,,Low,Nicoleville,MO,2022-11-08,240.32,Athletics
G204925,CA100801,Nicole,Hicks,nicole.hicks550@gmail.com,(532)680-9448x5862,Alumni,2009,Medium,Jamesview,MO,2024-07-24,279.8,Capital Campaign
G204926,CA100608,Sydney,Obrien,sydney.obrien509@gmail.com,001-888-342-5995,Alumni,2011,Low,North Melissaburgh,IN,2025-05-06,53.51,Annual Fund
G204927,CA100254,Sarah,Andrews,sarah.andrews21@yahoo.com,(368)618-1845,Parent,,Low,Heatherfurt,OK,2026-08-21,126.07,Annual Fund
G204928,CA100586,Michael,Lewis,michael.lewis344@yahoo.com,568.850.7451x06634,Friend,,Low,New Joshua,PA,2022-07-20,34.45,Scholarship Fund
G204929,CA100982,Gabriel,Harvey,,001-716-769-0632x2481,Parent,,Medium,Stephanieburgh,GU,"April 01, 2024",576.72,Annual Fund
G204930,CA101280,Sarah,Lowe,sarah.lowe782@gmail.com,439.892.8919x8271,Alumni,2001,Low,Tammyborough,WI,2022-07-21,27.71,Athletics
G204931,CA100510,Zoe,Park,zoe.park927@yahoo.com,001-821-951-8260,Alumni,2006,Low,New Maryside,VT,2026-06-26,84.36,Endowment
G204932,CA101128,Jonathan,Miles,jonathan.miles258@gmail.com,(763)429-5634x2777,Friend,,Low,West Ashley,AK,2026-08-09,225.45,Unrestricted
G204933,CA101157,Jeffery,Martin,jeffery.martin267@hotmail.com,5034622117,Parent,,Low,Simpsonchester,WI,2026-05-22,179.01,Unrestricted
G204934,CA101075,Michael,Brown,michael.brown644@hotmail.com,733.943.0311,Alumni,2018,High,Johnsonview,MN,2026-03-19,5650.19,Unrestricted
G204935,CA100192,Isabella,Matthews,isabella.matthews321@yahoo.com,362-629-9911,Organization,,Medium,Natalieview,MS,11/25/2024,507.19,Unrestricted
G204936,CA100082,Andrew,Parker,andrew.parker426_at_gmail.com,473-832-2141x88805,Alumni,2007,Low,East Henry,UT,2025-09-28,148.94,Unrestricted
G204937,CA100982,Gabriel,Harvey,,001-716-769-0632x2481,Parent,,Medium,Stephanieburgh,GU,2022-11-09,633.82,Athletics
G204938,CA100538,Frank,Thompson,frank.thompson777@yahoo.com,+1-393-812-1637x61820,Alumni,1991,Low,Smithtown,WV,2024-04-22,116.61,Capital Campaign
G204939,CA101032,Alexis,Young,alexis.young373@yahoo.com,+1-388-791-7879,Alumni,2004,Medium,West Leahchester,HI,04/26/2025,689.18,
G204940,CA101498,Antonio,Rivera,antonio.rivera545@hotmail.com,001-582-626-7312,Alumni,1994,Low,Port Kimberly,PW,2025-03-19,37.18,Athletics
G204941,CA101725,Erin,Jones,erin.jones113@hotmail.com,998.499.3074x61139,Alumni,1991,Medium,Garciamouth,UT,2026-03-27,1000.84,Annual Fund
G204942,CA100453,Brian,Bishop,brian.bishop548@yahoo.com,810-580-4661,Alumni,2009,Low,South Patrickchester,FM,2023-10-22,45.98,Capital Campaign
G204943,CA101627,Melanie,Meza,melanie.meza924@hotmail.com,730-469-5235x786,Alumni,1988,Medium,Christopherhaven,MA,2023-02-10,445.01,Unrestricted
G204944,CA100721,Joy,HOWARD,joy.howard898@yahoo.com,(833)818-5748x17006,Friend,,Principal,West Michaelport,MP,2024-08-19,10732.42,Scholarship Fund
G204945,CA100894,Diane,Dominguez,diane.dominguez539@gmail.com,736.751.1893x9406,Organization,,Low,Hawkinsburgh,AK,2024-11-21,163.44,Capital Campaign
G204946,CA101156,Keith,Floyd,keith.floyd421@yahoo.com,+1-939-365-2138x350,Alumni,2016,Medium,West Mason,MI,2024-09-05,175.39,Athletics
G204947,CA100004,Elizabeth,Miles,elizabeth.miles868@hotmail.com,+1-219-528-3276x4835,Alumni,2018,Low,Port Leslieview,CA,"February 25, 2023",158.67,Unrestricted
G204948,CA100836,Patricia,Knight,patriciaknight269@gmailcom,659-744-6333,Parent,,Medium,East Andrew,OR,2025-07-10,173.01,Endowment
G204949,CA100380,Brooke,Ewing,,,Organization,,Medium,Port Roger,NM,2023-08-12,199.72,Endowment
G204950,CA101790,David,Tate,david.tate126@gmail.com,3296138130,Alumni,2000,Medium,Annburgh,RI,2026-03-13,283.98,Endowment
G204951,CA100987,James,Williams,james.williams874@yahoo.com,730-673-5104,Parent,,Low,Evansfurt,HI,2026-06-22,179.38,Scholarship Fund
G204952,CA101672,Eric,Parker,eric.parker205@gmail.com,,Alumni,2017,Medium,South Heatherview,CT,2022-12-03,720.24,Annual Fund
G204953,CA100793,Dustin,Nelson,dustin.nelson257@yahoo.com,659.583.3991x4038,Parent,,High,Hendersontown,ME,2023-03-15,2286.46,Endowment
G204954,CA100967,Stephanie,Browning,stephanie.browning979_at_gmail.com,001-562-416-5914x3882,Friend,,Low,Denisebury,WY,2025-08-22,133.06,Endowment
G204955,CA100418,Christopher,Carrillo,christopher.carrillo410@gmail.com,560.612.2777x0793,Alumni,1973,Low,Williamstown,CT,2025-04-07,195.58,Unrestricted
G204956,CA100157,Becky,Knight,becky.knight655@yahoo.com,600-417-0127x70632,Parent,,High,Clarencestad,KS,2026-07-03,1503.51,Annual Fund
G204957,CA100068,Morgan,Pugh,morgan.pugh294@yahoo.com,001-304-794-5198x3273,Parent,,High,Dannyview,OK,2026-08-16,766.65,Scholarship Fund
G204958,CA101632,Laurie,Shaffer,laurie.shaffer957@hotmail.com,(262)591-7964x416,Parent,,High,Port Ian,OH,2023-10-14,9322.34,Scholarship Fund
G204959,CA101024,Beth,Anderson,beth.anderson404@yahoo.com,847-624-6301,Alumni,2004,High,West David,IL,2023-06-09,1023.06,Endowment
G204960,CA100502,Sandra,Brown,sandra.brown478@yahoo.com,(568)363-3414x1115,Alumni,2015,Low,Davidmouth,MS,"May 17, 2023",48.65,Endowment
G204961,CA101265,James,Harvey,james.harvey888@gmail.com,(247)811-9360,Friend,,High,New Douglasfort,TN,2026-03-15,2411.11,Scholarship Fund
G204962,CA101003,Wayne,Berry,wayne.berry8@gmail.com,986-488-3906x246,Alumni,1985,Medium,Guzmanland,NE,30-Nov-2025,105.85,Capital Campaign
G204963,CA100851,Kyle,Hunter,kyle.hunter469@gmail.com,728-240-0838,Parent,,Low,Powellmouth,MI,11-Dec-2023,255.53,Athletics
G204964,CA101219,Jessica,Brennan,jessica.brennan520@yahoo.com,2033203197,Organization,,Medium,Port Joshuatown,IL,01/21/2023,652.81,Athletics
G204965,CA101041,Helen,Rush,helen.rush534@gmail.com,795-409-2711,Friend,,High,Millerton,WA,2024-11-20,4296.99,Unrestricted
G204966,CA100537,Lindsey,Mullins,lindsey.mullins505@gmail.com,536.952.7172x722,Alumni,1976,Low,Lake Julian,ME,2025-10-04,103.32,Endowment
G204967,CA100203,Howard,Davis,howard.davis582@gmail.com,001-648-625-1353x4655,Alumni,1995,High,Yorkfort,AR,2025-07-28,1084.92,Unrestricted
G204968,CA101768,Nancy,BARNES,,921-238-0782,Friend,,Low,Butlermouth,UT,"March 10, 2026",164.78,Annual Fund
G204969,CA101263,Brianna,King,brianna.king801@gmail.com,+1-201-222-3414x9929,Friend,,High,Fostermouth,AZ,"May 17, 2023",1021.97,Scholarship Fund
G204970,CA100551,John,Martin,john.martin536@gmail.com,539-604-3830,Faculty/Staff,,Medium,New Annetteshire,WY,2024-07-19,1357.56,
G204971,CA100927,Kyle,Montgomery,kyle.montgomery816@gmail.com,(231)823-4266,Faculty/Staff,,Medium,New Thomasfurt,SC,2024-11-23,479.89,Capital Campaign
G204972,CA100904,Nicholas,Wilson,nicholas.wilson856@hotmail.com,+1-944-342-1829x9874,Parent,,Medium,East Madison,LA,2024-12-25,577.19,Annual Fund
G204973,CA100820,Gloria,Schmitt,gloria.schmitt412@gmail.com,677.430.6260,Alumni,2015,Medium,West Michelle,OR,2024-03-04,355.13,Endowment
G204974,CA100078,Jacob,Jacobs,jacob.jacobs919@hotmail.com,(507)915-1820,Alumni,1988,Low,Warrenburgh,MN,"December 16, 2025",84.27,Annual Fund
G204975,CA100030,Kayla,Shah,kayla.shah670@gmail.com,001-596-670-5466x88937,Alumni,1986,Medium,Tuckerfurt,MA,28-Jun-2024,295.21,Annual Fund
G204976,CA100163,Jason,Livingston,jason.livingston317@yahoo.com,348.566.6188x92414,Alumni,1983,High,New Mark,OR,08/09/2022,10678.69,Athletics
G204977,CA100615,Monique,Moore,monique.moore410@yahoo.com,289-338-9846,Faculty/Staff,,Medium,Gilesview,SD,2024-05-02,588.99,Annual Fund
G204978,CA101215,Brian,Barber,brian.barber889@hotmail.com,001-668-421-2156x49525,Alumni,1980,Low,South Donnaview,AS,2026-03-20,63.15,Athletics
G204979,CA101299,Matthew,Hall,matthew.hall566@hotmail.com,266.791.9489x6298,Alumni,2001,Principal,Fergusontown,CO,2025-07-11,29131.88,Athletics
G204980,CA100068,Morgan,Pugh,morgan.pugh294@yahoo.com,001-304-794-5198x3273,Parent,,High,Dannyview,OK,2023-12-21,2724.12,Endowment
G204981,CA101241,Daniel,Adams,daniel.adams287@hotmail.com,(498)430-5216x9039,Friend,,Medium,East Julieshire,WY,2022-11-12,229.38,Annual Fund
G204982,CA100668,William,Thompson,william.thompson527@hotmail.com,3449851579,Friend,,Medium,North Samanthaburgh,VA,"November 26, 2023",99.52,Unrestricted
G204983,CA100367,Paul,Smith,paul.smith217@yahoo.com,(847)481-3767x426,Alumni,2011,High,East Jaredfort,VI,2025-11-28,2700.46,Athletics
G204984,CA100655,Michele,Haney,michele.haney566_at_gmail.com,461-562-0281,Faculty/Staff,,Low,Kaneville,AZ,2025-03-03,54.76,Unrestricted
G204985,CA100858,Robert,Good,robert.good701@yahoo.com,(614)537-7693x663,Parent,,Low,West Erik,MD,2022-12-07,91.23,Unrestricted
G204986,CA101133,Kathryn,Rodriguez,kathryn.rodriguez66@yahoo.com,988-906-4420x062,Faculty/Staff,,Medium,Sanchezmouth,NC,2023-08-02,344.51,Annual Fund
G204987,CA101042,Michael,Arroyo,michael.arroyo955@yahoo.com,7922300716,Friend,,High,South Jonathanland,FM,2025-03-03,4674.42,Capital Campaign
G204988,CA101576,Wanda,Matthews,wanda.matthews490@yahoo.com,001-238-729-4419x1479,Alumni,2006,Medium,West Scott,OH,2026-07-17,500.4,Scholarship Fund
G204989,CA101765,Tonya,Perry,tonya.perry461@gmail.com,001-559-262-7519x346,Alumni,2015,Medium,East Maryhaven,LA,"June 07, 2023",282.23,Endowment
G204990,CA100145,Deborah,Williams,deborah.williams680@hotmail.com,+1-565-961-0143x88899,Alumni,1990,Medium,Petershire,UT,2025-02-23,568.51,Annual Fund
G204991,CA100784,Karen,Brown,karen.brown400@gmail.com,350.696.1701x5959,Alumni,2015,Medium,Shannonfort,MN,2025-08-30,225.65,Unrestricted
G204992,CA100922,Heather,Wilson,heather.wilson96@gmail.com,(400)930-8356x69106,Alumni,1992,Low,West Shelbyborough,CT,2026-07-12,68.3,Athletics
G204993,CA100080,Holly,Myers,holly.myers293@hotmail.com,,Alumni,2012,Medium,West Angelicamouth,GU,2025-08-29,290.34,Scholarship Fund
G204994,CA101422,Nathan,Armstrong,nathan.armstrong932@hotmail.com,001-408-842-9069x69045,Faculty/Staff,,Low,South Carlton,MS,07/26/2026,127.51,Scholarship Fund
G204995,CA100509,Cynthia,Wallace,cynthia.wallace940@gmail.com,911-617-8309,Faculty/Staff,,Low,Port Brittanyfurt,NJ,2024-04-25,110.11,Endowment
G204996,CA101290,Shannon,MORROW,shannon.morrow216@hotmail.com,8397670243,Friend,,High,Port Kathy,UT,2023-08-30,7087.6,Unrestricted
G204997,CA100179,Meghan,Salinas,meghan.salinas579@yahoo.com,(423)595-5905,Alumni,2013,Low,Weaverburgh,NM,2022-09-19,47.22,Scholarship Fund
G204998,CA101738,Sheila,Carpenter,sheilacarpenter432@gmailcom,(663)556-0777,Alumni,2002,Low,Lake Derrick,MT,2025-05-13,40.43,Athletics
G204999,CA101442,Carol,Sims,carol.sims488@yahoo.com,(793)327-8417x8376,Alumni,1980,Low,Paulahaven,DC,2023-04-21,96.94,Endowment
G205000,CA100007,Shawn,Mckay,shawn.mckay888@hotmail.com,282-781-4893x252,Alumni,1973,Low,Smithstad,FM,2023-05-28,29.12,Annual Fund
